2026-10-06 16:03:37 - INF - Executed DbCommand (15ms) [Parameters=[], CommandType='"Text"', CommandTimeout='30']
SELECT CASE WHEN COUNT(*) = 0 THEN FALSE ELSE TRUE END
FROM information_schema.tables
WHERE table_type = 'BASE TABLE' AND table_schema = 'CommandCenterDb'
2026-10-06 16:03:37 - INF - Executed DbCommand (18ms) [Parameters=[], CommandType='"Text"', CommandTimeout='30']
SELECT `n`.`Id`, `n`.`AlertId`, `n`.`Classification`, `n`.`Content`, `n`.`Lat`, `n`.`Lon`, `n`.`Priority`, `n`.`Source`, `n`.`Status`, `n`.`Timestamp`, `n`.`Title`
FROM `NorthAlerts` AS `n`
WHERE `n`.`Status` = 'WAITING'
LIMIT 1
2026-10-06 16:03:37 - INF - Application started. Press Ctrl+C to shut down.
2026-10-06 16:03:37 - INF - Hosting environment: Production
2026-10-06 16:03:37 - INF - Content root path: C:\Users\Yonil\source\repos\KolAman\TaskManager
2026-10-06 16:04:12 - INF - Executed DbCommand (27ms) [Parameters=[@p0='?' (Size = 4000), @p1='?' (Size = 4000), @p2='?' (Size = 4000), @p3='?' (DbType = Double), @p4='?' (DbType = Double), @p5='?' (Size = 4000), @p6='?' (Size = 4000), @p7='?' (Size = 4000), @p8='?' (Size = 4000), @p9='?' (Size = 4000)], CommandType='"Text"', CommandTimeout='30']
INSERT INTO `NorthAlerts` (`AlertId`, `Classification`, `Content`, `Lat`, `Lon`, `Priority`, `Source`, `Status`, `Timestamp`, `Title`)
VALUES (@p0, @p1, @p2, @p3, @p4, @p5, @p6, @p7, @p8, @p9);
SELECT `Id`
FROM `NorthAlerts`
WHERE ROW_COUNT() = 1 AND `Id` = LAST_INSERT_ID();
2026-10-06 16:04:12 - INF - Executed DbCommand (2ms) [Parameters=[], CommandType='"Text"', CommandTimeout='30']
SELECT `c`.`Id`, `c`.`AlertId`, `c`.`Classification`, `c`.`Content`, `c`.`Lat`, `c`.`Lon`, `c`.`Priority`, `c`.`Source`, `c`.`Status`, `c`.`Timestamp`, `c`.`Title`
FROM `CenterAlerts` AS `c`
WHERE `c`.`Status` = 'WAITING'
LIMIT 1
2026-10-06 16:04:12 - INF - Executed DbCommand (2ms) [Parameters=[@p0='?' (Size = 4000), @p1='?' (Size = 4000), @p2='?' (Size = 4000), @p3='?' (DbType = Double), @p4='?' (DbType = Double), @p5='?' (Size = 4000), @p6='?' (Size = 4000), @p7='?' (Size = 4000), @p8='?' (Size = 4000), @p9='?' (Size = 4000)], CommandType='"Text"', CommandTimeout='30']
INSERT INTO `CenterAlerts` (`AlertId`, `Classification`, `Content`, `Lat`, `Lon`, `Priority`, `Source`, `Status`, `Timestamp`, `Title`)
VALUES (@p0, @p1, @p2, @p3, @p4, @p5, @p6, @p7, @p8, @p9);
SELECT `Id`
FROM `CenterAlerts`
WHERE ROW_COUNT() = 1 AND `Id` = LAST_INSERT_ID();
2026-10-06 16:04:12 - INF - Executed DbCommand (2ms) [Parameters=[], CommandType='"Text"', CommandTimeout='30']
SELECT `s`.`Id`, `s`.`AlertId`, `s`.`Classification`, `s`.`Content`, `s`.`Lat`, `s`.`Lon`, `s`.`Priority`, `s`.`Source`, `s`.`Status`, `s`.`Timestamp`, `s`.`Title`
FROM `SouthAlerts` AS `s`
WHERE `s`.`Status` = 'WAITING'
LIMIT 1
2026-10-06 16:04:21 - INF - Executed DbCommand (2ms) [Parameters=[@p0='?' (Size = 4000), @p1='?' (Size = 4000), @p2='?' (Size = 4000), @p3='?' (DbType = Double), @p4='?' (DbType = Double), @p5='?' (Size = 4000), @p6='?' (Size = 4000), @p7='?' (Size = 4000), @p8='?' (Size = 4000), @p9='?' (Size = 4000)], CommandType='"Text"', CommandTimeout='30']
INSERT INTO `SouthAlerts` (`AlertId`, `Classification`, `Content`, `Lat`, `Lon`, `Priority`, `Source`, `Status`, `Timestamp`, `Title`)
VALUES (@p0, @p1, @p2, @p3, @p4, @p5, @p6, @p7, @p8, @p9);
SELECT `Id`
FROM `SouthAlerts`
WHERE ROW_COUNT() = 1 AND `Id` = LAST_INSERT_ID();
2026-10-06 16:04:21 - INF - Executed DbCommand (1ms) [Parameters=[], CommandType='"Text"', CommandTimeout='30']
SELECT `o`.`Id`, `o`.`AlertId`, `o`.`Classification`, `o`.`Content`, `o`.`Lat`, `o`.`Lon`, `o`.`Priority`, `o`.`Source`, `o`.`Status`, `o`.`Timestamp`, `o`.`Title`
FROM `OverseasAlerts` AS `o`
WHERE `o`.`Status` = 'WAITING'
LIMIT 1
2026-10-06 16:04:56 - INF - Executed DbCommand (4ms) [Parameters=[@p0='?' (Size = 4000), @p1='?' (Size = 4000), @p2='?' (Size = 4000), @p3='?' (DbType = Double), @p4='?' (DbType = Double), @p5='?' (Size = 4000), @p6='?' (Size = 4000), @p7='?' (Size = 4000), @p8='?' (Size = 4000), @p9='?' (Size = 4000)], CommandType='"Text"', CommandTimeout='30']
INSERT INTO `OverseasAlerts` (`AlertId`, `Classification`, `Content`, `Lat`, `Lon`, `Priority`, `Source`, `Status`, `Timestamp`, `Title`)
VALUES (@p0, @p1, @p2, @p3, @p4, @p5, @p6, @p7, @p8, @p9);
SELECT `Id`
FROM `OverseasAlerts`
WHERE ROW_COUNT() = 1 AND `Id` = LAST_INSERT_ID();
2026-10-06 16:04:56 - INF - Executed DbCommand (6ms) [Parameters=[], CommandType='"Text"', CommandTimeout='30']
SELECT `n`.`Id`, `n`.`AlertId`, `n`.`Classification`, `n`.`Content`, `n`.`Lat`, `n`.`Lon`, `n`.`Priority`, `n`.`Source`, `n`.`Status`, `n`.`Timestamp`, `n`.`Title`
FROM `NorthAlerts` AS `n`
WHERE `n`.`Status` = 'WAITING'
LIMIT 1
2026-10-06 16:05:31 - INF - Executed DbCommand (1ms) [Parameters=[@p0='?' (Size = 4000), @p1='?' (Size = 4000), @p2='?' (Size = 4000), @p3='?' (DbType = Double), @p4='?' (DbType = Double), @p5='?' (Size = 4000), @p6='?' (Size = 4000), @p7='?' (Size = 4000), @p8='?' (Size = 4000), @p9='?' (Size = 4000)], CommandType='"Text"', CommandTimeout='30']
INSERT INTO `NorthAlerts` (`AlertId`, `Classification`, `Content`, `Lat`, `Lon`, `Priority`, `Source`, `Status`, `Timestamp`, `Title`)
VALUES (@p0, @p1, @p2, @p3, @p4, @p5, @p6, @p7, @p8, @p9);
SELECT `Id`
FROM `NorthAlerts`
WHERE ROW_COUNT() = 1 AND `Id` = LAST_INSERT_ID();
2026-10-06 16:05:31 - INF - Executed DbCommand (1ms) [Parameters=[], CommandType='"Text"', CommandTimeout='30']
SELECT `c`.`Id`, `c`.`AlertId`, `c`.`Classification`, `c`.`Content`, `c`.`Lat`, `c`.`Lon`, `c`.`Priority`, `c`.`Source`, `c`.`Status`, `c`.`Timestamp`, `c`.`Title`
FROM `CenterAlerts` AS `c`
WHERE `c`.`Status` = 'WAITING'
LIMIT 1
2026-10-06 16:05:31 - INF - Executed DbCommand (1ms) [Parameters=[@p0='?' (Size = 4000), @p1='?' (Size = 4000), @p2='?' (Size = 4000), @p3='?' (DbType = Double), @p4='?' (DbType = Double), @p5='?' (Size = 4000), @p6='?' (Size = 4000), @p7='?' (Size = 4000), @p8='?' (Size = 4000), @p9='?' (Size = 4000)], CommandType='"Text"', CommandTimeout='30']
INSERT INTO `CenterAlerts` (`AlertId`, `Classification`, `Content`, `Lat`, `Lon`, `Priority`, `Source`, `Status`, `Timestamp`, `Title`)
VALUES (@p0, @p1, @p2, @p3, @p4, @p5, @p6, @p7, @p8, @p9);
SELECT `Id`
FROM `CenterAlerts`
WHERE ROW_COUNT() = 1 AND `Id` = LAST_INSERT_ID();
2026-10-06 16:05:31 - INF - Executed DbCommand (1ms) [Parameters=[], CommandType='"Text"', CommandTimeout='30']
SELECT `s`.`Id`, `s`.`AlertId`, `s`.`Classification`, `s`.`Content`, `s`.`Lat`, `s`.`Lon`, `s`.`Priority`, `s`.`Source`, `s`.`Status`, `s`.`Timestamp`, `s`.`Title`
FROM `SouthAlerts` AS `s`
WHERE `s`.`Status` = 'WAITING'
LIMIT 1
2026-10-06 16:05:39 - INF - Executed DbCommand (2ms) [Parameters=[@p0='?' (Size = 4000), @p1='?' (Size = 4000), @p2='?' (Size = 4000), @p3='?' (DbType = Double), @p4='?' (DbType = Double), @p5='?' (Size = 4000), @p6='?' (Size = 4000), @p7='?' (Size = 4000), @p8='?' (Size = 4000), @p9='?' (Size = 4000)], CommandType='"Text"', CommandTimeout='30']
INSERT INTO `SouthAlerts` (`AlertId`, `Classification`, `Content`, `Lat`, `Lon`, `Priority`, `Source`, `Status`, `Timestamp`, `Title`)
VALUES (@p0, @p1, @p2, @p3, @p4, @p5, @p6, @p7, @p8, @p9);
SELECT `Id`
FROM `SouthAlerts`
WHERE ROW_COUNT() = 1 AND `Id` = LAST_INSERT_ID();
2026-10-06 16:05:39 - INF - Executed DbCommand (2ms) [Parameters=[], CommandType='"Text"', CommandTimeout='30']
SELECT `o`.`Id`, `o`.`AlertId`, `o`.`Classification`, `o`.`Content`, `o`.`Lat`, `o`.`Lon`, `o`.`Priority`, `o`.`Source`, `o`.`Status`, `o`.`Timestamp`, `o`.`Title`
FROM `OverseasAlerts` AS `o`
WHERE `o`.`Status` = 'WAITING'
LIMIT 1
2026-10-06 16:06:09 - INF - Application is shutting down...
2026-10-06 16:06:14 - INF - Executed DbCommand (1ms) [Parameters=[@p0='?' (Size = 4000), @p1='?' (Size = 4000), @p2='?' (Size = 4000), @p3='?' (DbType = Double), @p4='?' (DbType = Double), @p5='?' (Size = 4000), @p6='?' (Size = 4000), @p7='?' (Size = 4000), @p8='?' (Size = 4000), @p9='?' (Size = 4000)], CommandType='"Text"', CommandTimeout='30']
INSERT INTO `OverseasAlerts` (`AlertId`, `Classification`, `Content`, `Lat`, `Lon`, `Priority`, `Source`, `Status`, `Timestamp`, `Title`)
VALUES (@p0, @p1, @p2, @p3, @p4, @p5, @p6, @p7, @p8, @p9);
SELECT `Id`
FROM `OverseasAlerts`
WHERE ROW_COUNT() = 1 AND `Id` = LAST_INSERT_ID();
2026-10-06 16:06:14 - INF - Executed DbCommand (1ms) [Parameters=[], CommandType='"Text"', CommandTimeout='30']
SELECT `n`.`Id`, `n`.`AlertId`, `n`.`Classification`, `n`.`Content`, `n`.`Lat`, `n`.`Lon`, `n`.`Priority`, `n`.`Source`, `n`.`Status`, `n`.`Timestamp`, `n`.`Title`
FROM `NorthAlerts` AS `n`
WHERE `n`.`Status` = 'WAITING'
LIMIT 1
2026-10-06 16:08:47 - INF - Executed DbCommand (18ms) [Parameters=[], CommandType='"Text"', CommandTimeout='30']
SELECT CASE WHEN COUNT(*) = 0 THEN FALSE ELSE TRUE END
FROM information_schema.tables
WHERE table_type = 'BASE TABLE' AND table_schema = 'CommandCenterDb'
2026-10-06 16:08:47 - INF - Executed DbCommand (17ms) [Parameters=[], CommandType='"Text"', CommandTimeout='30']
SELECT `n`.`Id`, `n`.`AlertId`, `n`.`Classification`, `n`.`Content`, `n`.`Lat`, `n`.`Lon`, `n`.`Priority`, `n`.`Source`, `n`.`Status`, `n`.`Timestamp`, `n`.`Title`
FROM `NorthAlerts` AS `n`
WHERE `n`.`Status` = 'WAITING'
LIMIT 1
2026-10-06 16:08:47 - INF - Application started. Press Ctrl+C to shut down.
2026-10-06 16:08:47 - INF - Hosting environment: Production
2026-10-06 16:08:47 - INF - Content root path: C:\Users\Yonil\source\repos\KolAman\TaskManager
2026-10-06 16:09:23 - INF - Executed DbCommand (34ms) [Parameters=[@p0='?' (Size = 4000), @p1='?' (Size = 4000), @p2='?' (Size = 4000), @p3='?' (DbType = Double), @p4='?' (DbType = Double), @p5='?' (Size = 4000), @p6='?' (Size = 4000), @p7='?' (Size = 4000), @p8='?' (Size = 4000), @p9='?' (Size = 4000)], CommandType='"Text"', CommandTimeout='30']
INSERT INTO `NorthAlerts` (`AlertId`, `Classification`, `Content`, `Lat`, `Lon`, `Priority`, `Source`, `Status`, `Timestamp`, `Title`)
VALUES (@p0, @p1, @p2, @p3, @p4, @p5, @p6, @p7, @p8, @p9);
SELECT `Id`
FROM `NorthAlerts`
WHERE ROW_COUNT() = 1 AND `Id` = LAST_INSERT_ID();
2026-10-06 16:09:23 - INF - Executed DbCommand (1ms) [Parameters=[], CommandType='"Text"', CommandTimeout='30']
SELECT `c`.`Id`, `c`.`AlertId`, `c`.`Classification`, `c`.`Content`, `c`.`Lat`, `c`.`Lon`, `c`.`Priority`, `c`.`Source`, `c`.`Status`, `c`.`Timestamp`, `c`.`Title`
FROM `CenterAlerts` AS `c`
WHERE `c`.`Status` = 'WAITING'
LIMIT 1
2026-10-06 16:09:23 - INF - Executed DbCommand (2ms) [Parameters=[@p0='?' (Size = 4000), @p1='?' (Size = 4000), @p2='?' (Size = 4000), @p3='?' (DbType = Double), @p4='?' (DbType = Double), @p5='?' (Size = 4000), @p6='?' (Size = 4000), @p7='?' (Size = 4000), @p8='?' (Size = 4000), @p9='?' (Size = 4000)], CommandType='"Text"', CommandTimeout='30']
INSERT INTO `CenterAlerts` (`AlertId`, `Classification`, `Content`, `Lat`, `Lon`, `Priority`, `Source`, `Status`, `Timestamp`, `Title`)
VALUES (@p0, @p1, @p2, @p3, @p4, @p5, @p6, @p7, @p8, @p9);
SELECT `Id`
FROM `CenterAlerts`
WHERE ROW_COUNT() = 1 AND `Id` = LAST_INSERT_ID();
2026-10-06 16:09:23 - INF - Executed DbCommand (1ms) [Parameters=[], CommandType='"Text"', CommandTimeout='30']
SELECT `s`.`Id`, `s`.`AlertId`, `s`.`Classification`, `s`.`Content`, `s`.`Lat`, `s`.`Lon`, `s`.`Priority`, `s`.`Source`, `s`.`Status`, `s`.`Timestamp`, `s`.`Title`
FROM `SouthAlerts` AS `s`
WHERE `s`.`Status` = 'WAITING'
LIMIT 1
2026-10-06 16:09:31 - INF - Executed DbCommand (2ms) [Parameters=[@p0='?' (Size = 4000), @p1='?' (Size = 4000), @p2='?' (Size = 4000), @p3='?' (DbType = Double), @p4='?' (DbType = Double), @p5='?' (Size = 4000), @p6='?' (Size = 4000), @p7='?' (Size = 4000), @p8='?' (Size = 4000), @p9='?' (Size = 4000)], CommandType='"Text"', CommandTimeout='30']
INSERT INTO `SouthAlerts` (`AlertId`, `Classification`, `Content`, `Lat`, `Lon`, `Priority`, `Source`, `Status`, `Timestamp`, `Title`)
VALUES (@p0, @p1, @p2, @p3, @p4, @p5, @p6, @p7, @p8, @p9);
SELECT `Id`
FROM `SouthAlerts`
WHERE ROW_COUNT() = 1 AND `Id` = LAST_INSERT_ID();
2026-10-06 16:09:31 - INF - Executed DbCommand (3ms) [Parameters=[], CommandType='"Text"', CommandTimeout='30']
SELECT `o`.`Id`, `o`.`AlertId`, `o`.`Classification`, `o`.`Content`, `o`.`Lat`, `o`.`Lon`, `o`.`Priority`, `o`.`Source`, `o`.`Status`, `o`.`Timestamp`, `o`.`Title`
FROM `OverseasAlerts` AS `o`
WHERE `o`.`Status` = 'WAITING'
LIMIT 1
2026-10-06 16:10:06 - INF - Executed DbCommand (2ms) [Parameters=[@p0='?' (Size = 4000), @p1='?' (Size = 4000), @p2='?' (Size = 4000), @p3='?' (DbType = Double), @p4='?' (DbType = Double), @p5='?' (Size = 4000), @p6='?' (Size = 4000), @p7='?' (Size = 4000), @p8='?' (Size = 4000), @p9='?' (Size = 4000)], CommandType='"Text"', CommandTimeout='30']
INSERT INTO `OverseasAlerts` (`AlertId`, `Classification`, `Content`, `Lat`, `Lon`, `Priority`, `Source`, `Status`, `Timestamp`, `Title`)
VALUES (@p0, @p1, @p2, @p3, @p4, @p5, @p6, @p7, @p8, @p9);
SELECT `Id`
FROM `OverseasAlerts`
WHERE ROW_COUNT() = 1 AND `Id` = LAST_INSERT_ID();
2026-10-06 16:10:06 - INF - Executed DbCommand (1ms) [Parameters=[], CommandType='"Text"', CommandTimeout='30']
SELECT `n`.`Id`, `n`.`AlertId`, `n`.`Classification`, `n`.`Content`, `n`.`Lat`, `n`.`Lon`, `n`.`Priority`, `n`.`Source`, `n`.`Status`, `n`.`Timestamp`, `n`.`Title`
FROM `NorthAlerts` AS `n`
WHERE `n`.`Status` = 'WAITING'
LIMIT 1
2026-10-06 16:10:41 - INF - Executed DbCommand (1ms) [Parameters=[@p0='?' (Size = 4000), @p1='?' (Size = 4000), @p2='?' (Size = 4000), @p3='?' (DbType = Double), @p4='?' (DbType = Double), @p5='?' (Size = 4000), @p6='?' (Size = 4000), @p7='?' (Size = 4000), @p8='?' (Size = 4000), @p9='?' (Size = 4000)], CommandType='"Text"', CommandTimeout='30']
INSERT INTO `NorthAlerts` (`AlertId`, `Classification`, `Content`, `Lat`, `Lon`, `Priority`, `Source`, `Status`, `Timestamp`, `Title`)
VALUES (@p0, @p1, @p2, @p3, @p4, @p5, @p6, @p7, @p8, @p9);
SELECT `Id`
FROM `NorthAlerts`
WHERE ROW_COUNT() = 1 AND `Id` = LAST_INSERT_ID();
2026-10-06 16:10:41 - INF - Executed DbCommand (1ms) [Parameters=[], CommandType='"Text"', CommandTimeout='30']
SELECT `c`.`Id`, `c`.`AlertId`, `c`.`Classification`, `c`.`Content`, `c`.`Lat`, `c`.`Lon`, `c`.`Priority`, `c`.`Source`, `c`.`Status`, `c`.`Timestamp`, `c`.`Title`
FROM `CenterAlerts` AS `c`
WHERE `c`.`Status` = 'WAITING'
LIMIT 1
2026-10-06 16:10:41 - INF - Executed DbCommand (3ms) [Parameters=[@p0='?' (Size = 4000), @p1='?' (Size = 4000), @p2='?' (Size = 4000), @p3='?' (DbType = Double), @p4='?' (DbType = Double), @p5='?' (Size = 4000), @p6='?' (Size = 4000), @p7='?' (Size = 4000), @p8='?' (Size = 4000), @p9='?' (Size = 4000)], CommandType='"Text"', CommandTimeout='30']
INSERT INTO `CenterAlerts` (`AlertId`, `Classification`, `Content`, `Lat`, `Lon`, `Priority`, `Source`, `Status`, `Timestamp`, `Title`)
VALUES (@p0, @p1, @p2, @p3, @p4, @p5, @p6, @p7, @p8, @p9);
SELECT `Id`
FROM `CenterAlerts`
WHERE ROW_COUNT() = 1 AND `Id` = LAST_INSERT_ID();
2026-10-06 16:10:41 - INF - Executed DbCommand (1ms) [Parameters=[], CommandType='"Text"', CommandTimeout='30']
SELECT `s`.`Id`, `s`.`AlertId`, `s`.`Classification`, `s`.`Content`, `s`.`Lat`, `s`.`Lon`, `s`.`Priority`, `s`.`Source`, `s`.`Status`, `s`.`Timestamp`, `s`.`Title`
FROM `SouthAlerts` AS `s`
WHERE `s`.`Status` = 'WAITING'
LIMIT 1
2026-10-06 16:10:49 - INF - Executed DbCommand (2ms) [Parameters=[@p0='?' (Size = 4000), @p1='?' (Size = 4000), @p2='?' (Size = 4000), @p3='?' (DbType = Double), @p4='?' (DbType = Double), @p5='?' (Size = 4000), @p6='?' (Size = 4000), @p7='?' (Size = 4000), @p8='?' (Size = 4000), @p9='?' (Size = 4000)], CommandType='"Text"', CommandTimeout='30']
INSERT INTO `SouthAlerts` (`AlertId`, `Classification`, `Content`, `Lat`, `Lon`, `Priority`, `Source`, `Status`, `Timestamp`, `Title`)
VALUES (@p0, @p1, @p2, @p3, @p4, @p5, @p6, @p7, @p8, @p9);
SELECT `Id`
FROM `SouthAlerts`
WHERE ROW_COUNT() = 1 AND `Id` = LAST_INSERT_ID();
2026-10-06 16:10:49 - INF - Executed DbCommand (1ms) [Parameters=[], CommandType='"Text"', CommandTimeout='30']
SELECT `o`.`Id`, `o`.`AlertId`, `o`.`Classification`, `o`.`Content`, `o`.`Lat`, `o`.`Lon`, `o`.`Priority`, `o`.`Source`, `o`.`Status`, `o`.`Timestamp`, `o`.`Title`
FROM `OverseasAlerts` AS `o`
WHERE `o`.`Status` = 'WAITING'
LIMIT 1
2026-10-06 16:11:24 - INF - Executed DbCommand (2ms) [Parameters=[@p0='?' (Size = 4000), @p1='?' (Size = 4000), @p2='?' (Size = 4000), @p3='?' (DbType = Double), @p4='?' (DbType = Double), @p5='?' (Size = 4000), @p6='?' (Size = 4000), @p7='?' (Size = 4000), @p8='?' (Size = 4000), @p9='?' (Size = 4000)], CommandType='"Text"', CommandTimeout='30']
INSERT INTO `OverseasAlerts` (`AlertId`, `Classification`, `Content`, `Lat`, `Lon`, `Priority`, `Source`, `Status`, `Timestamp`, `Title`)
VALUES (@p0, @p1, @p2, @p3, @p4, @p5, @p6, @p7, @p8, @p9);
SELECT `Id`
FROM `OverseasAlerts`
WHERE ROW_COUNT() = 1 AND `Id` = LAST_INSERT_ID();
2026-10-06 16:11:24 - INF - Executed DbCommand (2ms) [Parameters=[], CommandType='"Text"', CommandTimeout='30']
SELECT `n`.`Id`, `n`.`AlertId`, `n`.`Classification`, `n`.`Content`, `n`.`Lat`, `n`.`Lon`, `n`.`Priority`, `n`.`Source`, `n`.`Status`, `n`.`Timestamp`, `n`.`Title`
FROM `NorthAlerts` AS `n`
WHERE `n`.`Status` = 'WAITING'
LIMIT 1
2026-10-06 16:11:59 - INF - Executed DbCommand (3ms) [Parameters=[@p0='?' (Size = 4000), @p1='?' (Size = 4000), @p2='?' (Size = 4000), @p3='?' (DbType = Double), @p4='?' (DbType = Double), @p5='?' (Size = 4000), @p6='?' (Size = 4000), @p7='?' (Size = 4000), @p8='?' (Size = 4000), @p9='?' (Size = 4000)], CommandType='"Text"', CommandTimeout='30']
INSERT INTO `NorthAlerts` (`AlertId`, `Classification`, `Content`, `Lat`, `Lon`, `Priority`, `Source`, `Status`, `Timestamp`, `Title`)
VALUES (@p0, @p1, @p2, @p3, @p4, @p5, @p6, @p7, @p8, @p9);
SELECT `Id`
FROM `NorthAlerts`
WHERE ROW_COUNT() = 1 AND `Id` = LAST_INSERT_ID();
2026-10-06 16:11:59 - INF - Executed DbCommand (1ms) [Parameters=[], CommandType='"Text"', CommandTimeout='30']
SELECT `c`.`Id`, `c`.`AlertId`, `c`.`Classification`, `c`.`Content`, `c`.`Lat`, `c`.`Lon`, `c`.`Priority`, `c`.`Source`, `c`.`Status`, `c`.`Timestamp`, `c`.`Title`
FROM `CenterAlerts` AS `c`
WHERE `c`.`Status` = 'WAITING'
LIMIT 1
2026-10-06 16:11:59 - INF - Executed DbCommand (2ms) [Parameters=[@p0='?' (Size = 4000), @p1='?' (Size = 4000), @p2='?' (Size = 4000), @p3='?' (DbType = Double), @p4='?' (DbType = Double), @p5='?' (Size = 4000), @p6='?' (Size = 4000), @p7='?' (Size = 4000), @p8='?' (Size = 4000), @p9='?' (Size = 4000)], CommandType='"Text"', CommandTimeout='30']
INSERT INTO `CenterAlerts` (`AlertId`, `Classification`, `Content`, `Lat`, `Lon`, `Priority`, `Source`, `Status`, `Timestamp`, `Title`)
VALUES (@p0, @p1, @p2, @p3, @p4, @p5, @p6, @p7, @p8, @p9);
SELECT `Id`
FROM `CenterAlerts`
WHERE ROW_COUNT() = 1 AND `Id` = LAST_INSERT_ID();
2026-10-06 16:11:59 - INF - Executed DbCommand (1ms) [Parameters=[], CommandType='"Text"', CommandTimeout='30']
SELECT `s`.`Id`, `s`.`AlertId`, `s`.`Classification`, `s`.`Content`, `s`.`Lat`, `s`.`Lon`, `s`.`Priority`, `s`.`Source`, `s`.`Status`, `s`.`Timestamp`, `s`.`Title`
FROM `SouthAlerts` AS `s`
WHERE `s`.`Status` = 'WAITING'
LIMIT 1
2026-10-06 16:12:02 - INF - Application is shutting down...
2026-10-06 16:12:07 - INF - Executed DbCommand (1ms) [Parameters=[@p0='?' (Size = 4000), @p1='?' (Size = 4000), @p2='?' (Size = 4000), @p3='?' (DbType = Double), @p4='?' (DbType = Double), @p5='?' (Size = 4000), @p6='?' (Size = 4000), @p7='?' (Size = 4000), @p8='?' (Size = 4000), @p9='?' (Size = 4000)], CommandType='"Text"', CommandTimeout='30']
INSERT INTO `SouthAlerts` (`AlertId`, `Classification`, `Content`, `Lat`, `Lon`, `Priority`, `Source`, `Status`, `Timestamp`, `Title`)
VALUES (@p0, @p1, @p2, @p3, @p4, @p5, @p6, @p7, @p8, @p9);
SELECT `Id`
FROM `SouthAlerts`
WHERE ROW_COUNT() = 1 AND `Id` = LAST_INSERT_ID();
2026-10-06 16:12:07 - INF - Executed DbCommand (1ms) [Parameters=[], CommandType='"Text"', CommandTimeout='30']
SELECT `o`.`Id`, `o`.`AlertId`, `o`.`Classification`, `o`.`Content`, `o`.`Lat`, `o`.`Lon`, `o`.`Priority`, `o`.`Source`, `o`.`Status`, `o`.`Timestamp`, `o`.`Title`
FROM `OverseasAlerts` AS `o`
WHERE `o`.`Status` = 'WAITING'
LIMIT 1
2026-10-06 16:25:20 - INF - Executed DbCommand (85ms) [Parameters=[], CommandType='"Text"', CommandTimeout='30']
SELECT CASE WHEN COUNT(*) = 0 THEN FALSE ELSE TRUE END
FROM information_schema.tables
WHERE table_type = 'BASE TABLE' AND table_schema = 'CommandCenterDb'
2026-10-06 16:25:21 - INF - Executed DbCommand (14ms) [Parameters=[], CommandType='"Text"', CommandTimeout='30']
SELECT `n`.`Id`, `n`.`AlertId`, `n`.`Classification`, `n`.`Content`, `n`.`Lat`, `n`.`Lon`, `n`.`Priority`, `n`.`Source`, `n`.`Status`, `n`.`Timestamp`, `n`.`Title`
FROM `NorthAlerts` AS `n`
WHERE `n`.`Status` = 'WAITING'
LIMIT 1
2026-10-06 16:25:21 - INF - Application started. Press Ctrl+C to shut down.
2026-10-06 16:25:21 - INF - Hosting environment: Production
2026-10-06 16:25:21 - INF - Content root path: C:\Users\Yonil\source\repos\KolAman\TaskManager
2026-10-06 16:25:28 - INF - Executed DbCommand (37ms) [Parameters=[@p0='?' (Size = 4000), @p1='?' (Size = 4000), @p2='?' (Size = 4000), @p3='?' (DbType = Double), @p4='?' (DbType = Double), @p5='?' (Size = 4000), @p6='?' (Size = 4000), @p7='?' (Size = 4000), @p8='?' (Size = 4000), @p9='?' (Size = 4000)], CommandType='"Text"', CommandTimeout='30']
INSERT INTO `NorthAlerts` (`AlertId`, `Classification`, `Content`, `Lat`, `Lon`, `Priority`, `Source`, `Status`, `Timestamp`, `Title`)
VALUES (@p0, @p1, @p2, @p3, @p4, @p5, @p6, @p7, @p8, @p9);
SELECT `Id`
FROM `NorthAlerts`
WHERE ROW_COUNT() = 1 AND `Id` = LAST_INSERT_ID();
2026-10-06 16:25:28 - INF - Executed DbCommand (2ms) [Parameters=[], CommandType='"Text"', CommandTimeout='30']
SELECT `c`.`Id`, `c`.`AlertId`, `c`.`Classification`, `c`.`Content`, `c`.`Lat`, `c`.`Lon`, `c`.`Priority`, `c`.`Source`, `c`.`Status`, `c`.`Timestamp`, `c`.`Title`
FROM `CenterAlerts` AS `c`
WHERE `c`.`Status` = 'WAITING'
LIMIT 1
2026-10-06 16:25:28 - INF - Executed DbCommand (10ms) [Parameters=[@p0='?' (Size = 4000), @p1='?' (Size = 4000), @p2='?' (Size = 4000), @p3='?' (DbType = Double), @p4='?' (DbType = Double), @p5='?' (Size = 4000), @p6='?' (Size = 4000), @p7='?' (Size = 4000), @p8='?' (Size = 4000), @p9='?' (Size = 4000)], CommandType='"Text"', CommandTimeout='30']
INSERT INTO `CenterAlerts` (`AlertId`, `Classification`, `Content`, `Lat`, `Lon`, `Priority`, `Source`, `Status`, `Timestamp`, `Title`)
VALUES (@p0, @p1, @p2, @p3, @p4, @p5, @p6, @p7, @p8, @p9);
SELECT `Id`
FROM `CenterAlerts`
WHERE ROW_COUNT() = 1 AND `Id` = LAST_INSERT_ID();
2026-10-06 16:25:28 - INF - Executed DbCommand (2ms) [Parameters=[], CommandType='"Text"', CommandTimeout='30']
SELECT `s`.`Id`, `s`.`AlertId`, `s`.`Classification`, `s`.`Content`, `s`.`Lat`, `s`.`Lon`, `s`.`Priority`, `s`.`Source`, `s`.`Status`, `s`.`Timestamp`, `s`.`Title`
FROM `SouthAlerts` AS `s`
WHERE `s`.`Status` = 'WAITING'
LIMIT 1
2026-10-06 16:25:30 - INF - Executed DbCommand (2ms) [Parameters=[@p0='?' (Size = 4000), @p1='?' (Size = 4000), @p2='?' (Size = 4000), @p3='?' (DbType = Double), @p4='?' (DbType = Double), @p5='?' (Size = 4000), @p6='?' (Size = 4000), @p7='?' (Size = 4000), @p8='?' (Size = 4000), @p9='?' (Size = 4000)], CommandType='"Text"', CommandTimeout='30']
INSERT INTO `SouthAlerts` (`AlertId`, `Classification`, `Content`, `Lat`, `Lon`, `Priority`, `Source`, `Status`, `Timestamp`, `Title`)
VALUES (@p0, @p1, @p2, @p3, @p4, @p5, @p6, @p7, @p8, @p9);
SELECT `Id`
FROM `SouthAlerts`
WHERE ROW_COUNT() = 1 AND `Id` = LAST_INSERT_ID();
2026-10-06 16:25:30 - INF - Executed DbCommand (2ms) [Parameters=[], CommandType='"Text"', CommandTimeout='30']
SELECT `o`.`Id`, `o`.`AlertId`, `o`.`Classification`, `o`.`Content`, `o`.`Lat`, `o`.`Lon`, `o`.`Priority`, `o`.`Source`, `o`.`Status`, `o`.`Timestamp`, `o`.`Title`
FROM `OverseasAlerts` AS `o`
WHERE `o`.`Status` = 'WAITING'
LIMIT 1
2026-10-06 16:25:37 - INF - Application is shutting down...
2026-10-06 16:25:37 - INF - Executed DbCommand (2ms) [Parameters=[@p0='?' (Size = 4000), @p1='?' (Size = 4000), @p2='?' (Size = 4000), @p3='?' (DbType = Double), @p4='?' (DbType = Double), @p5='?' (Size = 4000), @p6='?' (Size = 4000), @p7='?' (Size = 4000), @p8='?' (Size = 4000), @p9='?' (Size = 4000)], CommandType='"Text"', CommandTimeout='30']
INSERT INTO `OverseasAlerts` (`AlertId`, `Classification`, `Content`, `Lat`, `Lon`, `Priority`, `Source`, `Status`, `Timestamp`, `Title`)
VALUES (@p0, @p1, @p2, @p3, @p4, @p5, @p6, @p7, @p8, @p9);
SELECT `Id`
FROM `OverseasAlerts`
WHERE ROW_COUNT() = 1 AND `Id` = LAST_INSERT_ID();
2026-10-06 16:25:37 - INF - Executed DbCommand (1ms) [Parameters=[], CommandType='"Text"', CommandTimeout='30']
SELECT `n`.`Id`, `n`.`AlertId`, `n`.`Classification`, `n`.`Content`, `n`.`Lat`, `n`.`Lon`, `n`.`Priority`, `n`.`Source`, `n`.`Status`, `n`.`Timestamp`, `n`.`Title`
FROM `NorthAlerts` AS `n`
WHERE `n`.`Status` = 'WAITING'
LIMIT 1
2026-10-06 16:25:44 - INF - Executed DbCommand (2ms) [Parameters=[@p0='?' (Size = 4000), @p1='?' (Size = 4000), @p2='?' (Size = 4000), @p3='?' (DbType = Double), @p4='?' (DbType = Double), @p5='?' (Size = 4000), @p6='?' (Size = 4000), @p7='?' (Size = 4000), @p8='?' (Size = 4000), @p9='?' (Size = 4000)], CommandType='"Text"', CommandTimeout='30']
INSERT INTO `NorthAlerts` (`AlertId`, `Classification`, `Content`, `Lat`, `Lon`, `Priority`, `Source`, `Status`, `Timestamp`, `Title`)
VALUES (@p0, @p1, @p2, @p3, @p4, @p5, @p6, @p7, @p8, @p9);
SELECT `Id`
FROM `NorthAlerts`
WHERE ROW_COUNT() = 1 AND `Id` = LAST_INSERT_ID();
2026-10-06 16:25:44 - INF - Executed DbCommand (1ms) [Parameters=[], CommandType='"Text"', CommandTimeout='30']
SELECT `c`.`Id`, `c`.`AlertId`, `c`.`Classification`, `c`.`Content`, `c`.`Lat`, `c`.`Lon`, `c`.`Priority`, `c`.`Source`, `c`.`Status`, `c`.`Timestamp`, `c`.`Title`
FROM `CenterAlerts` AS `c`
WHERE `c`.`Status` = 'WAITING'
LIMIT 1
2026-10-06 16:25:44 - INF - Executed DbCommand (2ms) [Parameters=[@p0='?' (Size = 4000), @p1='?' (Size = 4000), @p2='?' (Size = 4000), @p3='?' (DbType = Double), @p4='?' (DbType = Double), @p5='?' (Size = 4000), @p6='?' (Size = 4000), @p7='?' (Size = 4000), @p8='?' (Size = 4000), @p9='?' (Size = 4000)], CommandType='"Text"', CommandTimeout='30']
INSERT INTO `CenterAlerts` (`AlertId`, `Classification`, `Content`, `Lat`, `Lon`, `Priority`, `Source`, `Status`, `Timestamp`, `Title`)
VALUES (@p0, @p1, @p2, @p3, @p4, @p5, @p6, @p7, @p8, @p9);
SELECT `Id`
FROM `CenterAlerts`
WHERE ROW_COUNT() = 1 AND `Id` = LAST_INSERT_ID();
2026-10-06 16:25:44 - INF - Executed DbCommand (2ms) [Parameters=[], CommandType='"Text"', CommandTimeout='30']
SELECT `s`.`Id`, `s`.`AlertId`, `s`.`Classification`, `s`.`Content`, `s`.`Lat`, `s`.`Lon`, `s`.`Priority`, `s`.`Source`, `s`.`Status`, `s`.`Timestamp`, `s`.`Title`
FROM `SouthAlerts` AS `s`
WHERE `s`.`Status` = 'WAITING'
LIMIT 1
2026-10-06 16:25:46 - ERR - An error occurred using the connection to database 'CommandCenterDb' on server 'localhost'.
2026-10-06 16:25:46 - ERR - An exception occurred in the database while saving changes for context type 'TaskManager.Data.TaskManegerDbContext'.
System.InvalidOperationException: An exception has been raised that is likely due to a transient failure. Consider enabling transient error resiliency by adding 'EnableRetryOnFailure()' to the 'UseMySql' call.
 ---> MySqlConnector.MySqlException (0x80004005): Couldn't connect to server
 ---> MySqlConnector.MySqlEndOfStreamException: An incomplete response was received from the server
   at MySqlConnector.Protocol.Serialization.ProtocolUtility.ReadPayloadAsync(BufferedByteReader bufferedByteReader, IByteHandler byteHandler, Func`1 getNextSequenceNumber, ArraySegmentHolder`1 previousPayloads, ProtocolErrorBehavior protocolErrorBehavior, IOBehavior ioBehavior) in /_/src/MySqlConnector/Protocol/Serialization/ProtocolUtility.cs:line 424
   at MySqlConnector.Core.ServerSession.ReceiveReplyAsync(IOBehavior ioBehavior, CancellationToken cancellationToken) in /_/src/MySqlConnector/Core/ServerSession.cs:line 882
   at MySqlConnector.Core.ServerSession.ConnectAsync(ConnectionSettings cs, MySqlConnection connection, Int64 startingTimestamp, ILoadBalancer loadBalancer, Activity activity, IOBehavior ioBehavior, CancellationToken cancellationToken) in /_/src/MySqlConnector/Core/ServerSession.cs:line 445
   at MySqlConnector.Core.ServerSession.ConnectAsync(ConnectionSettings cs, MySqlConnection connection, Int64 startingTimestamp, ILoadBalancer loadBalancer, Activity activity, IOBehavior ioBehavior, CancellationToken cancellationToken) in /_/src/MySqlConnector/Core/ServerSession.cs:line 564
   at MySqlConnector.Core.ConnectionPool.ConnectSessionAsync(MySqlConnection connection, Action`4 logMessage, Int64 startingTimestamp, Activity activity, IOBehavior ioBehavior, CancellationToken cancellationToken) in /_/src/MySqlConnector/Core/ConnectionPool.cs:line 428
   at MySqlConnector.Core.ConnectionPool.ConnectSessionAsync(MySqlConnection connection, Action`4 logMessage, Int64 startingTimestamp, Activity activity, IOBehavior ioBehavior, CancellationToken cancellationToken) in /_/src/MySqlConnector/Core/ConnectionPool.cs:line 433
   at MySqlConnector.Core.ConnectionPool.GetSessionAsync(MySqlConnection connection, Int64 startingTimestamp, Int32 timeoutMilliseconds, Activity activity, IOBehavior ioBehavior, CancellationToken cancellationToken) in /_/src/MySqlConnector/Core/ConnectionPool.cs:line 111
   at MySqlConnector.Core.ConnectionPool.GetSessionAsync(MySqlConnection connection, Int64 startingTimestamp, Int32 timeoutMilliseconds, Activity activity, IOBehavior ioBehavior, CancellationToken cancellationToken) in /_/src/MySqlConnector/Core/ConnectionPool.cs:line 144
   at MySqlConnector.MySqlConnection.CreateSessionAsync(ConnectionPool pool, Int64 startingTimestamp, Activity activity, Nullable`1 ioBehavior, CancellationToken cancellationToken) in /_/src/MySqlConnector/MySqlConnection.cs:line 919
   at MySqlConnector.MySqlConnection.OpenAsync(Nullable`1 ioBehavior, CancellationToken cancellationToken) in /_/src/MySqlConnector/MySqlConnection.cs:line 419
   at Microsoft.EntityFrameworkCore.Storage.RelationalConnection.OpenInternalAsync(Boolean errorsExpected, CancellationToken cancellationToken)
   at Microsoft.EntityFrameworkCore.Storage.RelationalConnection.OpenInternalAsync(Boolean errorsExpected, CancellationToken cancellationToken)
   at Microsoft.EntityFrameworkCore.Storage.RelationalConnection.OpenAsync(CancellationToken cancellationToken, Boolean errorsExpected)
   at Pomelo.EntityFrameworkCore.MySql.Storage.Internal.MySqlRelationalConnection.OpenAsync(CancellationToken cancellationToken, Boolean errorsExpected)
   at Microsoft.EntityFrameworkCore.Storage.RelationalConnection.BeginTransactionAsync(IsolationLevel isolationLevel, CancellationToken cancellationToken)
   at Microsoft.EntityFrameworkCore.Storage.RelationalConnection.BeginTransactionAsync(CancellationToken cancellationToken)
   at Microsoft.EntityFrameworkCore.Update.Internal.BatchExecutor.ExecuteAsync(IEnumerable`1 commandBatches, IRelationalConnection connection, CancellationToken cancellationToken)
   at Microsoft.EntityFrameworkCore.Update.Internal.BatchExecutor.ExecuteAsync(IEnumerable`1 commandBatches, IRelationalConnection connection, CancellationToken cancellationToken)
   at Microsoft.EntityFrameworkCore.Update.Internal.BatchExecutor.ExecuteAsync(IEnumerable`1 commandBatches, IRelationalConnection connection, CancellationToken cancellationToken)
   at Microsoft.EntityFrameworkCore.ChangeTracking.Internal.StateManager.SaveChangesAsync(IList`1 entriesToSave, CancellationToken cancellationToken)
   at Microsoft.EntityFrameworkCore.ChangeTracking.Internal.StateManager.SaveChangesAsync(StateManager stateManager, Boolean acceptAllChangesOnSuccess, CancellationToken cancellationToken)
   at Pomelo.EntityFrameworkCore.MySql.Storage.Internal.MySqlExecutionStrategy.ExecuteAsync[TState,TResult](TState state, Func`4 operation, Func`4 verifySucceeded, CancellationToken cancellationToken)
   --- End of inner exception stack trace ---
   at Pomelo.EntityFrameworkCore.MySql.Storage.Internal.MySqlExecutionStrategy.ExecuteAsync[TState,TResult](TState state, Func`4 operation, Func`4 verifySucceeded, CancellationToken cancellationToken)
   at Microsoft.EntityFrameworkCore.DbContext.SaveChangesAsync(Boolean acceptAllChangesOnSuccess, CancellationToken cancellationToken)
System.InvalidOperationException: An exception has been raised that is likely due to a transient failure. Consider enabling transient error resiliency by adding 'EnableRetryOnFailure()' to the 'UseMySql' call.
 ---> MySqlConnector.MySqlException (0x80004005): Couldn't connect to server
 ---> MySqlConnector.MySqlEndOfStreamException: An incomplete response was received from the server
   at MySqlConnector.Protocol.Serialization.ProtocolUtility.ReadPayloadAsync(BufferedByteReader bufferedByteReader, IByteHandler byteHandler, Func`1 getNextSequenceNumber, ArraySegmentHolder`1 previousPayloads, ProtocolErrorBehavior protocolErrorBehavior, IOBehavior ioBehavior) in /_/src/MySqlConnector/Protocol/Serialization/ProtocolUtility.cs:line 424
   at MySqlConnector.Core.ServerSession.ReceiveReplyAsync(IOBehavior ioBehavior, CancellationToken cancellationToken) in /_/src/MySqlConnector/Core/ServerSession.cs:line 882
   at MySqlConnector.Core.ServerSession.ConnectAsync(ConnectionSettings cs, MySqlConnection connection, Int64 startingTimestamp, ILoadBalancer loadBalancer, Activity activity, IOBehavior ioBehavior, CancellationToken cancellationToken) in /_/src/MySqlConnector/Core/ServerSession.cs:line 445
   at MySqlConnector.Core.ServerSession.ConnectAsync(ConnectionSettings cs, MySqlConnection connection, Int64 startingTimestamp, ILoadBalancer loadBalancer, Activity activity, IOBehavior ioBehavior, CancellationToken cancellationToken) in /_/src/MySqlConnector/Core/ServerSession.cs:line 564
   at MySqlConnector.Core.ConnectionPool.ConnectSessionAsync(MySqlConnection connection, Action`4 logMessage, Int64 startingTimestamp, Activity activity, IOBehavior ioBehavior, CancellationToken cancellationToken) in /_/src/MySqlConnector/Core/ConnectionPool.cs:line 428
   at MySqlConnector.Core.ConnectionPool.ConnectSessionAsync(MySqlConnection connection, Action`4 logMessage, Int64 startingTimestamp, Activity activity, IOBehavior ioBehavior, CancellationToken cancellationToken) in /_/src/MySqlConnector/Core/ConnectionPool.cs:line 433
   at MySqlConnector.Core.ConnectionPool.GetSessionAsync(MySqlConnection connection, Int64 startingTimestamp, Int32 timeoutMilliseconds, Activity activity, IOBehavior ioBehavior, CancellationToken cancellationToken) in /_/src/MySqlConnector/Core/ConnectionPool.cs:line 111
   at MySqlConnector.Core.ConnectionPool.GetSessionAsync(MySqlConnection connection, Int64 startingTimestamp, Int32 timeoutMilliseconds, Activity activity, IOBehavior ioBehavior, CancellationToken cancellationToken) in /_/src/MySqlConnector/Core/ConnectionPool.cs:line 144
   at MySqlConnector.MySqlConnection.CreateSessionAsync(ConnectionPool pool, Int64 startingTimestamp, Activity activity, Nullable`1 ioBehavior, CancellationToken cancellationToken) in /_/src/MySqlConnector/MySqlConnection.cs:line 919
   at MySqlConnector.MySqlConnection.OpenAsync(Nullable`1 ioBehavior, CancellationToken cancellationToken) in /_/src/MySqlConnector/MySqlConnection.cs:line 419
   at Microsoft.EntityFrameworkCore.Storage.RelationalConnection.OpenInternalAsync(Boolean errorsExpected, CancellationToken cancellationToken)
   at Microsoft.EntityFrameworkCore.Storage.RelationalConnection.OpenInternalAsync(Boolean errorsExpected, CancellationToken cancellationToken)
   at Microsoft.EntityFrameworkCore.Storage.RelationalConnection.OpenAsync(CancellationToken cancellationToken, Boolean errorsExpected)
   at Pomelo.EntityFrameworkCore.MySql.Storage.Internal.MySqlRelationalConnection.OpenAsync(CancellationToken cancellationToken, Boolean errorsExpected)
   at Microsoft.EntityFrameworkCore.Storage.RelationalConnection.BeginTransactionAsync(IsolationLevel isolationLevel, CancellationToken cancellationToken)
   at Microsoft.EntityFrameworkCore.Storage.RelationalConnection.BeginTransactionAsync(CancellationToken cancellationToken)
   at Microsoft.EntityFrameworkCore.Update.Internal.BatchExecutor.ExecuteAsync(IEnumerable`1 commandBatches, IRelationalConnection connection, CancellationToken cancellationToken)
   at Microsoft.EntityFrameworkCore.Update.Internal.BatchExecutor.ExecuteAsync(IEnumerable`1 commandBatches, IRelationalConnection connection, CancellationToken cancellationToken)
   at Microsoft.EntityFrameworkCore.Update.Internal.BatchExecutor.ExecuteAsync(IEnumerable`1 commandBatches, IRelationalConnection connection, CancellationToken cancellationToken)
   at Microsoft.EntityFrameworkCore.ChangeTracking.Internal.StateManager.SaveChangesAsync(IList`1 entriesToSave, CancellationToken cancellationToken)
   at Microsoft.EntityFrameworkCore.ChangeTracking.Internal.StateManager.SaveChangesAsync(StateManager stateManager, Boolean acceptAllChangesOnSuccess, CancellationToken cancellationToken)
   at Pomelo.EntityFrameworkCore.MySql.Storage.Internal.MySqlExecutionStrategy.ExecuteAsync[TState,TResult](TState state, Func`4 operation, Func`4 verifySucceeded, CancellationToken cancellationToken)
   --- End of inner exception stack trace ---
   at Pomelo.EntityFrameworkCore.MySql.Storage.Internal.MySqlExecutionStrategy.ExecuteAsync[TState,TResult](TState state, Func`4 operation, Func`4 verifySucceeded, CancellationToken cancellationToken)
   at Microsoft.EntityFrameworkCore.DbContext.SaveChangesAsync(Boolean acceptAllChangesOnSuccess, CancellationToken cancellationToken)
2026-10-06 16:25:46 - ERR - Error while processing alerts: System.InvalidOperationException: An exception has been raised that is likely due to a transient failure. Consider enabling transient error resiliency by adding 'EnableRetryOnFailure()' to the 'UseMySql' call.
 ---> MySqlConnector.MySqlException (0x80004005): Couldn't connect to server
 ---> MySqlConnector.MySqlEndOfStreamException: An incomplete response was received from the server
   at MySqlConnector.Protocol.Serialization.ProtocolUtility.ReadPayloadAsync(BufferedByteReader bufferedByteReader, IByteHandler byteHandler, Func`1 getNextSequenceNumber, ArraySegmentHolder`1 previousPayloads, ProtocolErrorBehavior protocolErrorBehavior, IOBehavior ioBehavior) in /_/src/MySqlConnector/Protocol/Serialization/ProtocolUtility.cs:line 424
   at MySqlConnector.Core.ServerSession.ReceiveReplyAsync(IOBehavior ioBehavior, CancellationToken cancellationToken) in /_/src/MySqlConnector/Core/ServerSession.cs:line 882
   at MySqlConnector.Core.ServerSession.ConnectAsync(ConnectionSettings cs, MySqlConnection connection, Int64 startingTimestamp, ILoadBalancer loadBalancer, Activity activity, IOBehavior ioBehavior, CancellationToken cancellationToken) in /_/src/MySqlConnector/Core/ServerSession.cs:line 445
   at MySqlConnector.Core.ServerSession.ConnectAsync(ConnectionSettings cs, MySqlConnection connection, Int64 startingTimestamp, ILoadBalancer loadBalancer, Activity activity, IOBehavior ioBehavior, CancellationToken cancellationToken) in /_/src/MySqlConnector/Core/ServerSession.cs:line 564
   at MySqlConnector.Core.ConnectionPool.ConnectSessionAsync(MySqlConnection connection, Action`4 logMessage, Int64 startingTimestamp, Activity activity, IOBehavior ioBehavior, CancellationToken cancellationToken) in /_/src/MySqlConnector/Core/ConnectionPool.cs:line 428
   at MySqlConnector.Core.ConnectionPool.ConnectSessionAsync(MySqlConnection connection, Action`4 logMessage, Int64 startingTimestamp, Activity activity, IOBehavior ioBehavior, CancellationToken cancellationToken) in /_/src/MySqlConnector/Core/ConnectionPool.cs:line 433
   at MySqlConnector.Core.ConnectionPool.GetSessionAsync(MySqlConnection connection, Int64 startingTimestamp, Int32 timeoutMilliseconds, Activity activity, IOBehavior ioBehavior, CancellationToken cancellationToken) in /_/src/MySqlConnector/Core/ConnectionPool.cs:line 111
   at MySqlConnector.Core.ConnectionPool.GetSessionAsync(MySqlConnection connection, Int64 startingTimestamp, Int32 timeoutMilliseconds, Activity activity, IOBehavior ioBehavior, CancellationToken cancellationToken) in /_/src/MySqlConnector/Core/ConnectionPool.cs:line 144
   at MySqlConnector.MySqlConnection.CreateSessionAsync(ConnectionPool pool, Int64 startingTimestamp, Activity activity, Nullable`1 ioBehavior, CancellationToken cancellationToken) in /_/src/MySqlConnector/MySqlConnection.cs:line 919
   at MySqlConnector.MySqlConnection.OpenAsync(Nullable`1 ioBehavior, CancellationToken cancellationToken) in /_/src/MySqlConnector/MySqlConnection.cs:line 419
   at Microsoft.EntityFrameworkCore.Storage.RelationalConnection.OpenInternalAsync(Boolean errorsExpected, CancellationToken cancellationToken)
   at Microsoft.EntityFrameworkCore.Storage.RelationalConnection.OpenInternalAsync(Boolean errorsExpected, CancellationToken cancellationToken)
   at Microsoft.EntityFrameworkCore.Storage.RelationalConnection.OpenAsync(CancellationToken cancellationToken, Boolean errorsExpected)
   at Pomelo.EntityFrameworkCore.MySql.Storage.Internal.MySqlRelationalConnection.OpenAsync(CancellationToken cancellationToken, Boolean errorsExpected)
   at Microsoft.EntityFrameworkCore.Storage.RelationalConnection.BeginTransactionAsync(IsolationLevel isolationLevel, CancellationToken cancellationToken)
   at Microsoft.EntityFrameworkCore.Storage.RelationalConnection.BeginTransactionAsync(CancellationToken cancellationToken)
   at Microsoft.EntityFrameworkCore.Update.Internal.BatchExecutor.ExecuteAsync(IEnumerable`1 commandBatches, IRelationalConnection connection, CancellationToken cancellationToken)
   at Microsoft.EntityFrameworkCore.Update.Internal.BatchExecutor.ExecuteAsync(IEnumerable`1 commandBatches, IRelationalConnection connection, CancellationToken cancellationToken)
   at Microsoft.EntityFrameworkCore.Update.Internal.BatchExecutor.ExecuteAsync(IEnumerable`1 commandBatches, IRelationalConnection connection, CancellationToken cancellationToken)
   at Microsoft.EntityFrameworkCore.ChangeTracking.Internal.StateManager.SaveChangesAsync(IList`1 entriesToSave, CancellationToken cancellationToken)
   at Microsoft.EntityFrameworkCore.ChangeTracking.Internal.StateManager.SaveChangesAsync(StateManager stateManager, Boolean acceptAllChangesOnSuccess, CancellationToken cancellationToken)
   at Pomelo.EntityFrameworkCore.MySql.Storage.Internal.MySqlExecutionStrategy.ExecuteAsync[TState,TResult](TState state, Func`4 operation, Func`4 verifySucceeded, CancellationToken cancellationToken)
   --- End of inner exception stack trace ---
   at Pomelo.EntityFrameworkCore.MySql.Storage.Internal.MySqlExecutionStrategy.ExecuteAsync[TState,TResult](TState state, Func`4 operation, Func`4 verifySucceeded, CancellationToken cancellationToken)
   at Microsoft.EntityFrameworkCore.DbContext.SaveChangesAsync(Boolean acceptAllChangesOnSuccess, CancellationToken cancellationToken)
   at Microsoft.EntityFrameworkCore.DbContext.SaveChangesAsync(Boolean acceptAllChangesOnSuccess, CancellationToken cancellationToken)
   at CommandDb.Handlers.SqlHandler.Execute() in C:\Users\Yonil\source\repos\KolAman\TaskManager\Handlers\SqlHandler.cs:line 131
   at TaskManager.TaskManagerService.ManageTasksAsync.ExecuteAsync(CancellationToken stoppingToken) in C:\Users\Yonil\source\repos\KolAman\TaskManager\TaskManagerService\ManageTasksAsync.cs:line 42
2026-10-06 16:31:10 - INF - Executed DbCommand (12ms) [Parameters=[], CommandType='"Text"', CommandTimeout='30']
SELECT CASE WHEN COUNT(*) = 0 THEN FALSE ELSE TRUE END
FROM information_schema.tables
WHERE table_type = 'BASE TABLE' AND table_schema = 'CommandCenterDb'
2026-10-06 16:31:11 - INF - Executed DbCommand (13ms) [Parameters=[], CommandType='"Text"', CommandTimeout='30']
SELECT `n`.`Id`, `n`.`AlertId`, `n`.`Classification`, `n`.`Content`, `n`.`Lat`, `n`.`Lon`, `n`.`Priority`, `n`.`Source`, `n`.`Status`, `n`.`Timestamp`, `n`.`Title`
FROM `NorthAlerts` AS `n`
WHERE `n`.`Status` = 'WAITING'
LIMIT 1
2026-10-06 16:31:11 - INF - Application started. Press Ctrl+C to shut down.
2026-10-06 16:31:11 - INF - Hosting environment: Production
2026-10-06 16:31:11 - INF - Content root path: C:\Users\Yonil\source\repos\KolAman\TaskManager
2026-10-06 16:31:13 - INF - Executed DbCommand (99ms) [Parameters=[@p0='?' (Size = 4000), @p1='?' (Size = 4000), @p2='?' (Size = 4000), @p3='?' (DbType = Double), @p4='?' (DbType = Double), @p5='?' (Size = 4000), @p6='?' (Size = 4000), @p7='?' (Size = 4000), @p8='?' (Size = 4000), @p9='?' (Size = 4000)], CommandType='"Text"', CommandTimeout='30']
INSERT INTO `NorthAlerts` (`AlertId`, `Classification`, `Content`, `Lat`, `Lon`, `Priority`, `Source`, `Status`, `Timestamp`, `Title`)
VALUES (@p0, @p1, @p2, @p3, @p4, @p5, @p6, @p7, @p8, @p9);
SELECT `Id`
FROM `NorthAlerts`
WHERE ROW_COUNT() = 1 AND `Id` = LAST_INSERT_ID();
2026-10-06 16:31:13 - INF - Executed DbCommand (2ms) [Parameters=[], CommandType='"Text"', CommandTimeout='30']
SELECT `c`.`Id`, `c`.`AlertId`, `c`.`Classification`, `c`.`Content`, `c`.`Lat`, `c`.`Lon`, `c`.`Priority`, `c`.`Source`, `c`.`Status`, `c`.`Timestamp`, `c`.`Title`
FROM `CenterAlerts` AS `c`
WHERE `c`.`Status` = 'WAITING'
LIMIT 1
2026-10-06 16:31:20 - INF - Executed DbCommand (4ms) [Parameters=[@p0='?' (Size = 4000), @p1='?' (Size = 4000), @p2='?' (Size = 4000), @p3='?' (DbType = Double), @p4='?' (DbType = Double), @p5='?' (Size = 4000), @p6='?' (Size = 4000), @p7='?' (Size = 4000), @p8='?' (Size = 4000), @p9='?' (Size = 4000)], CommandType='"Text"', CommandTimeout='30']
INSERT INTO `CenterAlerts` (`AlertId`, `Classification`, `Content`, `Lat`, `Lon`, `Priority`, `Source`, `Status`, `Timestamp`, `Title`)
VALUES (@p0, @p1, @p2, @p3, @p4, @p5, @p6, @p7, @p8, @p9);
SELECT `Id`
FROM `CenterAlerts`
WHERE ROW_COUNT() = 1 AND `Id` = LAST_INSERT_ID();
2026-10-06 16:31:20 - INF - Executed DbCommand (3ms) [Parameters=[], CommandType='"Text"', CommandTimeout='30']
SELECT `s`.`Id`, `s`.`AlertId`, `s`.`Classification`, `s`.`Content`, `s`.`Lat`, `s`.`Lon`, `s`.`Priority`, `s`.`Source`, `s`.`Status`, `s`.`Timestamp`, `s`.`Title`
FROM `SouthAlerts` AS `s`
WHERE `s`.`Status` = 'WAITING'
LIMIT 1
2026-10-06 16:31:27 - INF - Executed DbCommand (4ms) [Parameters=[@p0='?' (Size = 4000), @p1='?' (Size = 4000), @p2='?' (Size = 4000), @p3='?' (DbType = Double), @p4='?' (DbType = Double), @p5='?' (Size = 4000), @p6='?' (Size = 4000), @p7='?' (Size = 4000), @p8='?' (Size = 4000), @p9='?' (Size = 4000)], CommandType='"Text"', CommandTimeout='30']
INSERT INTO `SouthAlerts` (`AlertId`, `Classification`, `Content`, `Lat`, `Lon`, `Priority`, `Source`, `Status`, `Timestamp`, `Title`)
VALUES (@p0, @p1, @p2, @p3, @p4, @p5, @p6, @p7, @p8, @p9);
SELECT `Id`
FROM `SouthAlerts`
WHERE ROW_COUNT() = 1 AND `Id` = LAST_INSERT_ID();
2026-10-06 16:31:27 - INF - Executed DbCommand (3ms) [Parameters=[], CommandType='"Text"', CommandTimeout='30']
SELECT `o`.`Id`, `o`.`AlertId`, `o`.`Classification`, `o`.`Content`, `o`.`Lat`, `o`.`Lon`, `o`.`Priority`, `o`.`Source`, `o`.`Status`, `o`.`Timestamp`, `o`.`Title`
FROM `OverseasAlerts` AS `o`
WHERE `o`.`Status` = 'WAITING'
LIMIT 1
2026-10-06 16:31:29 - INF - Executed DbCommand (2ms) [Parameters=[@p0='?' (Size = 4000), @p1='?' (Size = 4000), @p2='?' (Size = 4000), @p3='?' (DbType = Double), @p4='?' (DbType = Double), @p5='?' (Size = 4000), @p6='?' (Size = 4000), @p7='?' (Size = 4000), @p8='?' (Size = 4000), @p9='?' (Size = 4000)], CommandType='"Text"', CommandTimeout='30']
INSERT INTO `OverseasAlerts` (`AlertId`, `Classification`, `Content`, `Lat`, `Lon`, `Priority`, `Source`, `Status`, `Timestamp`, `Title`)
VALUES (@p0, @p1, @p2, @p3, @p4, @p5, @p6, @p7, @p8, @p9);
SELECT `Id`
FROM `OverseasAlerts`
WHERE ROW_COUNT() = 1 AND `Id` = LAST_INSERT_ID();
2026-10-06 16:31:29 - INF - Executed DbCommand (3ms) [Parameters=[], CommandType='"Text"', CommandTimeout='30']
SELECT `n`.`Id`, `n`.`AlertId`, `n`.`Classification`, `n`.`Content`, `n`.`Lat`, `n`.`Lon`, `n`.`Priority`, `n`.`Source`, `n`.`Status`, `n`.`Timestamp`, `n`.`Title`
FROM `NorthAlerts` AS `n`
WHERE `n`.`Status` = 'WAITING'
LIMIT 1
2026-10-06 16:31:31 - INF - Executed DbCommand (4ms) [Parameters=[@p0='?' (Size = 4000), @p1='?' (Size = 4000), @p2='?' (Size = 4000), @p3='?' (DbType = Double), @p4='?' (DbType = Double), @p5='?' (Size = 4000), @p6='?' (Size = 4000), @p7='?' (Size = 4000), @p8='?' (Size = 4000), @p9='?' (Size = 4000)], CommandType='"Text"', CommandTimeout='30']
INSERT INTO `NorthAlerts` (`AlertId`, `Classification`, `Content`, `Lat`, `Lon`, `Priority`, `Source`, `Status`, `Timestamp`, `Title`)
VALUES (@p0, @p1, @p2, @p3, @p4, @p5, @p6, @p7, @p8, @p9);
SELECT `Id`
FROM `NorthAlerts`
WHERE ROW_COUNT() = 1 AND `Id` = LAST_INSERT_ID();
2026-10-06 16:31:31 - INF - Executed DbCommand (4ms) [Parameters=[], CommandType='"Text"', CommandTimeout='30']
SELECT `c`.`Id`, `c`.`AlertId`, `c`.`Classification`, `c`.`Content`, `c`.`Lat`, `c`.`Lon`, `c`.`Priority`, `c`.`Source`, `c`.`Status`, `c`.`Timestamp`, `c`.`Title`
FROM `CenterAlerts` AS `c`
WHERE `c`.`Status` = 'WAITING'
LIMIT 1
2026-10-06 16:31:38 - INF - Executed DbCommand (3ms) [Parameters=[@p0='?' (Size = 4000), @p1='?' (Size = 4000), @p2='?' (Size = 4000), @p3='?' (DbType = Double), @p4='?' (DbType = Double), @p5='?' (Size = 4000), @p6='?' (Size = 4000), @p7='?' (Size = 4000), @p8='?' (Size = 4000), @p9='?' (Size = 4000)], CommandType='"Text"', CommandTimeout='30']
INSERT INTO `CenterAlerts` (`AlertId`, `Classification`, `Content`, `Lat`, `Lon`, `Priority`, `Source`, `Status`, `Timestamp`, `Title`)
VALUES (@p0, @p1, @p2, @p3, @p4, @p5, @p6, @p7, @p8, @p9);
SELECT `Id`
FROM `CenterAlerts`
WHERE ROW_COUNT() = 1 AND `Id` = LAST_INSERT_ID();
2026-10-06 16:31:38 - INF - Executed DbCommand (2ms) [Parameters=[], CommandType='"Text"', CommandTimeout='30']
SELECT `s`.`Id`, `s`.`AlertId`, `s`.`Classification`, `s`.`Content`, `s`.`Lat`, `s`.`Lon`, `s`.`Priority`, `s`.`Source`, `s`.`Status`, `s`.`Timestamp`, `s`.`Title`
FROM `SouthAlerts` AS `s`
WHERE `s`.`Status` = 'WAITING'
LIMIT 1
2026-10-06 16:31:44 - INF - Executed DbCommand (4ms) [Parameters=[@p0='?' (Size = 4000), @p1='?' (Size = 4000), @p2='?' (Size = 4000), @p3='?' (DbType = Double), @p4='?' (DbType = Double), @p5='?' (Size = 4000), @p6='?' (Size = 4000), @p7='?' (Size = 4000), @p8='?' (Size = 4000), @p9='?' (Size = 4000)], CommandType='"Text"', CommandTimeout='30']
INSERT INTO `SouthAlerts` (`AlertId`, `Classification`, `Content`, `Lat`, `Lon`, `Priority`, `Source`, `Status`, `Timestamp`, `Title`)
VALUES (@p0, @p1, @p2, @p3, @p4, @p5, @p6, @p7, @p8, @p9);
SELECT `Id`
FROM `SouthAlerts`
WHERE ROW_COUNT() = 1 AND `Id` = LAST_INSERT_ID();
2026-10-06 16:31:44 - INF - Executed DbCommand (3ms) [Parameters=[], CommandType='"Text"', CommandTimeout='30']
SELECT `o`.`Id`, `o`.`AlertId`, `o`.`Classification`, `o`.`Content`, `o`.`Lat`, `o`.`Lon`, `o`.`Priority`, `o`.`Source`, `o`.`Status`, `o`.`Timestamp`, `o`.`Title`
FROM `OverseasAlerts` AS `o`
WHERE `o`.`Status` = 'WAITING'
LIMIT 1
2026-10-06 16:31:46 - INF - Executed DbCommand (3ms) [Parameters=[@p0='?' (Size = 4000), @p1='?' (Size = 4000), @p2='?' (Size = 4000), @p3='?' (DbType = Double), @p4='?' (DbType = Double), @p5='?' (Size = 4000), @p6='?' (Size = 4000), @p7='?' (Size = 4000), @p8='?' (Size = 4000), @p9='?' (Size = 4000)], CommandType='"Text"', CommandTimeout='30']
INSERT INTO `OverseasAlerts` (`AlertId`, `Classification`, `Content`, `Lat`, `Lon`, `Priority`, `Source`, `Status`, `Timestamp`, `Title`)
VALUES (@p0, @p1, @p2, @p3, @p4, @p5, @p6, @p7, @p8, @p9);
SELECT `Id`
FROM `OverseasAlerts`
WHERE ROW_COUNT() = 1 AND `Id` = LAST_INSERT_ID();
2026-10-06 16:31:46 - INF - Executed DbCommand (2ms) [Parameters=[], CommandType='"Text"', CommandTimeout='30']
SELECT `n`.`Id`, `n`.`AlertId`, `n`.`Classification`, `n`.`Content`, `n`.`Lat`, `n`.`Lon`, `n`.`Priority`, `n`.`Source`, `n`.`Status`, `n`.`Timestamp`, `n`.`Title`
FROM `NorthAlerts` AS `n`
WHERE `n`.`Status` = 'WAITING'
LIMIT 1
2026-10-06 16:31:48 - INF - Executed DbCommand (2ms) [Parameters=[@p0='?' (Size = 4000), @p1='?' (Size = 4000), @p2='?' (Size = 4000), @p3='?' (DbType = Double), @p4='?' (DbType = Double), @p5='?' (Size = 4000), @p6='?' (Size = 4000), @p7='?' (Size = 4000), @p8='?' (Size = 4000), @p9='?' (Size = 4000)], CommandType='"Text"', CommandTimeout='30']
INSERT INTO `NorthAlerts` (`AlertId`, `Classification`, `Content`, `Lat`, `Lon`, `Priority`, `Source`, `Status`, `Timestamp`, `Title`)
VALUES (@p0, @p1, @p2, @p3, @p4, @p5, @p6, @p7, @p8, @p9);
SELECT `Id`
FROM `NorthAlerts`
WHERE ROW_COUNT() = 1 AND `Id` = LAST_INSERT_ID();
2026-10-06 16:31:48 - INF - Executed DbCommand (2ms) [Parameters=[], CommandType='"Text"', CommandTimeout='30']
SELECT `c`.`Id`, `c`.`AlertId`, `c`.`Classification`, `c`.`Content`, `c`.`Lat`, `c`.`Lon`, `c`.`Priority`, `c`.`Source`, `c`.`Status`, `c`.`Timestamp`, `c`.`Title`
FROM `CenterAlerts` AS `c`
WHERE `c`.`Status` = 'WAITING'
LIMIT 1
2026-10-06 16:31:55 - INF - Executed DbCommand (5ms) [Parameters=[@p0='?' (Size = 4000), @p1='?' (Size = 4000), @p2='?' (Size = 4000), @p3='?' (DbType = Double), @p4='?' (DbType = Double), @p5='?' (Size = 4000), @p6='?' (Size = 4000), @p7='?' (Size = 4000), @p8='?' (Size = 4000), @p9='?' (Size = 4000)], CommandType='"Text"', CommandTimeout='30']
INSERT INTO `CenterAlerts` (`AlertId`, `Classification`, `Content`, `Lat`, `Lon`, `Priority`, `Source`, `Status`, `Timestamp`, `Title`)
VALUES (@p0, @p1, @p2, @p3, @p4, @p5, @p6, @p7, @p8, @p9);
SELECT `Id`
FROM `CenterAlerts`
WHERE ROW_COUNT() = 1 AND `Id` = LAST_INSERT_ID();
2026-10-06 16:31:55 - INF - Executed DbCommand (4ms) [Parameters=[], CommandType='"Text"', CommandTimeout='30']
SELECT `s`.`Id`, `s`.`AlertId`, `s`.`Classification`, `s`.`Content`, `s`.`Lat`, `s`.`Lon`, `s`.`Priority`, `s`.`Source`, `s`.`Status`, `s`.`Timestamp`, `s`.`Title`
FROM `SouthAlerts` AS `s`
WHERE `s`.`Status` = 'WAITING'
LIMIT 1
2026-10-06 16:32:01 - INF - Executed DbCommand (4ms) [Parameters=[@p0='?' (Size = 4000), @p1='?' (Size = 4000), @p2='?' (Size = 4000), @p3='?' (DbType = Double), @p4='?' (DbType = Double), @p5='?' (Size = 4000), @p6='?' (Size = 4000), @p7='?' (Size = 4000), @p8='?' (Size = 4000), @p9='?' (Size = 4000)], CommandType='"Text"', CommandTimeout='30']
INSERT INTO `SouthAlerts` (`AlertId`, `Classification`, `Content`, `Lat`, `Lon`, `Priority`, `Source`, `Status`, `Timestamp`, `Title`)
VALUES (@p0, @p1, @p2, @p3, @p4, @p5, @p6, @p7, @p8, @p9);
SELECT `Id`
FROM `SouthAlerts`
WHERE ROW_COUNT() = 1 AND `Id` = LAST_INSERT_ID();
2026-10-06 16:32:01 - INF - Executed DbCommand (1ms) [Parameters=[], CommandType='"Text"', CommandTimeout='30']
SELECT `o`.`Id`, `o`.`AlertId`, `o`.`Classification`, `o`.`Content`, `o`.`Lat`, `o`.`Lon`, `o`.`Priority`, `o`.`Source`, `o`.`Status`, `o`.`Timestamp`, `o`.`Title`
FROM `OverseasAlerts` AS `o`
WHERE `o`.`Status` = 'WAITING'
LIMIT 1
2026-10-06 16:32:03 - INF - Executed DbCommand (2ms) [Parameters=[@p0='?' (Size = 4000), @p1='?' (Size = 4000), @p2='?' (Size = 4000), @p3='?' (DbType = Double), @p4='?' (DbType = Double), @p5='?' (Size = 4000), @p6='?' (Size = 4000), @p7='?' (Size = 4000), @p8='?' (Size = 4000), @p9='?' (Size = 4000)], CommandType='"Text"', CommandTimeout='30']
INSERT INTO `OverseasAlerts` (`AlertId`, `Classification`, `Content`, `Lat`, `Lon`, `Priority`, `Source`, `Status`, `Timestamp`, `Title`)
VALUES (@p0, @p1, @p2, @p3, @p4, @p5, @p6, @p7, @p8, @p9);
SELECT `Id`
FROM `OverseasAlerts`
WHERE ROW_COUNT() = 1 AND `Id` = LAST_INSERT_ID();
2026-10-06 16:32:03 - INF - Executed DbCommand (1ms) [Parameters=[], CommandType='"Text"', CommandTimeout='30']
SELECT `n`.`Id`, `n`.`AlertId`, `n`.`Classification`, `n`.`Content`, `n`.`Lat`, `n`.`Lon`, `n`.`Priority`, `n`.`Source`, `n`.`Status`, `n`.`Timestamp`, `n`.`Title`
FROM `NorthAlerts` AS `n`
WHERE `n`.`Status` = 'WAITING'
LIMIT 1
2026-10-06 16:32:05 - INF - Executed DbCommand (4ms) [Parameters=[@p0='?' (Size = 4000), @p1='?' (Size = 4000), @p2='?' (Size = 4000), @p3='?' (DbType = Double), @p4='?' (DbType = Double), @p5='?' (Size = 4000), @p6='?' (Size = 4000), @p7='?' (Size = 4000), @p8='?' (Size = 4000), @p9='?' (Size = 4000)], CommandType='"Text"', CommandTimeout='30']
INSERT INTO `NorthAlerts` (`AlertId`, `Classification`, `Content`, `Lat`, `Lon`, `Priority`, `Source`, `Status`, `Timestamp`, `Title`)
VALUES (@p0, @p1, @p2, @p3, @p4, @p5, @p6, @p7, @p8, @p9);
SELECT `Id`
FROM `NorthAlerts`
WHERE ROW_COUNT() = 1 AND `Id` = LAST_INSERT_ID();
2026-10-06 16:32:05 - INF - Executed DbCommand (4ms) [Parameters=[], CommandType='"Text"', CommandTimeout='30']
SELECT `c`.`Id`, `c`.`AlertId`, `c`.`Classification`, `c`.`Content`, `c`.`Lat`, `c`.`Lon`, `c`.`Priority`, `c`.`Source`, `c`.`Status`, `c`.`Timestamp`, `c`.`Title`
FROM `CenterAlerts` AS `c`
WHERE `c`.`Status` = 'WAITING'
LIMIT 1
2026-10-06 16:32:12 - INF - Executed DbCommand (3ms) [Parameters=[@p0='?' (Size = 4000), @p1='?' (Size = 4000), @p2='?' (Size = 4000), @p3='?' (DbType = Double), @p4='?' (DbType = Double), @p5='?' (Size = 4000), @p6='?' (Size = 4000), @p7='?' (Size = 4000), @p8='?' (Size = 4000), @p9='?' (Size = 4000)], CommandType='"Text"', CommandTimeout='30']
INSERT INTO `CenterAlerts` (`AlertId`, `Classification`, `Content`, `Lat`, `Lon`, `Priority`, `Source`, `Status`, `Timestamp`, `Title`)
VALUES (@p0, @p1, @p2, @p3, @p4, @p5, @p6, @p7, @p8, @p9);
SELECT `Id`
FROM `CenterAlerts`
WHERE ROW_COUNT() = 1 AND `Id` = LAST_INSERT_ID();
2026-10-06 16:32:12 - INF - Executed DbCommand (6ms) [Parameters=[], CommandType='"Text"', CommandTimeout='30']
SELECT `s`.`Id`, `s`.`AlertId`, `s`.`Classification`, `s`.`Content`, `s`.`Lat`, `s`.`Lon`, `s`.`Priority`, `s`.`Source`, `s`.`Status`, `s`.`Timestamp`, `s`.`Title`
FROM `SouthAlerts` AS `s`
WHERE `s`.`Status` = 'WAITING'
LIMIT 1
2026-10-06 16:32:18 - INF - Executed DbCommand (4ms) [Parameters=[@p0='?' (Size = 4000), @p1='?' (Size = 4000), @p2='?' (Size = 4000), @p3='?' (DbType = Double), @p4='?' (DbType = Double), @p5='?' (Size = 4000), @p6='?' (Size = 4000), @p7='?' (Size = 4000), @p8='?' (Size = 4000), @p9='?' (Size = 4000)], CommandType='"Text"', CommandTimeout='30']
INSERT INTO `SouthAlerts` (`AlertId`, `Classification`, `Content`, `Lat`, `Lon`, `Priority`, `Source`, `Status`, `Timestamp`, `Title`)
VALUES (@p0, @p1, @p2, @p3, @p4, @p5, @p6, @p7, @p8, @p9);
SELECT `Id`
FROM `SouthAlerts`
WHERE ROW_COUNT() = 1 AND `Id` = LAST_INSERT_ID();
2026-10-06 16:32:18 - INF - Executed DbCommand (4ms) [Parameters=[], CommandType='"Text"', CommandTimeout='30']
SELECT `o`.`Id`, `o`.`AlertId`, `o`.`Classification`, `o`.`Content`, `o`.`Lat`, `o`.`Lon`, `o`.`Priority`, `o`.`Source`, `o`.`Status`, `o`.`Timestamp`, `o`.`Title`
FROM `OverseasAlerts` AS `o`
WHERE `o`.`Status` = 'WAITING'
LIMIT 1
2026-10-06 16:32:20 - INF - Executed DbCommand (4ms) [Parameters=[@p0='?' (Size = 4000), @p1='?' (Size = 4000), @p2='?' (Size = 4000), @p3='?' (DbType = Double), @p4='?' (DbType = Double), @p5='?' (Size = 4000), @p6='?' (Size = 4000), @p7='?' (Size = 4000), @p8='?' (Size = 4000), @p9='?' (Size = 4000)], CommandType='"Text"', CommandTimeout='30']
INSERT INTO `OverseasAlerts` (`AlertId`, `Classification`, `Content`, `Lat`, `Lon`, `Priority`, `Source`, `Status`, `Timestamp`, `Title`)
VALUES (@p0, @p1, @p2, @p3, @p4, @p5, @p6, @p7, @p8, @p9);
SELECT `Id`
FROM `OverseasAlerts`
WHERE ROW_COUNT() = 1 AND `Id` = LAST_INSERT_ID();
2026-10-06 16:32:20 - INF - Executed DbCommand (1ms) [Parameters=[], CommandType='"Text"', CommandTimeout='30']
SELECT `n`.`Id`, `n`.`AlertId`, `n`.`Classification`, `n`.`Content`, `n`.`Lat`, `n`.`Lon`, `n`.`Priority`, `n`.`Source`, `n`.`Status`, `n`.`Timestamp`, `n`.`Title`
FROM `NorthAlerts` AS `n`
WHERE `n`.`Status` = 'WAITING'
LIMIT 1
2026-10-06 16:32:22 - INF - Executed DbCommand (2ms) [Parameters=[@p0='?' (Size = 4000), @p1='?' (Size = 4000), @p2='?' (Size = 4000), @p3='?' (DbType = Double), @p4='?' (DbType = Double), @p5='?' (Size = 4000), @p6='?' (Size = 4000), @p7='?' (Size = 4000), @p8='?' (Size = 4000), @p9='?' (Size = 4000)], CommandType='"Text"', CommandTimeout='30']
INSERT INTO `NorthAlerts` (`AlertId`, `Classification`, `Content`, `Lat`, `Lon`, `Priority`, `Source`, `Status`, `Timestamp`, `Title`)
VALUES (@p0, @p1, @p2, @p3, @p4, @p5, @p6, @p7, @p8, @p9);
SELECT `Id`
FROM `NorthAlerts`
WHERE ROW_COUNT() = 1 AND `Id` = LAST_INSERT_ID();
2026-10-06 16:32:22 - INF - Executed DbCommand (2ms) [Parameters=[], CommandType='"Text"', CommandTimeout='30']
SELECT `c`.`Id`, `c`.`AlertId`, `c`.`Classification`, `c`.`Content`, `c`.`Lat`, `c`.`Lon`, `c`.`Priority`, `c`.`Source`, `c`.`Status`, `c`.`Timestamp`, `c`.`Title`
FROM `CenterAlerts` AS `c`
WHERE `c`.`Status` = 'WAITING'
LIMIT 1
2026-10-06 16:32:29 - INF - Executed DbCommand (3ms) [Parameters=[@p0='?' (Size = 4000), @p1='?' (Size = 4000), @p2='?' (Size = 4000), @p3='?' (DbType = Double), @p4='?' (DbType = Double), @p5='?' (Size = 4000), @p6='?' (Size = 4000), @p7='?' (Size = 4000), @p8='?' (Size = 4000), @p9='?' (Size = 4000)], CommandType='"Text"', CommandTimeout='30']
INSERT INTO `CenterAlerts` (`AlertId`, `Classification`, `Content`, `Lat`, `Lon`, `Priority`, `Source`, `Status`, `Timestamp`, `Title`)
VALUES (@p0, @p1, @p2, @p3, @p4, @p5, @p6, @p7, @p8, @p9);
SELECT `Id`
FROM `CenterAlerts`
WHERE ROW_COUNT() = 1 AND `Id` = LAST_INSERT_ID();
2026-10-06 16:32:29 - INF - Executed DbCommand (2ms) [Parameters=[], CommandType='"Text"', CommandTimeout='30']
SELECT `s`.`Id`, `s`.`AlertId`, `s`.`Classification`, `s`.`Content`, `s`.`Lat`, `s`.`Lon`, `s`.`Priority`, `s`.`Source`, `s`.`Status`, `s`.`Timestamp`, `s`.`Title`
FROM `SouthAlerts` AS `s`
WHERE `s`.`Status` = 'WAITING'
LIMIT 1
2026-10-06 16:32:35 - INF - Executed DbCommand (15ms) [Parameters=[@p0='?' (Size = 4000), @p1='?' (Size = 4000), @p2='?' (Size = 4000), @p3='?' (DbType = Double), @p4='?' (DbType = Double), @p5='?' (Size = 4000), @p6='?' (Size = 4000), @p7='?' (Size = 4000), @p8='?' (Size = 4000), @p9='?' (Size = 4000)], CommandType='"Text"', CommandTimeout='30']
INSERT INTO `SouthAlerts` (`AlertId`, `Classification`, `Content`, `Lat`, `Lon`, `Priority`, `Source`, `Status`, `Timestamp`, `Title`)
VALUES (@p0, @p1, @p2, @p3, @p4, @p5, @p6, @p7, @p8, @p9);
SELECT `Id`
FROM `SouthAlerts`
WHERE ROW_COUNT() = 1 AND `Id` = LAST_INSERT_ID();
2026-10-06 16:32:36 - INF - Executed DbCommand (7ms) [Parameters=[], CommandType='"Text"', CommandTimeout='30']
SELECT `o`.`Id`, `o`.`AlertId`, `o`.`Classification`, `o`.`Content`, `o`.`Lat`, `o`.`Lon`, `o`.`Priority`, `o`.`Source`, `o`.`Status`, `o`.`Timestamp`, `o`.`Title`
FROM `OverseasAlerts` AS `o`
WHERE `o`.`Status` = 'WAITING'
LIMIT 1
2026-10-06 16:32:38 - INF - Executed DbCommand (6ms) [Parameters=[@p0='?' (Size = 4000), @p1='?' (Size = 4000), @p2='?' (Size = 4000), @p3='?' (DbType = Double), @p4='?' (DbType = Double), @p5='?' (Size = 4000), @p6='?' (Size = 4000), @p7='?' (Size = 4000), @p8='?' (Size = 4000), @p9='?' (Size = 4000)], CommandType='"Text"', CommandTimeout='30']
INSERT INTO `OverseasAlerts` (`AlertId`, `Classification`, `Content`, `Lat`, `Lon`, `Priority`, `Source`, `Status`, `Timestamp`, `Title`)
VALUES (@p0, @p1, @p2, @p3, @p4, @p5, @p6, @p7, @p8, @p9);
SELECT `Id`
FROM `OverseasAlerts`
WHERE ROW_COUNT() = 1 AND `Id` = LAST_INSERT_ID();
2026-10-06 16:32:38 - INF - Executed DbCommand (5ms) [Parameters=[], CommandType='"Text"', CommandTimeout='30']
SELECT `n`.`Id`, `n`.`AlertId`, `n`.`Classification`, `n`.`Content`, `n`.`Lat`, `n`.`Lon`, `n`.`Priority`, `n`.`Source`, `n`.`Status`, `n`.`Timestamp`, `n`.`Title`
FROM `NorthAlerts` AS `n`
WHERE `n`.`Status` = 'WAITING'
LIMIT 1
2026-10-06 16:32:40 - INF - Executed DbCommand (2ms) [Parameters=[@p0='?' (Size = 4000), @p1='?' (Size = 4000), @p2='?' (Size = 4000), @p3='?' (DbType = Double), @p4='?' (DbType = Double), @p5='?' (Size = 4000), @p6='?' (Size = 4000), @p7='?' (Size = 4000), @p8='?' (Size = 4000), @p9='?' (Size = 4000)], CommandType='"Text"', CommandTimeout='30']
INSERT INTO `NorthAlerts` (`AlertId`, `Classification`, `Content`, `Lat`, `Lon`, `Priority`, `Source`, `Status`, `Timestamp`, `Title`)
VALUES (@p0, @p1, @p2, @p3, @p4, @p5, @p6, @p7, @p8, @p9);
SELECT `Id`
FROM `NorthAlerts`
WHERE ROW_COUNT() = 1 AND `Id` = LAST_INSERT_ID();
2026-10-06 16:32:40 - INF - Executed DbCommand (1ms) [Parameters=[], CommandType='"Text"', CommandTimeout='30']
SELECT `c`.`Id`, `c`.`AlertId`, `c`.`Classification`, `c`.`Content`, `c`.`Lat`, `c`.`Lon`, `c`.`Priority`, `c`.`Source`, `c`.`Status`, `c`.`Timestamp`, `c`.`Title`
FROM `CenterAlerts` AS `c`
WHERE `c`.`Status` = 'WAITING'
LIMIT 1
2026-10-06 16:32:47 - INF - Executed DbCommand (3ms) [Parameters=[@p0='?' (Size = 4000), @p1='?' (Size = 4000), @p2='?' (Size = 4000), @p3='?' (DbType = Double), @p4='?' (DbType = Double), @p5='?' (Size = 4000), @p6='?' (Size = 4000), @p7='?' (Size = 4000), @p8='?' (Size = 4000), @p9='?' (Size = 4000)], CommandType='"Text"', CommandTimeout='30']
INSERT INTO `CenterAlerts` (`AlertId`, `Classification`, `Content`, `Lat`, `Lon`, `Priority`, `Source`, `Status`, `Timestamp`, `Title`)
VALUES (@p0, @p1, @p2, @p3, @p4, @p5, @p6, @p7, @p8, @p9);
SELECT `Id`
FROM `CenterAlerts`
WHERE ROW_COUNT() = 1 AND `Id` = LAST_INSERT_ID();
2026-10-06 16:32:47 - INF - Executed DbCommand (2ms) [Parameters=[], CommandType='"Text"', CommandTimeout='30']
SELECT `s`.`Id`, `s`.`AlertId`, `s`.`Classification`, `s`.`Content`, `s`.`Lat`, `s`.`Lon`, `s`.`Priority`, `s`.`Source`, `s`.`Status`, `s`.`Timestamp`, `s`.`Title`
FROM `SouthAlerts` AS `s`
WHERE `s`.`Status` = 'WAITING'
LIMIT 1
2026-10-06 16:32:53 - INF - Executed DbCommand (3ms) [Parameters=[@p0='?' (Size = 4000), @p1='?' (Size = 4000), @p2='?' (Size = 4000), @p3='?' (DbType = Double), @p4='?' (DbType = Double), @p5='?' (Size = 4000), @p6='?' (Size = 4000), @p7='?' (Size = 4000), @p8='?' (Size = 4000), @p9='?' (Size = 4000)], CommandType='"Text"', CommandTimeout='30']
INSERT INTO `SouthAlerts` (`AlertId`, `Classification`, `Content`, `Lat`, `Lon`, `Priority`, `Source`, `Status`, `Timestamp`, `Title`)
VALUES (@p0, @p1, @p2, @p3, @p4, @p5, @p6, @p7, @p8, @p9);
SELECT `Id`
FROM `SouthAlerts`
WHERE ROW_COUNT() = 1 AND `Id` = LAST_INSERT_ID();
2026-10-06 16:32:53 - INF - Executed DbCommand (1ms) [Parameters=[], CommandType='"Text"', CommandTimeout='30']
SELECT `o`.`Id`, `o`.`AlertId`, `o`.`Classification`, `o`.`Content`, `o`.`Lat`, `o`.`Lon`, `o`.`Priority`, `o`.`Source`, `o`.`Status`, `o`.`Timestamp`, `o`.`Title`
FROM `OverseasAlerts` AS `o`
WHERE `o`.`Status` = 'WAITING'
LIMIT 1
2026-10-06 16:32:55 - INF - Executed DbCommand (3ms) [Parameters=[@p0='?' (Size = 4000), @p1='?' (Size = 4000), @p2='?' (Size = 4000), @p3='?' (DbType = Double), @p4='?' (DbType = Double), @p5='?' (Size = 4000), @p6='?' (Size = 4000), @p7='?' (Size = 4000), @p8='?' (Size = 4000), @p9='?' (Size = 4000)], CommandType='"Text"', CommandTimeout='30']
INSERT INTO `OverseasAlerts` (`AlertId`, `Classification`, `Content`, `Lat`, `Lon`, `Priority`, `Source`, `Status`, `Timestamp`, `Title`)
VALUES (@p0, @p1, @p2, @p3, @p4, @p5, @p6, @p7, @p8, @p9);
SELECT `Id`
FROM `OverseasAlerts`
WHERE ROW_COUNT() = 1 AND `Id` = LAST_INSERT_ID();
2026-10-06 16:32:55 - INF - Executed DbCommand (3ms) [Parameters=[], CommandType='"Text"', CommandTimeout='30']
SELECT `n`.`Id`, `n`.`AlertId`, `n`.`Classification`, `n`.`Content`, `n`.`Lat`, `n`.`Lon`, `n`.`Priority`, `n`.`Source`, `n`.`Status`, `n`.`Timestamp`, `n`.`Title`
FROM `NorthAlerts` AS `n`
WHERE `n`.`Status` = 'WAITING'
LIMIT 1
2026-10-06 16:32:57 - INF - Executed DbCommand (7ms) [Parameters=[@p0='?' (Size = 4000), @p1='?' (Size = 4000), @p2='?' (Size = 4000), @p3='?' (DbType = Double), @p4='?' (DbType = Double), @p5='?' (Size = 4000), @p6='?' (Size = 4000), @p7='?' (Size = 4000), @p8='?' (Size = 4000), @p9='?' (Size = 4000)], CommandType='"Text"', CommandTimeout='30']
INSERT INTO `NorthAlerts` (`AlertId`, `Classification`, `Content`, `Lat`, `Lon`, `Priority`, `Source`, `Status`, `Timestamp`, `Title`)
VALUES (@p0, @p1, @p2, @p3, @p4, @p5, @p6, @p7, @p8, @p9);
SELECT `Id`
FROM `NorthAlerts`
WHERE ROW_COUNT() = 1 AND `Id` = LAST_INSERT_ID();
2026-10-06 16:32:57 - INF - Executed DbCommand (4ms) [Parameters=[], CommandType='"Text"', CommandTimeout='30']
SELECT `c`.`Id`, `c`.`AlertId`, `c`.`Classification`, `c`.`Content`, `c`.`Lat`, `c`.`Lon`, `c`.`Priority`, `c`.`Source`, `c`.`Status`, `c`.`Timestamp`, `c`.`Title`
FROM `CenterAlerts` AS `c`
WHERE `c`.`Status` = 'WAITING'
LIMIT 1
2026-10-06 16:33:04 - INF - Executed DbCommand (2ms) [Parameters=[@p0='?' (Size = 4000), @p1='?' (Size = 4000), @p2='?' (Size = 4000), @p3='?' (DbType = Double), @p4='?' (DbType = Double), @p5='?' (Size = 4000), @p6='?' (Size = 4000), @p7='?' (Size = 4000), @p8='?' (Size = 4000), @p9='?' (Size = 4000)], CommandType='"Text"', CommandTimeout='30']
INSERT INTO `CenterAlerts` (`AlertId`, `Classification`, `Content`, `Lat`, `Lon`, `Priority`, `Source`, `Status`, `Timestamp`, `Title`)
VALUES (@p0, @p1, @p2, @p3, @p4, @p5, @p6, @p7, @p8, @p9);
SELECT `Id`
FROM `CenterAlerts`
WHERE ROW_COUNT() = 1 AND `Id` = LAST_INSERT_ID();
2026-10-06 16:33:04 - INF - Executed DbCommand (3ms) [Parameters=[], CommandType='"Text"', CommandTimeout='30']
SELECT `s`.`Id`, `s`.`AlertId`, `s`.`Classification`, `s`.`Content`, `s`.`Lat`, `s`.`Lon`, `s`.`Priority`, `s`.`Source`, `s`.`Status`, `s`.`Timestamp`, `s`.`Title`
FROM `SouthAlerts` AS `s`
WHERE `s`.`Status` = 'WAITING'
LIMIT 1
2026-10-06 16:33:10 - INF - Executed DbCommand (3ms) [Parameters=[@p0='?' (Size = 4000), @p1='?' (Size = 4000), @p2='?' (Size = 4000), @p3='?' (DbType = Double), @p4='?' (DbType = Double), @p5='?' (Size = 4000), @p6='?' (Size = 4000), @p7='?' (Size = 4000), @p8='?' (Size = 4000), @p9='?' (Size = 4000)], CommandType='"Text"', CommandTimeout='30']
INSERT INTO `SouthAlerts` (`AlertId`, `Classification`, `Content`, `Lat`, `Lon`, `Priority`, `Source`, `Status`, `Timestamp`, `Title`)
VALUES (@p0, @p1, @p2, @p3, @p4, @p5, @p6, @p7, @p8, @p9);
SELECT `Id`
FROM `SouthAlerts`
WHERE ROW_COUNT() = 1 AND `Id` = LAST_INSERT_ID();
2026-10-06 16:33:10 - INF - Executed DbCommand (2ms) [Parameters=[], CommandType='"Text"', CommandTimeout='30']
SELECT `o`.`Id`, `o`.`AlertId`, `o`.`Classification`, `o`.`Content`, `o`.`Lat`, `o`.`Lon`, `o`.`Priority`, `o`.`Source`, `o`.`Status`, `o`.`Timestamp`, `o`.`Title`
FROM `OverseasAlerts` AS `o`
WHERE `o`.`Status` = 'WAITING'
LIMIT 1
2026-10-06 16:33:12 - INF - Executed DbCommand (2ms) [Parameters=[@p0='?' (Size = 4000), @p1='?' (Size = 4000), @p2='?' (Size = 4000), @p3='?' (DbType = Double), @p4='?' (DbType = Double), @p5='?' (Size = 4000), @p6='?' (Size = 4000), @p7='?' (Size = 4000), @p8='?' (Size = 4000), @p9='?' (Size = 4000)], CommandType='"Text"', CommandTimeout='30']
INSERT INTO `OverseasAlerts` (`AlertId`, `Classification`, `Content`, `Lat`, `Lon`, `Priority`, `Source`, `Status`, `Timestamp`, `Title`)
VALUES (@p0, @p1, @p2, @p3, @p4, @p5, @p6, @p7, @p8, @p9);
SELECT `Id`
FROM `OverseasAlerts`
WHERE ROW_COUNT() = 1 AND `Id` = LAST_INSERT_ID();
2026-10-06 16:33:12 - INF - Executed DbCommand (2ms) [Parameters=[], CommandType='"Text"', CommandTimeout='30']
SELECT `n`.`Id`, `n`.`AlertId`, `n`.`Classification`, `n`.`Content`, `n`.`Lat`, `n`.`Lon`, `n`.`Priority`, `n`.`Source`, `n`.`Status`, `n`.`Timestamp`, `n`.`Title`
FROM `NorthAlerts` AS `n`
WHERE `n`.`Status` = 'WAITING'
LIMIT 1
2026-10-06 16:33:14 - INF - Executed DbCommand (7ms) [Parameters=[@p0='?' (Size = 4000), @p1='?' (Size = 4000), @p2='?' (Size = 4000), @p3='?' (DbType = Double), @p4='?' (DbType = Double), @p5='?' (Size = 4000), @p6='?' (Size = 4000), @p7='?' (Size = 4000), @p8='?' (Size = 4000), @p9='?' (Size = 4000)], CommandType='"Text"', CommandTimeout='30']
INSERT INTO `NorthAlerts` (`AlertId`, `Classification`, `Content`, `Lat`, `Lon`, `Priority`, `Source`, `Status`, `Timestamp`, `Title`)
VALUES (@p0, @p1, @p2, @p3, @p4, @p5, @p6, @p7, @p8, @p9);
SELECT `Id`
FROM `NorthAlerts`
WHERE ROW_COUNT() = 1 AND `Id` = LAST_INSERT_ID();
2026-10-06 16:33:14 - INF - Executed DbCommand (4ms) [Parameters=[], CommandType='"Text"', CommandTimeout='30']
SELECT `c`.`Id`, `c`.`AlertId`, `c`.`Classification`, `c`.`Content`, `c`.`Lat`, `c`.`Lon`, `c`.`Priority`, `c`.`Source`, `c`.`Status`, `c`.`Timestamp`, `c`.`Title`
FROM `CenterAlerts` AS `c`
WHERE `c`.`Status` = 'WAITING'
LIMIT 1
2026-10-06 16:33:21 - INF - Executed DbCommand (3ms) [Parameters=[@p0='?' (Size = 4000), @p1='?' (Size = 4000), @p2='?' (Size = 4000), @p3='?' (DbType = Double), @p4='?' (DbType = Double), @p5='?' (Size = 4000), @p6='?' (Size = 4000), @p7='?' (Size = 4000), @p8='?' (Size = 4000), @p9='?' (Size = 4000)], CommandType='"Text"', CommandTimeout='30']
INSERT INTO `CenterAlerts` (`AlertId`, `Classification`, `Content`, `Lat`, `Lon`, `Priority`, `Source`, `Status`, `Timestamp`, `Title`)
VALUES (@p0, @p1, @p2, @p3, @p4, @p5, @p6, @p7, @p8, @p9);
SELECT `Id`
FROM `CenterAlerts`
WHERE ROW_COUNT() = 1 AND `Id` = LAST_INSERT_ID();
2026-10-06 16:33:21 - INF - Executed DbCommand (2ms) [Parameters=[], CommandType='"Text"', CommandTimeout='30']
SELECT `s`.`Id`, `s`.`AlertId`, `s`.`Classification`, `s`.`Content`, `s`.`Lat`, `s`.`Lon`, `s`.`Priority`, `s`.`Source`, `s`.`Status`, `s`.`Timestamp`, `s`.`Title`
FROM `SouthAlerts` AS `s`
WHERE `s`.`Status` = 'WAITING'
LIMIT 1
2026-10-06 16:33:27 - INF - Executed DbCommand (2ms) [Parameters=[@p0='?' (Size = 4000), @p1='?' (Size = 4000), @p2='?' (Size = 4000), @p3='?' (DbType = Double), @p4='?' (DbType = Double), @p5='?' (Size = 4000), @p6='?' (Size = 4000), @p7='?' (Size = 4000), @p8='?' (Size = 4000), @p9='?' (Size = 4000)], CommandType='"Text"', CommandTimeout='30']
INSERT INTO `SouthAlerts` (`AlertId`, `Classification`, `Content`, `Lat`, `Lon`, `Priority`, `Source`, `Status`, `Timestamp`, `Title`)
VALUES (@p0, @p1, @p2, @p3, @p4, @p5, @p6, @p7, @p8, @p9);
SELECT `Id`
FROM `SouthAlerts`
WHERE ROW_COUNT() = 1 AND `Id` = LAST_INSERT_ID();
2026-10-06 16:33:27 - INF - Executed DbCommand (1ms) [Parameters=[], CommandType='"Text"', CommandTimeout='30']
SELECT `o`.`Id`, `o`.`AlertId`, `o`.`Classification`, `o`.`Content`, `o`.`Lat`, `o`.`Lon`, `o`.`Priority`, `o`.`Source`, `o`.`Status`, `o`.`Timestamp`, `o`.`Title`
FROM `OverseasAlerts` AS `o`
WHERE `o`.`Status` = 'WAITING'
LIMIT 1
2026-10-06 16:33:29 - INF - Executed DbCommand (11ms) [Parameters=[@p0='?' (Size = 4000), @p1='?' (Size = 4000), @p2='?' (Size = 4000), @p3='?' (DbType = Double), @p4='?' (DbType = Double), @p5='?' (Size = 4000), @p6='?' (Size = 4000), @p7='?' (Size = 4000), @p8='?' (Size = 4000), @p9='?' (Size = 4000)], CommandType='"Text"', CommandTimeout='30']
INSERT INTO `OverseasAlerts` (`AlertId`, `Classification`, `Content`, `Lat`, `Lon`, `Priority`, `Source`, `Status`, `Timestamp`, `Title`)
VALUES (@p0, @p1, @p2, @p3, @p4, @p5, @p6, @p7, @p8, @p9);
SELECT `Id`
FROM `OverseasAlerts`
WHERE ROW_COUNT() = 1 AND `Id` = LAST_INSERT_ID();
2026-10-06 16:33:29 - INF - Executed DbCommand (3ms) [Parameters=[], CommandType='"Text"', CommandTimeout='30']
SELECT `n`.`Id`, `n`.`AlertId`, `n`.`Classification`, `n`.`Content`, `n`.`Lat`, `n`.`Lon`, `n`.`Priority`, `n`.`Source`, `n`.`Status`, `n`.`Timestamp`, `n`.`Title`
FROM `NorthAlerts` AS `n`
WHERE `n`.`Status` = 'WAITING'
LIMIT 1
2026-10-06 16:33:31 - INF - Executed DbCommand (3ms) [Parameters=[@p0='?' (Size = 4000), @p1='?' (Size = 4000), @p2='?' (Size = 4000), @p3='?' (DbType = Double), @p4='?' (DbType = Double), @p5='?' (Size = 4000), @p6='?' (Size = 4000), @p7='?' (Size = 4000), @p8='?' (Size = 4000), @p9='?' (Size = 4000)], CommandType='"Text"', CommandTimeout='30']
INSERT INTO `NorthAlerts` (`AlertId`, `Classification`, `Content`, `Lat`, `Lon`, `Priority`, `Source`, `Status`, `Timestamp`, `Title`)
VALUES (@p0, @p1, @p2, @p3, @p4, @p5, @p6, @p7, @p8, @p9);
SELECT `Id`
FROM `NorthAlerts`
WHERE ROW_COUNT() = 1 AND `Id` = LAST_INSERT_ID();
2026-10-06 16:33:31 - INF - Executed DbCommand (4ms) [Parameters=[], CommandType='"Text"', CommandTimeout='30']
SELECT `c`.`Id`, `c`.`AlertId`, `c`.`Classification`, `c`.`Content`, `c`.`Lat`, `c`.`Lon`, `c`.`Priority`, `c`.`Source`, `c`.`Status`, `c`.`Timestamp`, `c`.`Title`
FROM `CenterAlerts` AS `c`
WHERE `c`.`Status` = 'WAITING'
LIMIT 1
2026-10-06 16:33:38 - INF - Executed DbCommand (3ms) [Parameters=[@p0='?' (Size = 4000), @p1='?' (Size = 4000), @p2='?' (Size = 4000), @p3='?' (DbType = Double), @p4='?' (DbType = Double), @p5='?' (Size = 4000), @p6='?' (Size = 4000), @p7='?' (Size = 4000), @p8='?' (Size = 4000), @p9='?' (Size = 4000)], CommandType='"Text"', CommandTimeout='30']
INSERT INTO `CenterAlerts` (`AlertId`, `Classification`, `Content`, `Lat`, `Lon`, `Priority`, `Source`, `Status`, `Timestamp`, `Title`)
VALUES (@p0, @p1, @p2, @p3, @p4, @p5, @p6, @p7, @p8, @p9);
SELECT `Id`
FROM `CenterAlerts`
WHERE ROW_COUNT() = 1 AND `Id` = LAST_INSERT_ID();
2026-10-06 16:33:38 - INF - Executed DbCommand (2ms) [Parameters=[], CommandType='"Text"', CommandTimeout='30']
SELECT `s`.`Id`, `s`.`AlertId`, `s`.`Classification`, `s`.`Content`, `s`.`Lat`, `s`.`Lon`, `s`.`Priority`, `s`.`Source`, `s`.`Status`, `s`.`Timestamp`, `s`.`Title`
FROM `SouthAlerts` AS `s`
WHERE `s`.`Status` = 'WAITING'
LIMIT 1
2026-10-06 16:33:44 - INF - Executed DbCommand (3ms) [Parameters=[@p0='?' (Size = 4000), @p1='?' (Size = 4000), @p2='?' (Size = 4000), @p3='?' (DbType = Double), @p4='?' (DbType = Double), @p5='?' (Size = 4000), @p6='?' (Size = 4000), @p7='?' (Size = 4000), @p8='?' (Size = 4000), @p9='?' (Size = 4000)], CommandType='"Text"', CommandTimeout='30']
INSERT INTO `SouthAlerts` (`AlertId`, `Classification`, `Content`, `Lat`, `Lon`, `Priority`, `Source`, `Status`, `Timestamp`, `Title`)
VALUES (@p0, @p1, @p2, @p3, @p4, @p5, @p6, @p7, @p8, @p9);
SELECT `Id`
FROM `SouthAlerts`
WHERE ROW_COUNT() = 1 AND `Id` = LAST_INSERT_ID();
2026-10-06 16:33:44 - INF - Executed DbCommand (3ms) [Parameters=[], CommandType='"Text"', CommandTimeout='30']
SELECT `o`.`Id`, `o`.`AlertId`, `o`.`Classification`, `o`.`Content`, `o`.`Lat`, `o`.`Lon`, `o`.`Priority`, `o`.`Source`, `o`.`Status`, `o`.`Timestamp`, `o`.`Title`
FROM `OverseasAlerts` AS `o`
WHERE `o`.`Status` = 'WAITING'
LIMIT 1
2026-10-06 16:33:46 - INF - Executed DbCommand (3ms) [Parameters=[@p0='?' (Size = 4000), @p1='?' (Size = 4000), @p2='?' (Size = 4000), @p3='?' (DbType = Double), @p4='?' (DbType = Double), @p5='?' (Size = 4000), @p6='?' (Size = 4000), @p7='?' (Size = 4000), @p8='?' (Size = 4000), @p9='?' (Size = 4000)], CommandType='"Text"', CommandTimeout='30']
INSERT INTO `OverseasAlerts` (`AlertId`, `Classification`, `Content`, `Lat`, `Lon`, `Priority`, `Source`, `Status`, `Timestamp`, `Title`)
VALUES (@p0, @p1, @p2, @p3, @p4, @p5, @p6, @p7, @p8, @p9);
SELECT `Id`
FROM `OverseasAlerts`
WHERE ROW_COUNT() = 1 AND `Id` = LAST_INSERT_ID();
2026-10-06 16:33:46 - INF - Executed DbCommand (3ms) [Parameters=[], CommandType='"Text"', CommandTimeout='30']
SELECT `n`.`Id`, `n`.`AlertId`, `n`.`Classification`, `n`.`Content`, `n`.`Lat`, `n`.`Lon`, `n`.`Priority`, `n`.`Source`, `n`.`Status`, `n`.`Timestamp`, `n`.`Title`
FROM `NorthAlerts` AS `n`
WHERE `n`.`Status` = 'WAITING'
LIMIT 1
2026-10-06 16:33:48 - INF - Executed DbCommand (8ms) [Parameters=[@p0='?' (Size = 4000), @p1='?' (Size = 4000), @p2='?' (Size = 4000), @p3='?' (DbType = Double), @p4='?' (DbType = Double), @p5='?' (Size = 4000), @p6='?' (Size = 4000), @p7='?' (Size = 4000), @p8='?' (Size = 4000), @p9='?' (Size = 4000)], CommandType='"Text"', CommandTimeout='30']
INSERT INTO `NorthAlerts` (`AlertId`, `Classification`, `Content`, `Lat`, `Lon`, `Priority`, `Source`, `Status`, `Timestamp`, `Title`)
VALUES (@p0, @p1, @p2, @p3, @p4, @p5, @p6, @p7, @p8, @p9);
SELECT `Id`
FROM `NorthAlerts`
WHERE ROW_COUNT() = 1 AND `Id` = LAST_INSERT_ID();
2026-10-06 16:33:48 - INF - Executed DbCommand (2ms) [Parameters=[], CommandType='"Text"', CommandTimeout='30']
SELECT `c`.`Id`, `c`.`AlertId`, `c`.`Classification`, `c`.`Content`, `c`.`Lat`, `c`.`Lon`, `c`.`Priority`, `c`.`Source`, `c`.`Status`, `c`.`Timestamp`, `c`.`Title`
FROM `CenterAlerts` AS `c`
WHERE `c`.`Status` = 'WAITING'
LIMIT 1
2026-10-06 16:33:55 - INF - Executed DbCommand (4ms) [Parameters=[@p0='?' (Size = 4000), @p1='?' (Size = 4000), @p2='?' (Size = 4000), @p3='?' (DbType = Double), @p4='?' (DbType = Double), @p5='?' (Size = 4000), @p6='?' (Size = 4000), @p7='?' (Size = 4000), @p8='?' (Size = 4000), @p9='?' (Size = 4000)], CommandType='"Text"', CommandTimeout='30']
INSERT INTO `CenterAlerts` (`AlertId`, `Classification`, `Content`, `Lat`, `Lon`, `Priority`, `Source`, `Status`, `Timestamp`, `Title`)
VALUES (@p0, @p1, @p2, @p3, @p4, @p5, @p6, @p7, @p8, @p9);
SELECT `Id`
FROM `CenterAlerts`
WHERE ROW_COUNT() = 1 AND `Id` = LAST_INSERT_ID();
2026-10-06 16:33:55 - INF - Executed DbCommand (2ms) [Parameters=[], CommandType='"Text"', CommandTimeout='30']
SELECT `s`.`Id`, `s`.`AlertId`, `s`.`Classification`, `s`.`Content`, `s`.`Lat`, `s`.`Lon`, `s`.`Priority`, `s`.`Source`, `s`.`Status`, `s`.`Timestamp`, `s`.`Title`
FROM `SouthAlerts` AS `s`
WHERE `s`.`Status` = 'WAITING'
LIMIT 1
2026-10-06 16:34:01 - INF - Executed DbCommand (7ms) [Parameters=[@p0='?' (Size = 4000), @p1='?' (Size = 4000), @p2='?' (Size = 4000), @p3='?' (DbType = Double), @p4='?' (DbType = Double), @p5='?' (Size = 4000), @p6='?' (Size = 4000), @p7='?' (Size = 4000), @p8='?' (Size = 4000), @p9='?' (Size = 4000)], CommandType='"Text"', CommandTimeout='30']
INSERT INTO `SouthAlerts` (`AlertId`, `Classification`, `Content`, `Lat`, `Lon`, `Priority`, `Source`, `Status`, `Timestamp`, `Title`)
VALUES (@p0, @p1, @p2, @p3, @p4, @p5, @p6, @p7, @p8, @p9);
SELECT `Id`
FROM `SouthAlerts`
WHERE ROW_COUNT() = 1 AND `Id` = LAST_INSERT_ID();
2026-10-06 16:34:01 - INF - Executed DbCommand (2ms) [Parameters=[], CommandType='"Text"', CommandTimeout='30']
SELECT `o`.`Id`, `o`.`AlertId`, `o`.`Classification`, `o`.`Content`, `o`.`Lat`, `o`.`Lon`, `o`.`Priority`, `o`.`Source`, `o`.`Status`, `o`.`Timestamp`, `o`.`Title`
FROM `OverseasAlerts` AS `o`
WHERE `o`.`Status` = 'WAITING'
LIMIT 1
2026-10-06 16:34:04 - INF - Executed DbCommand (4ms) [Parameters=[@p0='?' (Size = 4000), @p1='?' (Size = 4000), @p2='?' (Size = 4000), @p3='?' (DbType = Double), @p4='?' (DbType = Double), @p5='?' (Size = 4000), @p6='?' (Size = 4000), @p7='?' (Size = 4000), @p8='?' (Size = 4000), @p9='?' (Size = 4000)], CommandType='"Text"', CommandTimeout='30']
INSERT INTO `OverseasAlerts` (`AlertId`, `Classification`, `Content`, `Lat`, `Lon`, `Priority`, `Source`, `Status`, `Timestamp`, `Title`)
VALUES (@p0, @p1, @p2, @p3, @p4, @p5, @p6, @p7, @p8, @p9);
SELECT `Id`
FROM `OverseasAlerts`
WHERE ROW_COUNT() = 1 AND `Id` = LAST_INSERT_ID();
2026-10-06 16:34:04 - INF - Executed DbCommand (2ms) [Parameters=[], CommandType='"Text"', CommandTimeout='30']
SELECT `n`.`Id`, `n`.`AlertId`, `n`.`Classification`, `n`.`Content`, `n`.`Lat`, `n`.`Lon`, `n`.`Priority`, `n`.`Source`, `n`.`Status`, `n`.`Timestamp`, `n`.`Title`
FROM `NorthAlerts` AS `n`
WHERE `n`.`Status` = 'WAITING'
LIMIT 1
2026-10-06 16:34:06 - INF - Executed DbCommand (3ms) [Parameters=[@p0='?' (Size = 4000), @p1='?' (Size = 4000), @p2='?' (Size = 4000), @p3='?' (DbType = Double), @p4='?' (DbType = Double), @p5='?' (Size = 4000), @p6='?' (Size = 4000), @p7='?' (Size = 4000), @p8='?' (Size = 4000), @p9='?' (Size = 4000)], CommandType='"Text"', CommandTimeout='30']
INSERT INTO `NorthAlerts` (`AlertId`, `Classification`, `Content`, `Lat`, `Lon`, `Priority`, `Source`, `Status`, `Timestamp`, `Title`)
VALUES (@p0, @p1, @p2, @p3, @p4, @p5, @p6, @p7, @p8, @p9);
SELECT `Id`
FROM `NorthAlerts`
WHERE ROW_COUNT() = 1 AND `Id` = LAST_INSERT_ID();
2026-10-06 16:34:06 - INF - Executed DbCommand (4ms) [Parameters=[], CommandType='"Text"', CommandTimeout='30']
SELECT `c`.`Id`, `c`.`AlertId`, `c`.`Classification`, `c`.`Content`, `c`.`Lat`, `c`.`Lon`, `c`.`Priority`, `c`.`Source`, `c`.`Status`, `c`.`Timestamp`, `c`.`Title`
FROM `CenterAlerts` AS `c`
WHERE `c`.`Status` = 'WAITING'
LIMIT 1
2026-10-06 16:34:13 - INF - Executed DbCommand (5ms) [Parameters=[@p0='?' (Size = 4000), @p1='?' (Size = 4000), @p2='?' (Size = 4000), @p3='?' (DbType = Double), @p4='?' (DbType = Double), @p5='?' (Size = 4000), @p6='?' (Size = 4000), @p7='?' (Size = 4000), @p8='?' (Size = 4000), @p9='?' (Size = 4000)], CommandType='"Text"', CommandTimeout='30']
INSERT INTO `CenterAlerts` (`AlertId`, `Classification`, `Content`, `Lat`, `Lon`, `Priority`, `Source`, `Status`, `Timestamp`, `Title`)
VALUES (@p0, @p1, @p2, @p3, @p4, @p5, @p6, @p7, @p8, @p9);
SELECT `Id`
FROM `CenterAlerts`
WHERE ROW_COUNT() = 1 AND `Id` = LAST_INSERT_ID();
2026-10-06 16:34:13 - INF - Executed DbCommand (4ms) [Parameters=[], CommandType='"Text"', CommandTimeout='30']
SELECT `s`.`Id`, `s`.`AlertId`, `s`.`Classification`, `s`.`Content`, `s`.`Lat`, `s`.`Lon`, `s`.`Priority`, `s`.`Source`, `s`.`Status`, `s`.`Timestamp`, `s`.`Title`
FROM `SouthAlerts` AS `s`
WHERE `s`.`Status` = 'WAITING'
LIMIT 1
2026-10-06 16:34:19 - INF - Executed DbCommand (4ms) [Parameters=[@p0='?' (Size = 4000), @p1='?' (Size = 4000), @p2='?' (Size = 4000), @p3='?' (DbType = Double), @p4='?' (DbType = Double), @p5='?' (Size = 4000), @p6='?' (Size = 4000), @p7='?' (Size = 4000), @p8='?' (Size = 4000), @p9='?' (Size = 4000)], CommandType='"Text"', CommandTimeout='30']
INSERT INTO `SouthAlerts` (`AlertId`, `Classification`, `Content`, `Lat`, `Lon`, `Priority`, `Source`, `Status`, `Timestamp`, `Title`)
VALUES (@p0, @p1, @p2, @p3, @p4, @p5, @p6, @p7, @p8, @p9);
SELECT `Id`
FROM `SouthAlerts`
WHERE ROW_COUNT() = 1 AND `Id` = LAST_INSERT_ID();
2026-10-06 16:34:19 - INF - Executed DbCommand (4ms) [Parameters=[], CommandType='"Text"', CommandTimeout='30']
SELECT `o`.`Id`, `o`.`AlertId`, `o`.`Classification`, `o`.`Content`, `o`.`Lat`, `o`.`Lon`, `o`.`Priority`, `o`.`Source`, `o`.`Status`, `o`.`Timestamp`, `o`.`Title`
FROM `OverseasAlerts` AS `o`
WHERE `o`.`Status` = 'WAITING'
LIMIT 1
2026-10-06 16:34:21 - INF - Executed DbCommand (55ms) [Parameters=[@p0='?' (Size = 4000), @p1='?' (Size = 4000), @p2='?' (Size = 4000), @p3='?' (DbType = Double), @p4='?' (DbType = Double), @p5='?' (Size = 4000), @p6='?' (Size = 4000), @p7='?' (Size = 4000), @p8='?' (Size = 4000), @p9='?' (Size = 4000)], CommandType='"Text"', CommandTimeout='30']
INSERT INTO `OverseasAlerts` (`AlertId`, `Classification`, `Content`, `Lat`, `Lon`, `Priority`, `Source`, `Status`, `Timestamp`, `Title`)
VALUES (@p0, @p1, @p2, @p3, @p4, @p5, @p6, @p7, @p8, @p9);
SELECT `Id`
FROM `OverseasAlerts`
WHERE ROW_COUNT() = 1 AND `Id` = LAST_INSERT_ID();
2026-10-06 16:34:21 - INF - Executed DbCommand (3ms) [Parameters=[], CommandType='"Text"', CommandTimeout='30']
SELECT `n`.`Id`, `n`.`AlertId`, `n`.`Classification`, `n`.`Content`, `n`.`Lat`, `n`.`Lon`, `n`.`Priority`, `n`.`Source`, `n`.`Status`, `n`.`Timestamp`, `n`.`Title`
FROM `NorthAlerts` AS `n`
WHERE `n`.`Status` = 'WAITING'
LIMIT 1
2026-10-06 16:34:23 - INF - Executed DbCommand (1ms) [Parameters=[@p0='?' (Size = 4000), @p1='?' (Size = 4000), @p2='?' (Size = 4000), @p3='?' (DbType = Double), @p4='?' (DbType = Double), @p5='?' (Size = 4000), @p6='?' (Size = 4000), @p7='?' (Size = 4000), @p8='?' (Size = 4000), @p9='?' (Size = 4000)], CommandType='"Text"', CommandTimeout='30']
INSERT INTO `NorthAlerts` (`AlertId`, `Classification`, `Content`, `Lat`, `Lon`, `Priority`, `Source`, `Status`, `Timestamp`, `Title`)
VALUES (@p0, @p1, @p2, @p3, @p4, @p5, @p6, @p7, @p8, @p9);
SELECT `Id`
FROM `NorthAlerts`
WHERE ROW_COUNT() = 1 AND `Id` = LAST_INSERT_ID();
2026-10-06 16:34:23 - INF - Executed DbCommand (1ms) [Parameters=[], CommandType='"Text"', CommandTimeout='30']
SELECT `c`.`Id`, `c`.`AlertId`, `c`.`Classification`, `c`.`Content`, `c`.`Lat`, `c`.`Lon`, `c`.`Priority`, `c`.`Source`, `c`.`Status`, `c`.`Timestamp`, `c`.`Title`
FROM `CenterAlerts` AS `c`
WHERE `c`.`Status` = 'WAITING'
LIMIT 1
2026-10-06 16:34:29 - INF - Application is shutting down...
2026-10-06 16:34:30 - INF - Executed DbCommand (2ms) [Parameters=[@p0='?' (Size = 4000), @p1='?' (Size = 4000), @p2='?' (Size = 4000), @p3='?' (DbType = Double), @p4='?' (DbType = Double), @p5='?' (Size = 4000), @p6='?' (Size = 4000), @p7='?' (Size = 4000), @p8='?' (Size = 4000), @p9='?' (Size = 4000)], CommandType='"Text"', CommandTimeout='30']
INSERT INTO `CenterAlerts` (`AlertId`, `Classification`, `Content`, `Lat`, `Lon`, `Priority`, `Source`, `Status`, `Timestamp`, `Title`)
VALUES (@p0, @p1, @p2, @p3, @p4, @p5, @p6, @p7, @p8, @p9);
SELECT `Id`
FROM `CenterAlerts`
WHERE ROW_COUNT() = 1 AND `Id` = LAST_INSERT_ID();
2026-10-06 16:34:30 - INF - Executed DbCommand (2ms) [Parameters=[], CommandType='"Text"', CommandTimeout='30']
SELECT `s`.`Id`, `s`.`AlertId`, `s`.`Classification`, `s`.`Content`, `s`.`Lat`, `s`.`Lon`, `s`.`Priority`, `s`.`Source`, `s`.`Status`, `s`.`Timestamp`, `s`.`Title`
FROM `SouthAlerts` AS `s`
WHERE `s`.`Status` = 'WAITING'
LIMIT 1
2026-10-06 16:34:36 - INF - Executed DbCommand (2ms) [Parameters=[@p0='?' (Size = 4000), @p1='?' (Size = 4000), @p2='?' (Size = 4000), @p3='?' (DbType = Double), @p4='?' (DbType = Double), @p5='?' (Size = 4000), @p6='?' (Size = 4000), @p7='?' (Size = 4000), @p8='?' (Size = 4000), @p9='?' (Size = 4000)], CommandType='"Text"', CommandTimeout='30']
INSERT INTO `SouthAlerts` (`AlertId`, `Classification`, `Content`, `Lat`, `Lon`, `Priority`, `Source`, `Status`, `Timestamp`, `Title`)
VALUES (@p0, @p1, @p2, @p3, @p4, @p5, @p6, @p7, @p8, @p9);
SELECT `Id`
FROM `SouthAlerts`
WHERE ROW_COUNT() = 1 AND `Id` = LAST_INSERT_ID();
2026-10-06 16:34:36 - INF - Executed DbCommand (2ms) [Parameters=[], CommandType='"Text"', CommandTimeout='30']
SELECT `o`.`Id`, `o`.`AlertId`, `o`.`Classification`, `o`.`Content`, `o`.`Lat`, `o`.`Lon`, `o`.`Priority`, `o`.`Source`, `o`.`Status`, `o`.`Timestamp`, `o`.`Title`
FROM `OverseasAlerts` AS `o`
WHERE `o`.`Status` = 'WAITING'
LIMIT 1
2026-10-06 16:34:38 - INF - Executed DbCommand (28ms) [Parameters=[@p0='?' (Size = 4000), @p1='?' (Size = 4000), @p2='?' (Size = 4000), @p3='?' (DbType = Double), @p4='?' (DbType = Double), @p5='?' (Size = 4000), @p6='?' (Size = 4000), @p7='?' (Size = 4000), @p8='?' (Size = 4000), @p9='?' (Size = 4000)], CommandType='"Text"', CommandTimeout='30']
INSERT INTO `OverseasAlerts` (`AlertId`, `Classification`, `Content`, `Lat`, `Lon`, `Priority`, `Source`, `Status`, `Timestamp`, `Title`)
VALUES (@p0, @p1, @p2, @p3, @p4, @p5, @p6, @p7, @p8, @p9);
SELECT `Id`
FROM `OverseasAlerts`
WHERE ROW_COUNT() = 1 AND `Id` = LAST_INSERT_ID();
2026-10-06 16:34:38 - INF - Executed DbCommand (1ms) [Parameters=[], CommandType='"Text"', CommandTimeout='30']
SELECT `n`.`Id`, `n`.`AlertId`, `n`.`Classification`, `n`.`Content`, `n`.`Lat`, `n`.`Lon`, `n`.`Priority`, `n`.`Source`, `n`.`Status`, `n`.`Timestamp`, `n`.`Title`
FROM `NorthAlerts` AS `n`
WHERE `n`.`Status` = 'WAITING'
LIMIT 1
2026-10-06 16:34:40 - INF - Executed DbCommand (5ms) [Parameters=[@p0='?' (Size = 4000), @p1='?' (Size = 4000), @p2='?' (Size = 4000), @p3='?' (DbType = Double), @p4='?' (DbType = Double), @p5='?' (Size = 4000), @p6='?' (Size = 4000), @p7='?' (Size = 4000), @p8='?' (Size = 4000), @p9='?' (Size = 4000)], CommandType='"Text"', CommandTimeout='30']
INSERT INTO `NorthAlerts` (`AlertId`, `Classification`, `Content`, `Lat`, `Lon`, `Priority`, `Source`, `Status`, `Timestamp`, `Title`)
VALUES (@p0, @p1, @p2, @p3, @p4, @p5, @p6, @p7, @p8, @p9);
SELECT `Id`
FROM `NorthAlerts`
WHERE ROW_COUNT() = 1 AND `Id` = LAST_INSERT_ID();
2026-10-06 16:34:40 - INF - Executed DbCommand (2ms) [Parameters=[], CommandType='"Text"', CommandTimeout='30']
SELECT `c`.`Id`, `c`.`AlertId`, `c`.`Classification`, `c`.`Content`, `c`.`Lat`, `c`.`Lon`, `c`.`Priority`, `c`.`Source`, `c`.`Status`, `c`.`Timestamp`, `c`.`Title`
FROM `CenterAlerts` AS `c`
WHERE `c`.`Status` = 'WAITING'
LIMIT 1
2026-10-06 16:34:47 - INF - Executed DbCommand (2ms) [Parameters=[@p0='?' (Size = 4000), @p1='?' (Size = 4000), @p2='?' (Size = 4000), @p3='?' (DbType = Double), @p4='?' (DbType = Double), @p5='?' (Size = 4000), @p6='?' (Size = 4000), @p7='?' (Size = 4000), @p8='?' (Size = 4000), @p9='?' (Size = 4000)], CommandType='"Text"', CommandTimeout='30']
INSERT INTO `CenterAlerts` (`AlertId`, `Classification`, `Content`, `Lat`, `Lon`, `Priority`, `Source`, `Status`, `Timestamp`, `Title`)
VALUES (@p0, @p1, @p2, @p3, @p4, @p5, @p6, @p7, @p8, @p9);
SELECT `Id`
FROM `CenterAlerts`
WHERE ROW_COUNT() = 1 AND `Id` = LAST_INSERT_ID();
2026-10-06 16:34:47 - INF - Executed DbCommand (1ms) [Parameters=[], CommandType='"Text"', CommandTimeout='30']
SELECT `s`.`Id`, `s`.`AlertId`, `s`.`Classification`, `s`.`Content`, `s`.`Lat`, `s`.`Lon`, `s`.`Priority`, `s`.`Source`, `s`.`Status`, `s`.`Timestamp`, `s`.`Title`
FROM `SouthAlerts` AS `s`
WHERE `s`.`Status` = 'WAITING'
LIMIT 1
2026-10-06 16:34:53 - INF - Executed DbCommand (7ms) [Parameters=[@p0='?' (Size = 4000), @p1='?' (Size = 4000), @p2='?' (Size = 4000), @p3='?' (DbType = Double), @p4='?' (DbType = Double), @p5='?' (Size = 4000), @p6='?' (Size = 4000), @p7='?' (Size = 4000), @p8='?' (Size = 4000), @p9='?' (Size = 4000)], CommandType='"Text"', CommandTimeout='30']
INSERT INTO `SouthAlerts` (`AlertId`, `Classification`, `Content`, `Lat`, `Lon`, `Priority`, `Source`, `Status`, `Timestamp`, `Title`)
VALUES (@p0, @p1, @p2, @p3, @p4, @p5, @p6, @p7, @p8, @p9);
SELECT `Id`
FROM `SouthAlerts`
WHERE ROW_COUNT() = 1 AND `Id` = LAST_INSERT_ID();
2026-10-06 16:34:53 - INF - Executed DbCommand (4ms) [Parameters=[], CommandType='"Text"', CommandTimeout='30']
SELECT `o`.`Id`, `o`.`AlertId`, `o`.`Classification`, `o`.`Content`, `o`.`Lat`, `o`.`Lon`, `o`.`Priority`, `o`.`Source`, `o`.`Status`, `o`.`Timestamp`, `o`.`Title`
FROM `OverseasAlerts` AS `o`
WHERE `o`.`Status` = 'WAITING'
LIMIT 1
2026-10-06 16:34:55 - INF - Executed DbCommand (17ms) [Parameters=[@p0='?' (Size = 4000), @p1='?' (Size = 4000), @p2='?' (Size = 4000), @p3='?' (DbType = Double), @p4='?' (DbType = Double), @p5='?' (Size = 4000), @p6='?' (Size = 4000), @p7='?' (Size = 4000), @p8='?' (Size = 4000), @p9='?' (Size = 4000)], CommandType='"Text"', CommandTimeout='30']
INSERT INTO `OverseasAlerts` (`AlertId`, `Classification`, `Content`, `Lat`, `Lon`, `Priority`, `Source`, `Status`, `Timestamp`, `Title`)
VALUES (@p0, @p1, @p2, @p3, @p4, @p5, @p6, @p7, @p8, @p9);
SELECT `Id`
FROM `OverseasAlerts`
WHERE ROW_COUNT() = 1 AND `Id` = LAST_INSERT_ID();
2026-10-06 16:34:55 - INF - Executed DbCommand (3ms) [Parameters=[], CommandType='"Text"', CommandTimeout='30']
SELECT `n`.`Id`, `n`.`AlertId`, `n`.`Classification`, `n`.`Content`, `n`.`Lat`, `n`.`Lon`, `n`.`Priority`, `n`.`Source`, `n`.`Status`, `n`.`Timestamp`, `n`.`Title`
FROM `NorthAlerts` AS `n`
WHERE `n`.`Status` = 'WAITING'
LIMIT 1
2026-10-06 16:34:57 - INF - Executed DbCommand (1ms) [Parameters=[@p0='?' (Size = 4000), @p1='?' (Size = 4000), @p2='?' (Size = 4000), @p3='?' (DbType = Double), @p4='?' (DbType = Double), @p5='?' (Size = 4000), @p6='?' (Size = 4000), @p7='?' (Size = 4000), @p8='?' (Size = 4000), @p9='?' (Size = 4000)], CommandType='"Text"', CommandTimeout='30']
INSERT INTO `NorthAlerts` (`AlertId`, `Classification`, `Content`, `Lat`, `Lon`, `Priority`, `Source`, `Status`, `Timestamp`, `Title`)
VALUES (@p0, @p1, @p2, @p3, @p4, @p5, @p6, @p7, @p8, @p9);
SELECT `Id`
FROM `NorthAlerts`
WHERE ROW_COUNT() = 1 AND `Id` = LAST_INSERT_ID();
2026-10-06 16:34:57 - INF - Executed DbCommand (2ms) [Parameters=[], CommandType='"Text"', CommandTimeout='30']
SELECT `c`.`Id`, `c`.`AlertId`, `c`.`Classification`, `c`.`Content`, `c`.`Lat`, `c`.`Lon`, `c`.`Priority`, `c`.`Source`, `c`.`Status`, `c`.`Timestamp`, `c`.`Title`
FROM `CenterAlerts` AS `c`
WHERE `c`.`Status` = 'WAITING'
LIMIT 1
2026-10-06 17:12:54 - INF - Executed DbCommand (14ms) [Parameters=[], CommandType='"Text"', CommandTimeout='30']
SELECT CASE WHEN COUNT(*) = 0 THEN FALSE ELSE TRUE END
FROM information_schema.tables
WHERE table_type = 'BASE TABLE' AND table_schema = 'CommandCenterDb'
2026-10-06 17:12:54 - INF - Executed DbCommand (12ms) [Parameters=[], CommandType='"Text"', CommandTimeout='30']
SELECT `n`.`Id`, `n`.`AlertId`, `n`.`Classification`, `n`.`Content`, `n`.`Lat`, `n`.`Lon`, `n`.`Priority`, `n`.`Source`, `n`.`Status`, `n`.`Timestamp`, `n`.`Title`
FROM `NorthAlerts` AS `n`
WHERE `n`.`Status` = 'WAITING'
LIMIT 1
2026-10-06 17:12:54 - INF - Application started. Press Ctrl+C to shut down.
2026-10-06 17:12:54 - INF - Hosting environment: Production
2026-10-06 17:12:54 - INF - Content root path: C:\Users\Yonil\source\repos\KolAman\TaskManager
2026-10-06 17:13:01 - INF - Executed DbCommand (64ms) [Parameters=[@p0='?' (Size = 4000), @p1='?' (Size = 4000), @p2='?' (Size = 4000), @p3='?' (DbType = Double), @p4='?' (DbType = Double), @p5='?' (Size = 4000), @p6='?' (Size = 4000), @p7='?' (Size = 4000), @p8='?' (Size = 4000), @p9='?' (Size = 4000)], CommandType='"Text"', CommandTimeout='30']
INSERT INTO `NorthAlerts` (`AlertId`, `Classification`, `Content`, `Lat`, `Lon`, `Priority`, `Source`, `Status`, `Timestamp`, `Title`)
VALUES (@p0, @p1, @p2, @p3, @p4, @p5, @p6, @p7, @p8, @p9);
SELECT `Id`
FROM `NorthAlerts`
WHERE ROW_COUNT() = 1 AND `Id` = LAST_INSERT_ID();
2026-10-06 17:13:01 - INF - Executed DbCommand (1ms) [Parameters=[], CommandType='"Text"', CommandTimeout='30']
SELECT `c`.`Id`, `c`.`AlertId`, `c`.`Classification`, `c`.`Content`, `c`.`Lat`, `c`.`Lon`, `c`.`Priority`, `c`.`Source`, `c`.`Status`, `c`.`Timestamp`, `c`.`Title`
FROM `CenterAlerts` AS `c`
WHERE `c`.`Status` = 'WAITING'
LIMIT 1
2026-10-06 17:13:03 - INF - Executed DbCommand (21ms) [Parameters=[@p0='?' (Size = 4000), @p1='?' (Size = 4000), @p2='?' (Size = 4000), @p3='?' (DbType = Double), @p4='?' (DbType = Double), @p5='?' (Size = 4000), @p6='?' (Size = 4000), @p7='?' (Size = 4000), @p8='?' (Size = 4000), @p9='?' (Size = 4000)], CommandType='"Text"', CommandTimeout='30']
INSERT INTO `CenterAlerts` (`AlertId`, `Classification`, `Content`, `Lat`, `Lon`, `Priority`, `Source`, `Status`, `Timestamp`, `Title`)
VALUES (@p0, @p1, @p2, @p3, @p4, @p5, @p6, @p7, @p8, @p9);
SELECT `Id`
FROM `CenterAlerts`
WHERE ROW_COUNT() = 1 AND `Id` = LAST_INSERT_ID();
2026-10-06 17:13:03 - INF - Executed DbCommand (2ms) [Parameters=[], CommandType='"Text"', CommandTimeout='30']
SELECT `s`.`Id`, `s`.`AlertId`, `s`.`Classification`, `s`.`Content`, `s`.`Lat`, `s`.`Lon`, `s`.`Priority`, `s`.`Source`, `s`.`Status`, `s`.`Timestamp`, `s`.`Title`
FROM `SouthAlerts` AS `s`
WHERE `s`.`Status` = 'WAITING'
LIMIT 1
2026-10-06 17:13:10 - INF - Executed DbCommand (2ms) [Parameters=[@p0='?' (Size = 4000), @p1='?' (Size = 4000), @p2='?' (Size = 4000), @p3='?' (DbType = Double), @p4='?' (DbType = Double), @p5='?' (Size = 4000), @p6='?' (Size = 4000), @p7='?' (Size = 4000), @p8='?' (Size = 4000), @p9='?' (Size = 4000)], CommandType='"Text"', CommandTimeout='30']
INSERT INTO `SouthAlerts` (`AlertId`, `Classification`, `Content`, `Lat`, `Lon`, `Priority`, `Source`, `Status`, `Timestamp`, `Title`)
VALUES (@p0, @p1, @p2, @p3, @p4, @p5, @p6, @p7, @p8, @p9);
SELECT `Id`
FROM `SouthAlerts`
WHERE ROW_COUNT() = 1 AND `Id` = LAST_INSERT_ID();
2026-10-06 17:13:10 - INF - Executed DbCommand (3ms) [Parameters=[], CommandType='"Text"', CommandTimeout='30']
SELECT `o`.`Id`, `o`.`AlertId`, `o`.`Classification`, `o`.`Content`, `o`.`Lat`, `o`.`Lon`, `o`.`Priority`, `o`.`Source`, `o`.`Status`, `o`.`Timestamp`, `o`.`Title`
FROM `OverseasAlerts` AS `o`
WHERE `o`.`Status` = 'WAITING'
LIMIT 1
2026-10-06 17:13:17 - INF - Executed DbCommand (2ms) [Parameters=[@p0='?' (Size = 4000), @p1='?' (Size = 4000), @p2='?' (Size = 4000), @p3='?' (DbType = Double), @p4='?' (DbType = Double), @p5='?' (Size = 4000), @p6='?' (Size = 4000), @p7='?' (Size = 4000), @p8='?' (Size = 4000), @p9='?' (Size = 4000)], CommandType='"Text"', CommandTimeout='30']
INSERT INTO `OverseasAlerts` (`AlertId`, `Classification`, `Content`, `Lat`, `Lon`, `Priority`, `Source`, `Status`, `Timestamp`, `Title`)
VALUES (@p0, @p1, @p2, @p3, @p4, @p5, @p6, @p7, @p8, @p9);
SELECT `Id`
FROM `OverseasAlerts`
WHERE ROW_COUNT() = 1 AND `Id` = LAST_INSERT_ID();
2026-10-06 17:13:17 - INF - Executed DbCommand (1ms) [Parameters=[], CommandType='"Text"', CommandTimeout='30']
SELECT `n`.`Id`, `n`.`AlertId`, `n`.`Classification`, `n`.`Content`, `n`.`Lat`, `n`.`Lon`, `n`.`Priority`, `n`.`Source`, `n`.`Status`, `n`.`Timestamp`, `n`.`Title`
FROM `NorthAlerts` AS `n`
WHERE `n`.`Status` = 'WAITING'
LIMIT 1
2026-10-06 17:13:23 - INF - Executed DbCommand (2ms) [Parameters=[@p0='?' (Size = 4000), @p1='?' (Size = 4000), @p2='?' (Size = 4000), @p3='?' (DbType = Double), @p4='?' (DbType = Double), @p5='?' (Size = 4000), @p6='?' (Size = 4000), @p7='?' (Size = 4000), @p8='?' (Size = 4000), @p9='?' (Size = 4000)], CommandType='"Text"', CommandTimeout='30']
INSERT INTO `NorthAlerts` (`AlertId`, `Classification`, `Content`, `Lat`, `Lon`, `Priority`, `Source`, `Status`, `Timestamp`, `Title`)
VALUES (@p0, @p1, @p2, @p3, @p4, @p5, @p6, @p7, @p8, @p9);
SELECT `Id`
FROM `NorthAlerts`
WHERE ROW_COUNT() = 1 AND `Id` = LAST_INSERT_ID();
2026-10-06 17:13:23 - INF - Executed DbCommand (1ms) [Parameters=[], CommandType='"Text"', CommandTimeout='30']
SELECT `c`.`Id`, `c`.`AlertId`, `c`.`Classification`, `c`.`Content`, `c`.`Lat`, `c`.`Lon`, `c`.`Priority`, `c`.`Source`, `c`.`Status`, `c`.`Timestamp`, `c`.`Title`
FROM `CenterAlerts` AS `c`
WHERE `c`.`Status` = 'WAITING'
LIMIT 1
2026-10-06 17:13:25 - INF - Executed DbCommand (3ms) [Parameters=[@p0='?' (Size = 4000), @p1='?' (Size = 4000), @p2='?' (Size = 4000), @p3='?' (DbType = Double), @p4='?' (DbType = Double), @p5='?' (Size = 4000), @p6='?' (Size = 4000), @p7='?' (Size = 4000), @p8='?' (Size = 4000), @p9='?' (Size = 4000)], CommandType='"Text"', CommandTimeout='30']
INSERT INTO `CenterAlerts` (`AlertId`, `Classification`, `Content`, `Lat`, `Lon`, `Priority`, `Source`, `Status`, `Timestamp`, `Title`)
VALUES (@p0, @p1, @p2, @p3, @p4, @p5, @p6, @p7, @p8, @p9);
SELECT `Id`
FROM `CenterAlerts`
WHERE ROW_COUNT() = 1 AND `Id` = LAST_INSERT_ID();
2026-10-06 17:13:25 - INF - Executed DbCommand (2ms) [Parameters=[], CommandType='"Text"', CommandTimeout='30']
SELECT `s`.`Id`, `s`.`AlertId`, `s`.`Classification`, `s`.`Content`, `s`.`Lat`, `s`.`Lon`, `s`.`Priority`, `s`.`Source`, `s`.`Status`, `s`.`Timestamp`, `s`.`Title`
FROM `SouthAlerts` AS `s`
WHERE `s`.`Status` = 'WAITING'
LIMIT 1
2026-10-06 17:13:32 - INF - Executed DbCommand (2ms) [Parameters=[@p0='?' (Size = 4000), @p1='?' (Size = 4000), @p2='?' (Size = 4000), @p3='?' (DbType = Double), @p4='?' (DbType = Double), @p5='?' (Size = 4000), @p6='?' (Size = 4000), @p7='?' (Size = 4000), @p8='?' (Size = 4000), @p9='?' (Size = 4000)], CommandType='"Text"', CommandTimeout='30']
INSERT INTO `SouthAlerts` (`AlertId`, `Classification`, `Content`, `Lat`, `Lon`, `Priority`, `Source`, `Status`, `Timestamp`, `Title`)
VALUES (@p0, @p1, @p2, @p3, @p4, @p5, @p6, @p7, @p8, @p9);
SELECT `Id`
FROM `SouthAlerts`
WHERE ROW_COUNT() = 1 AND `Id` = LAST_INSERT_ID();
2026-10-06 17:13:32 - INF - Executed DbCommand (2ms) [Parameters=[], CommandType='"Text"', CommandTimeout='30']
SELECT `o`.`Id`, `o`.`AlertId`, `o`.`Classification`, `o`.`Content`, `o`.`Lat`, `o`.`Lon`, `o`.`Priority`, `o`.`Source`, `o`.`Status`, `o`.`Timestamp`, `o`.`Title`
FROM `OverseasAlerts` AS `o`
WHERE `o`.`Status` = 'WAITING'
LIMIT 1
2026-10-06 17:13:39 - INF - Executed DbCommand (3ms) [Parameters=[@p0='?' (Size = 4000), @p1='?' (Size = 4000), @p2='?' (Size = 4000), @p3='?' (DbType = Double), @p4='?' (DbType = Double), @p5='?' (Size = 4000), @p6='?' (Size = 4000), @p7='?' (Size = 4000), @p8='?' (Size = 4000), @p9='?' (Size = 4000)], CommandType='"Text"', CommandTimeout='30']
INSERT INTO `OverseasAlerts` (`AlertId`, `Classification`, `Content`, `Lat`, `Lon`, `Priority`, `Source`, `Status`, `Timestamp`, `Title`)
VALUES (@p0, @p1, @p2, @p3, @p4, @p5, @p6, @p7, @p8, @p9);
SELECT `Id`
FROM `OverseasAlerts`
WHERE ROW_COUNT() = 1 AND `Id` = LAST_INSERT_ID();
2026-10-06 17:13:39 - INF - Executed DbCommand (2ms) [Parameters=[], CommandType='"Text"', CommandTimeout='30']
SELECT `n`.`Id`, `n`.`AlertId`, `n`.`Classification`, `n`.`Content`, `n`.`Lat`, `n`.`Lon`, `n`.`Priority`, `n`.`Source`, `n`.`Status`, `n`.`Timestamp`, `n`.`Title`
FROM `NorthAlerts` AS `n`
WHERE `n`.`Status` = 'WAITING'
LIMIT 1
2026-10-06 17:13:45 - INF - Executed DbCommand (3ms) [Parameters=[@p0='?' (Size = 4000), @p1='?' (Size = 4000), @p2='?' (Size = 4000), @p3='?' (DbType = Double), @p4='?' (DbType = Double), @p5='?' (Size = 4000), @p6='?' (Size = 4000), @p7='?' (Size = 4000), @p8='?' (Size = 4000), @p9='?' (Size = 4000)], CommandType='"Text"', CommandTimeout='30']
INSERT INTO `NorthAlerts` (`AlertId`, `Classification`, `Content`, `Lat`, `Lon`, `Priority`, `Source`, `Status`, `Timestamp`, `Title`)
VALUES (@p0, @p1, @p2, @p3, @p4, @p5, @p6, @p7, @p8, @p9);
SELECT `Id`
FROM `NorthAlerts`
WHERE ROW_COUNT() = 1 AND `Id` = LAST_INSERT_ID();
2026-10-06 17:13:45 - INF - Executed DbCommand (3ms) [Parameters=[], CommandType='"Text"', CommandTimeout='30']
SELECT `c`.`Id`, `c`.`AlertId`, `c`.`Classification`, `c`.`Content`, `c`.`Lat`, `c`.`Lon`, `c`.`Priority`, `c`.`Source`, `c`.`Status`, `c`.`Timestamp`, `c`.`Title`
FROM `CenterAlerts` AS `c`
WHERE `c`.`Status` = 'WAITING'
LIMIT 1
2026-10-06 17:13:47 - INF - Executed DbCommand (2ms) [Parameters=[@p0='?' (Size = 4000), @p1='?' (Size = 4000), @p2='?' (Size = 4000), @p3='?' (DbType = Double), @p4='?' (DbType = Double), @p5='?' (Size = 4000), @p6='?' (Size = 4000), @p7='?' (Size = 4000), @p8='?' (Size = 4000), @p9='?' (Size = 4000)], CommandType='"Text"', CommandTimeout='30']
INSERT INTO `CenterAlerts` (`AlertId`, `Classification`, `Content`, `Lat`, `Lon`, `Priority`, `Source`, `Status`, `Timestamp`, `Title`)
VALUES (@p0, @p1, @p2, @p3, @p4, @p5, @p6, @p7, @p8, @p9);
SELECT `Id`
FROM `CenterAlerts`
WHERE ROW_COUNT() = 1 AND `Id` = LAST_INSERT_ID();
2026-10-06 17:13:47 - INF - Executed DbCommand (2ms) [Parameters=[], CommandType='"Text"', CommandTimeout='30']
SELECT `s`.`Id`, `s`.`AlertId`, `s`.`Classification`, `s`.`Content`, `s`.`Lat`, `s`.`Lon`, `s`.`Priority`, `s`.`Source`, `s`.`Status`, `s`.`Timestamp`, `s`.`Title`
FROM `SouthAlerts` AS `s`
WHERE `s`.`Status` = 'WAITING'
LIMIT 1
2026-10-06 17:13:55 - INF - Executed DbCommand (3ms) [Parameters=[@p0='?' (Size = 4000), @p1='?' (Size = 4000), @p2='?' (Size = 4000), @p3='?' (DbType = Double), @p4='?' (DbType = Double), @p5='?' (Size = 4000), @p6='?' (Size = 4000), @p7='?' (Size = 4000), @p8='?' (Size = 4000), @p9='?' (Size = 4000)], CommandType='"Text"', CommandTimeout='30']
INSERT INTO `SouthAlerts` (`AlertId`, `Classification`, `Content`, `Lat`, `Lon`, `Priority`, `Source`, `Status`, `Timestamp`, `Title`)
VALUES (@p0, @p1, @p2, @p3, @p4, @p5, @p6, @p7, @p8, @p9);
SELECT `Id`
FROM `SouthAlerts`
WHERE ROW_COUNT() = 1 AND `Id` = LAST_INSERT_ID();
2026-10-06 17:13:55 - INF - Executed DbCommand (2ms) [Parameters=[], CommandType='"Text"', CommandTimeout='30']
SELECT `o`.`Id`, `o`.`AlertId`, `o`.`Classification`, `o`.`Content`, `o`.`Lat`, `o`.`Lon`, `o`.`Priority`, `o`.`Source`, `o`.`Status`, `o`.`Timestamp`, `o`.`Title`
FROM `OverseasAlerts` AS `o`
WHERE `o`.`Status` = 'WAITING'
LIMIT 1
2026-10-06 17:14:02 - INF - Executed DbCommand (8ms) [Parameters=[@p0='?' (Size = 4000), @p1='?' (Size = 4000), @p2='?' (Size = 4000), @p3='?' (DbType = Double), @p4='?' (DbType = Double), @p5='?' (Size = 4000), @p6='?' (Size = 4000), @p7='?' (Size = 4000), @p8='?' (Size = 4000), @p9='?' (Size = 4000)], CommandType='"Text"', CommandTimeout='30']
INSERT INTO `OverseasAlerts` (`AlertId`, `Classification`, `Content`, `Lat`, `Lon`, `Priority`, `Source`, `Status`, `Timestamp`, `Title`)
VALUES (@p0, @p1, @p2, @p3, @p4, @p5, @p6, @p7, @p8, @p9);
SELECT `Id`
FROM `OverseasAlerts`
WHERE ROW_COUNT() = 1 AND `Id` = LAST_INSERT_ID();
2026-10-06 17:14:02 - INF - Executed DbCommand (9ms) [Parameters=[], CommandType='"Text"', CommandTimeout='30']
SELECT `n`.`Id`, `n`.`AlertId`, `n`.`Classification`, `n`.`Content`, `n`.`Lat`, `n`.`Lon`, `n`.`Priority`, `n`.`Source`, `n`.`Status`, `n`.`Timestamp`, `n`.`Title`
FROM `NorthAlerts` AS `n`
WHERE `n`.`Status` = 'WAITING'
LIMIT 1
2026-10-06 17:14:08 - INF - Executed DbCommand (2ms) [Parameters=[@p0='?' (Size = 4000), @p1='?' (Size = 4000), @p2='?' (Size = 4000), @p3='?' (DbType = Double), @p4='?' (DbType = Double), @p5='?' (Size = 4000), @p6='?' (Size = 4000), @p7='?' (Size = 4000), @p8='?' (Size = 4000), @p9='?' (Size = 4000)], CommandType='"Text"', CommandTimeout='30']
INSERT INTO `NorthAlerts` (`AlertId`, `Classification`, `Content`, `Lat`, `Lon`, `Priority`, `Source`, `Status`, `Timestamp`, `Title`)
VALUES (@p0, @p1, @p2, @p3, @p4, @p5, @p6, @p7, @p8, @p9);
SELECT `Id`
FROM `NorthAlerts`
WHERE ROW_COUNT() = 1 AND `Id` = LAST_INSERT_ID();
2026-10-06 17:14:17 - INF - Executed DbCommand (3ms) [Parameters=[], CommandType='"Text"', CommandTimeout='30']
SELECT `c`.`Id`, `c`.`AlertId`, `c`.`Classification`, `c`.`Content`, `c`.`Lat`, `c`.`Lon`, `c`.`Priority`, `c`.`Source`, `c`.`Status`, `c`.`Timestamp`, `c`.`Title`
FROM `CenterAlerts` AS `c`
WHERE `c`.`Status` = 'WAITING'
LIMIT 1
2026-10-06 17:14:19 - INF - Executed DbCommand (2ms) [Parameters=[@p0='?' (Size = 4000), @p1='?' (Size = 4000), @p2='?' (Size = 4000), @p3='?' (DbType = Double), @p4='?' (DbType = Double), @p5='?' (Size = 4000), @p6='?' (Size = 4000), @p7='?' (Size = 4000), @p8='?' (Size = 4000), @p9='?' (Size = 4000)], CommandType='"Text"', CommandTimeout='30']
INSERT INTO `CenterAlerts` (`AlertId`, `Classification`, `Content`, `Lat`, `Lon`, `Priority`, `Source`, `Status`, `Timestamp`, `Title`)
VALUES (@p0, @p1, @p2, @p3, @p4, @p5, @p6, @p7, @p8, @p9);
SELECT `Id`
FROM `CenterAlerts`
WHERE ROW_COUNT() = 1 AND `Id` = LAST_INSERT_ID();
2026-10-06 17:14:19 - INF - Executed DbCommand (1ms) [Parameters=[], CommandType='"Text"', CommandTimeout='30']
SELECT `s`.`Id`, `s`.`AlertId`, `s`.`Classification`, `s`.`Content`, `s`.`Lat`, `s`.`Lon`, `s`.`Priority`, `s`.`Source`, `s`.`Status`, `s`.`Timestamp`, `s`.`Title`
FROM `SouthAlerts` AS `s`
WHERE `s`.`Status` = 'WAITING'
LIMIT 1
2026-10-06 17:14:26 - INF - Executed DbCommand (2ms) [Parameters=[@p0='?' (Size = 4000), @p1='?' (Size = 4000), @p2='?' (Size = 4000), @p3='?' (DbType = Double), @p4='?' (DbType = Double), @p5='?' (Size = 4000), @p6='?' (Size = 4000), @p7='?' (Size = 4000), @p8='?' (Size = 4000), @p9='?' (Size = 4000)], CommandType='"Text"', CommandTimeout='30']
INSERT INTO `SouthAlerts` (`AlertId`, `Classification`, `Content`, `Lat`, `Lon`, `Priority`, `Source`, `Status`, `Timestamp`, `Title`)
VALUES (@p0, @p1, @p2, @p3, @p4, @p5, @p6, @p7, @p8, @p9);
SELECT `Id`
FROM `SouthAlerts`
WHERE ROW_COUNT() = 1 AND `Id` = LAST_INSERT_ID();
2026-10-06 17:14:26 - INF - Executed DbCommand (2ms) [Parameters=[], CommandType='"Text"', CommandTimeout='30']
SELECT `o`.`Id`, `o`.`AlertId`, `o`.`Classification`, `o`.`Content`, `o`.`Lat`, `o`.`Lon`, `o`.`Priority`, `o`.`Source`, `o`.`Status`, `o`.`Timestamp`, `o`.`Title`
FROM `OverseasAlerts` AS `o`
WHERE `o`.`Status` = 'WAITING'
LIMIT 1
2026-10-06 17:14:33 - INF - Executed DbCommand (3ms) [Parameters=[@p0='?' (Size = 4000), @p1='?' (Size = 4000), @p2='?' (Size = 4000), @p3='?' (DbType = Double), @p4='?' (DbType = Double), @p5='?' (Size = 4000), @p6='?' (Size = 4000), @p7='?' (Size = 4000), @p8='?' (Size = 4000), @p9='?' (Size = 4000)], CommandType='"Text"', CommandTimeout='30']
INSERT INTO `OverseasAlerts` (`AlertId`, `Classification`, `Content`, `Lat`, `Lon`, `Priority`, `Source`, `Status`, `Timestamp`, `Title`)
VALUES (@p0, @p1, @p2, @p3, @p4, @p5, @p6, @p7, @p8, @p9);
SELECT `Id`
FROM `OverseasAlerts`
WHERE ROW_COUNT() = 1 AND `Id` = LAST_INSERT_ID();
2026-10-06 17:14:34 - INF - Executed DbCommand (2ms) [Parameters=[], CommandType='"Text"', CommandTimeout='30']
SELECT `n`.`Id`, `n`.`AlertId`, `n`.`Classification`, `n`.`Content`, `n`.`Lat`, `n`.`Lon`, `n`.`Priority`, `n`.`Source`, `n`.`Status`, `n`.`Timestamp`, `n`.`Title`
FROM `NorthAlerts` AS `n`
WHERE `n`.`Status` = 'WAITING'
LIMIT 1
2026-10-06 17:14:40 - INF - Executed DbCommand (2ms) [Parameters=[@p0='?' (Size = 4000), @p1='?' (Size = 4000), @p2='?' (Size = 4000), @p3='?' (DbType = Double), @p4='?' (DbType = Double), @p5='?' (Size = 4000), @p6='?' (Size = 4000), @p7='?' (Size = 4000), @p8='?' (Size = 4000), @p9='?' (Size = 4000)], CommandType='"Text"', CommandTimeout='30']
INSERT INTO `NorthAlerts` (`AlertId`, `Classification`, `Content`, `Lat`, `Lon`, `Priority`, `Source`, `Status`, `Timestamp`, `Title`)
VALUES (@p0, @p1, @p2, @p3, @p4, @p5, @p6, @p7, @p8, @p9);
SELECT `Id`
FROM `NorthAlerts`
WHERE ROW_COUNT() = 1 AND `Id` = LAST_INSERT_ID();
2026-10-06 17:14:40 - INF - Executed DbCommand (1ms) [Parameters=[], CommandType='"Text"', CommandTimeout='30']
SELECT `c`.`Id`, `c`.`AlertId`, `c`.`Classification`, `c`.`Content`, `c`.`Lat`, `c`.`Lon`, `c`.`Priority`, `c`.`Source`, `c`.`Status`, `c`.`Timestamp`, `c`.`Title`
FROM `CenterAlerts` AS `c`
WHERE `c`.`Status` = 'WAITING'
LIMIT 1
2026-10-06 17:14:42 - INF - Executed DbCommand (3ms) [Parameters=[@p0='?' (Size = 4000), @p1='?' (Size = 4000), @p2='?' (Size = 4000), @p3='?' (DbType = Double), @p4='?' (DbType = Double), @p5='?' (Size = 4000), @p6='?' (Size = 4000), @p7='?' (Size = 4000), @p8='?' (Size = 4000), @p9='?' (Size = 4000)], CommandType='"Text"', CommandTimeout='30']
INSERT INTO `CenterAlerts` (`AlertId`, `Classification`, `Content`, `Lat`, `Lon`, `Priority`, `Source`, `Status`, `Timestamp`, `Title`)
VALUES (@p0, @p1, @p2, @p3, @p4, @p5, @p6, @p7, @p8, @p9);
SELECT `Id`
FROM `CenterAlerts`
WHERE ROW_COUNT() = 1 AND `Id` = LAST_INSERT_ID();
2026-10-06 17:14:42 - INF - Executed DbCommand (2ms) [Parameters=[], CommandType='"Text"', CommandTimeout='30']
SELECT `s`.`Id`, `s`.`AlertId`, `s`.`Classification`, `s`.`Content`, `s`.`Lat`, `s`.`Lon`, `s`.`Priority`, `s`.`Source`, `s`.`Status`, `s`.`Timestamp`, `s`.`Title`
FROM `SouthAlerts` AS `s`
WHERE `s`.`Status` = 'WAITING'
LIMIT 1
2026-10-06 17:14:49 - INF - Executed DbCommand (5ms) [Parameters=[@p0='?' (Size = 4000), @p1='?' (Size = 4000), @p2='?' (Size = 4000), @p3='?' (DbType = Double), @p4='?' (DbType = Double), @p5='?' (Size = 4000), @p6='?' (Size = 4000), @p7='?' (Size = 4000), @p8='?' (Size = 4000), @p9='?' (Size = 4000)], CommandType='"Text"', CommandTimeout='30']
INSERT INTO `SouthAlerts` (`AlertId`, `Classification`, `Content`, `Lat`, `Lon`, `Priority`, `Source`, `Status`, `Timestamp`, `Title`)
VALUES (@p0, @p1, @p2, @p3, @p4, @p5, @p6, @p7, @p8, @p9);
SELECT `Id`
FROM `SouthAlerts`
WHERE ROW_COUNT() = 1 AND `Id` = LAST_INSERT_ID();
2026-10-06 17:14:49 - INF - Executed DbCommand (2ms) [Parameters=[], CommandType='"Text"', CommandTimeout='30']
SELECT `o`.`Id`, `o`.`AlertId`, `o`.`Classification`, `o`.`Content`, `o`.`Lat`, `o`.`Lon`, `o`.`Priority`, `o`.`Source`, `o`.`Status`, `o`.`Timestamp`, `o`.`Title`
FROM `OverseasAlerts` AS `o`
WHERE `o`.`Status` = 'WAITING'
LIMIT 1
2026-10-06 17:14:56 - INF - Executed DbCommand (5ms) [Parameters=[@p0='?' (Size = 4000), @p1='?' (Size = 4000), @p2='?' (Size = 4000), @p3='?' (DbType = Double), @p4='?' (DbType = Double), @p5='?' (Size = 4000), @p6='?' (Size = 4000), @p7='?' (Size = 4000), @p8='?' (Size = 4000), @p9='?' (Size = 4000)], CommandType='"Text"', CommandTimeout='30']
INSERT INTO `OverseasAlerts` (`AlertId`, `Classification`, `Content`, `Lat`, `Lon`, `Priority`, `Source`, `Status`, `Timestamp`, `Title`)
VALUES (@p0, @p1, @p2, @p3, @p4, @p5, @p6, @p7, @p8, @p9);
SELECT `Id`
FROM `OverseasAlerts`
WHERE ROW_COUNT() = 1 AND `Id` = LAST_INSERT_ID();
2026-10-06 17:14:56 - INF - Executed DbCommand (2ms) [Parameters=[], CommandType='"Text"', CommandTimeout='30']
SELECT `n`.`Id`, `n`.`AlertId`, `n`.`Classification`, `n`.`Content`, `n`.`Lat`, `n`.`Lon`, `n`.`Priority`, `n`.`Source`, `n`.`Status`, `n`.`Timestamp`, `n`.`Title`
FROM `NorthAlerts` AS `n`
WHERE `n`.`Status` = 'WAITING'
LIMIT 1
2026-10-06 17:15:02 - INF - Executed DbCommand (2ms) [Parameters=[@p0='?' (Size = 4000), @p1='?' (Size = 4000), @p2='?' (Size = 4000), @p3='?' (DbType = Double), @p4='?' (DbType = Double), @p5='?' (Size = 4000), @p6='?' (Size = 4000), @p7='?' (Size = 4000), @p8='?' (Size = 4000), @p9='?' (Size = 4000)], CommandType='"Text"', CommandTimeout='30']
INSERT INTO `NorthAlerts` (`AlertId`, `Classification`, `Content`, `Lat`, `Lon`, `Priority`, `Source`, `Status`, `Timestamp`, `Title`)
VALUES (@p0, @p1, @p2, @p3, @p4, @p5, @p6, @p7, @p8, @p9);
SELECT `Id`
FROM `NorthAlerts`
WHERE ROW_COUNT() = 1 AND `Id` = LAST_INSERT_ID();
2026-10-06 17:15:02 - INF - Executed DbCommand (2ms) [Parameters=[], CommandType='"Text"', CommandTimeout='30']
SELECT `c`.`Id`, `c`.`AlertId`, `c`.`Classification`, `c`.`Content`, `c`.`Lat`, `c`.`Lon`, `c`.`Priority`, `c`.`Source`, `c`.`Status`, `c`.`Timestamp`, `c`.`Title`
FROM `CenterAlerts` AS `c`
WHERE `c`.`Status` = 'WAITING'
LIMIT 1
2026-10-06 17:15:04 - INF - Executed DbCommand (4ms) [Parameters=[@p0='?' (Size = 4000), @p1='?' (Size = 4000), @p2='?' (Size = 4000), @p3='?' (DbType = Double), @p4='?' (DbType = Double), @p5='?' (Size = 4000), @p6='?' (Size = 4000), @p7='?' (Size = 4000), @p8='?' (Size = 4000), @p9='?' (Size = 4000)], CommandType='"Text"', CommandTimeout='30']
INSERT INTO `CenterAlerts` (`AlertId`, `Classification`, `Content`, `Lat`, `Lon`, `Priority`, `Source`, `Status`, `Timestamp`, `Title`)
VALUES (@p0, @p1, @p2, @p3, @p4, @p5, @p6, @p7, @p8, @p9);
SELECT `Id`
FROM `CenterAlerts`
WHERE ROW_COUNT() = 1 AND `Id` = LAST_INSERT_ID();
2026-10-06 17:15:04 - INF - Executed DbCommand (3ms) [Parameters=[], CommandType='"Text"', CommandTimeout='30']
SELECT `s`.`Id`, `s`.`AlertId`, `s`.`Classification`, `s`.`Content`, `s`.`Lat`, `s`.`Lon`, `s`.`Priority`, `s`.`Source`, `s`.`Status`, `s`.`Timestamp`, `s`.`Title`
FROM `SouthAlerts` AS `s`
WHERE `s`.`Status` = 'WAITING'
LIMIT 1
2026-10-06 17:15:11 - INF - Executed DbCommand (15ms) [Parameters=[@p0='?' (Size = 4000), @p1='?' (Size = 4000), @p2='?' (Size = 4000), @p3='?' (DbType = Double), @p4='?' (DbType = Double), @p5='?' (Size = 4000), @p6='?' (Size = 4000), @p7='?' (Size = 4000), @p8='?' (Size = 4000), @p9='?' (Size = 4000)], CommandType='"Text"', CommandTimeout='30']
INSERT INTO `SouthAlerts` (`AlertId`, `Classification`, `Content`, `Lat`, `Lon`, `Priority`, `Source`, `Status`, `Timestamp`, `Title`)
VALUES (@p0, @p1, @p2, @p3, @p4, @p5, @p6, @p7, @p8, @p9);
SELECT `Id`
FROM `SouthAlerts`
WHERE ROW_COUNT() = 1 AND `Id` = LAST_INSERT_ID();
2026-10-06 17:15:11 - INF - Executed DbCommand (5ms) [Parameters=[], CommandType='"Text"', CommandTimeout='30']
SELECT `o`.`Id`, `o`.`AlertId`, `o`.`Classification`, `o`.`Content`, `o`.`Lat`, `o`.`Lon`, `o`.`Priority`, `o`.`Source`, `o`.`Status`, `o`.`Timestamp`, `o`.`Title`
FROM `OverseasAlerts` AS `o`
WHERE `o`.`Status` = 'WAITING'
LIMIT 1
2026-10-06 17:15:18 - INF - Executed DbCommand (4ms) [Parameters=[@p0='?' (Size = 4000), @p1='?' (Size = 4000), @p2='?' (Size = 4000), @p3='?' (DbType = Double), @p4='?' (DbType = Double), @p5='?' (Size = 4000), @p6='?' (Size = 4000), @p7='?' (Size = 4000), @p8='?' (Size = 4000), @p9='?' (Size = 4000)], CommandType='"Text"', CommandTimeout='30']
INSERT INTO `OverseasAlerts` (`AlertId`, `Classification`, `Content`, `Lat`, `Lon`, `Priority`, `Source`, `Status`, `Timestamp`, `Title`)
VALUES (@p0, @p1, @p2, @p3, @p4, @p5, @p6, @p7, @p8, @p9);
SELECT `Id`
FROM `OverseasAlerts`
WHERE ROW_COUNT() = 1 AND `Id` = LAST_INSERT_ID();
2026-10-06 17:15:18 - INF - Executed DbCommand (3ms) [Parameters=[], CommandType='"Text"', CommandTimeout='30']
SELECT `n`.`Id`, `n`.`AlertId`, `n`.`Classification`, `n`.`Content`, `n`.`Lat`, `n`.`Lon`, `n`.`Priority`, `n`.`Source`, `n`.`Status`, `n`.`Timestamp`, `n`.`Title`
FROM `NorthAlerts` AS `n`
WHERE `n`.`Status` = 'WAITING'
LIMIT 1
2026-10-06 17:15:24 - INF - Executed DbCommand (3ms) [Parameters=[@p0='?' (Size = 4000), @p1='?' (Size = 4000), @p2='?' (Size = 4000), @p3='?' (DbType = Double), @p4='?' (DbType = Double), @p5='?' (Size = 4000), @p6='?' (Size = 4000), @p7='?' (Size = 4000), @p8='?' (Size = 4000), @p9='?' (Size = 4000)], CommandType='"Text"', CommandTimeout='30']
INSERT INTO `NorthAlerts` (`AlertId`, `Classification`, `Content`, `Lat`, `Lon`, `Priority`, `Source`, `Status`, `Timestamp`, `Title`)
VALUES (@p0, @p1, @p2, @p3, @p4, @p5, @p6, @p7, @p8, @p9);
SELECT `Id`
FROM `NorthAlerts`
WHERE ROW_COUNT() = 1 AND `Id` = LAST_INSERT_ID();
2026-10-06 17:15:24 - INF - Executed DbCommand (3ms) [Parameters=[], CommandType='"Text"', CommandTimeout='30']
SELECT `c`.`Id`, `c`.`AlertId`, `c`.`Classification`, `c`.`Content`, `c`.`Lat`, `c`.`Lon`, `c`.`Priority`, `c`.`Source`, `c`.`Status`, `c`.`Timestamp`, `c`.`Title`
FROM `CenterAlerts` AS `c`
WHERE `c`.`Status` = 'WAITING'
LIMIT 1
2026-10-06 17:15:26 - INF - Executed DbCommand (4ms) [Parameters=[@p0='?' (Size = 4000), @p1='?' (Size = 4000), @p2='?' (Size = 4000), @p3='?' (DbType = Double), @p4='?' (DbType = Double), @p5='?' (Size = 4000), @p6='?' (Size = 4000), @p7='?' (Size = 4000), @p8='?' (Size = 4000), @p9='?' (Size = 4000)], CommandType='"Text"', CommandTimeout='30']
INSERT INTO `CenterAlerts` (`AlertId`, `Classification`, `Content`, `Lat`, `Lon`, `Priority`, `Source`, `Status`, `Timestamp`, `Title`)
VALUES (@p0, @p1, @p2, @p3, @p4, @p5, @p6, @p7, @p8, @p9);
SELECT `Id`
FROM `CenterAlerts`
WHERE ROW_COUNT() = 1 AND `Id` = LAST_INSERT_ID();
2026-10-06 17:15:26 - INF - Executed DbCommand (4ms) [Parameters=[], CommandType='"Text"', CommandTimeout='30']
SELECT `s`.`Id`, `s`.`AlertId`, `s`.`Classification`, `s`.`Content`, `s`.`Lat`, `s`.`Lon`, `s`.`Priority`, `s`.`Source`, `s`.`Status`, `s`.`Timestamp`, `s`.`Title`
FROM `SouthAlerts` AS `s`
WHERE `s`.`Status` = 'WAITING'
LIMIT 1
2026-10-06 17:15:33 - INF - Executed DbCommand (7ms) [Parameters=[@p0='?' (Size = 4000), @p1='?' (Size = 4000), @p2='?' (Size = 4000), @p3='?' (DbType = Double), @p4='?' (DbType = Double), @p5='?' (Size = 4000), @p6='?' (Size = 4000), @p7='?' (Size = 4000), @p8='?' (Size = 4000), @p9='?' (Size = 4000)], CommandType='"Text"', CommandTimeout='30']
INSERT INTO `SouthAlerts` (`AlertId`, `Classification`, `Content`, `Lat`, `Lon`, `Priority`, `Source`, `Status`, `Timestamp`, `Title`)
VALUES (@p0, @p1, @p2, @p3, @p4, @p5, @p6, @p7, @p8, @p9);
SELECT `Id`
FROM `SouthAlerts`
WHERE ROW_COUNT() = 1 AND `Id` = LAST_INSERT_ID();
2026-10-06 17:15:33 - INF - Executed DbCommand (4ms) [Parameters=[], CommandType='"Text"', CommandTimeout='30']
SELECT `o`.`Id`, `o`.`AlertId`, `o`.`Classification`, `o`.`Content`, `o`.`Lat`, `o`.`Lon`, `o`.`Priority`, `o`.`Source`, `o`.`Status`, `o`.`Timestamp`, `o`.`Title`
FROM `OverseasAlerts` AS `o`
WHERE `o`.`Status` = 'WAITING'
LIMIT 1
2026-10-06 17:15:40 - INF - Executed DbCommand (2ms) [Parameters=[@p0='?' (Size = 4000), @p1='?' (Size = 4000), @p2='?' (Size = 4000), @p3='?' (DbType = Double), @p4='?' (DbType = Double), @p5='?' (Size = 4000), @p6='?' (Size = 4000), @p7='?' (Size = 4000), @p8='?' (Size = 4000), @p9='?' (Size = 4000)], CommandType='"Text"', CommandTimeout='30']
INSERT INTO `OverseasAlerts` (`AlertId`, `Classification`, `Content`, `Lat`, `Lon`, `Priority`, `Source`, `Status`, `Timestamp`, `Title`)
VALUES (@p0, @p1, @p2, @p3, @p4, @p5, @p6, @p7, @p8, @p9);
SELECT `Id`
FROM `OverseasAlerts`
WHERE ROW_COUNT() = 1 AND `Id` = LAST_INSERT_ID();
2026-10-06 17:15:40 - INF - Executed DbCommand (2ms) [Parameters=[], CommandType='"Text"', CommandTimeout='30']
SELECT `n`.`Id`, `n`.`AlertId`, `n`.`Classification`, `n`.`Content`, `n`.`Lat`, `n`.`Lon`, `n`.`Priority`, `n`.`Source`, `n`.`Status`, `n`.`Timestamp`, `n`.`Title`
FROM `NorthAlerts` AS `n`
WHERE `n`.`Status` = 'WAITING'
LIMIT 1
2026-10-06 17:15:46 - INF - Executed DbCommand (1ms) [Parameters=[@p0='?' (Size = 4000), @p1='?' (Size = 4000), @p2='?' (Size = 4000), @p3='?' (DbType = Double), @p4='?' (DbType = Double), @p5='?' (Size = 4000), @p6='?' (Size = 4000), @p7='?' (Size = 4000), @p8='?' (Size = 4000), @p9='?' (Size = 4000)], CommandType='"Text"', CommandTimeout='30']
INSERT INTO `NorthAlerts` (`AlertId`, `Classification`, `Content`, `Lat`, `Lon`, `Priority`, `Source`, `Status`, `Timestamp`, `Title`)
VALUES (@p0, @p1, @p2, @p3, @p4, @p5, @p6, @p7, @p8, @p9);
SELECT `Id`
FROM `NorthAlerts`
WHERE ROW_COUNT() = 1 AND `Id` = LAST_INSERT_ID();
2026-10-06 17:15:46 - INF - Executed DbCommand (2ms) [Parameters=[], CommandType='"Text"', CommandTimeout='30']
SELECT `c`.`Id`, `c`.`AlertId`, `c`.`Classification`, `c`.`Content`, `c`.`Lat`, `c`.`Lon`, `c`.`Priority`, `c`.`Source`, `c`.`Status`, `c`.`Timestamp`, `c`.`Title`
FROM `CenterAlerts` AS `c`
WHERE `c`.`Status` = 'WAITING'
LIMIT 1
2026-10-06 17:15:48 - INF - Executed DbCommand (2ms) [Parameters=[@p0='?' (Size = 4000), @p1='?' (Size = 4000), @p2='?' (Size = 4000), @p3='?' (DbType = Double), @p4='?' (DbType = Double), @p5='?' (Size = 4000), @p6='?' (Size = 4000), @p7='?' (Size = 4000), @p8='?' (Size = 4000), @p9='?' (Size = 4000)], CommandType='"Text"', CommandTimeout='30']
INSERT INTO `CenterAlerts` (`AlertId`, `Classification`, `Content`, `Lat`, `Lon`, `Priority`, `Source`, `Status`, `Timestamp`, `Title`)
VALUES (@p0, @p1, @p2, @p3, @p4, @p5, @p6, @p7, @p8, @p9);
SELECT `Id`
FROM `CenterAlerts`
WHERE ROW_COUNT() = 1 AND `Id` = LAST_INSERT_ID();
2026-10-06 17:15:48 - INF - Executed DbCommand (1ms) [Parameters=[], CommandType='"Text"', CommandTimeout='30']
SELECT `s`.`Id`, `s`.`AlertId`, `s`.`Classification`, `s`.`Content`, `s`.`Lat`, `s`.`Lon`, `s`.`Priority`, `s`.`Source`, `s`.`Status`, `s`.`Timestamp`, `s`.`Title`
FROM `SouthAlerts` AS `s`
WHERE `s`.`Status` = 'WAITING'
LIMIT 1
2026-10-06 17:15:55 - INF - Executed DbCommand (2ms) [Parameters=[@p0='?' (Size = 4000), @p1='?' (Size = 4000), @p2='?' (Size = 4000), @p3='?' (DbType = Double), @p4='?' (DbType = Double), @p5='?' (Size = 4000), @p6='?' (Size = 4000), @p7='?' (Size = 4000), @p8='?' (Size = 4000), @p9='?' (Size = 4000)], CommandType='"Text"', CommandTimeout='30']
INSERT INTO `SouthAlerts` (`AlertId`, `Classification`, `Content`, `Lat`, `Lon`, `Priority`, `Source`, `Status`, `Timestamp`, `Title`)
VALUES (@p0, @p1, @p2, @p3, @p4, @p5, @p6, @p7, @p8, @p9);
SELECT `Id`
FROM `SouthAlerts`
WHERE ROW_COUNT() = 1 AND `Id` = LAST_INSERT_ID();
2026-10-06 17:15:55 - INF - Executed DbCommand (2ms) [Parameters=[], CommandType='"Text"', CommandTimeout='30']
SELECT `o`.`Id`, `o`.`AlertId`, `o`.`Classification`, `o`.`Content`, `o`.`Lat`, `o`.`Lon`, `o`.`Priority`, `o`.`Source`, `o`.`Status`, `o`.`Timestamp`, `o`.`Title`
FROM `OverseasAlerts` AS `o`
WHERE `o`.`Status` = 'WAITING'
LIMIT 1
2026-10-06 17:16:02 - INF - Executed DbCommand (93ms) [Parameters=[@p0='?' (Size = 4000), @p1='?' (Size = 4000), @p2='?' (Size = 4000), @p3='?' (DbType = Double), @p4='?' (DbType = Double), @p5='?' (Size = 4000), @p6='?' (Size = 4000), @p7='?' (Size = 4000), @p8='?' (Size = 4000), @p9='?' (Size = 4000)], CommandType='"Text"', CommandTimeout='30']
INSERT INTO `OverseasAlerts` (`AlertId`, `Classification`, `Content`, `Lat`, `Lon`, `Priority`, `Source`, `Status`, `Timestamp`, `Title`)
VALUES (@p0, @p1, @p2, @p3, @p4, @p5, @p6, @p7, @p8, @p9);
SELECT `Id`
FROM `OverseasAlerts`
WHERE ROW_COUNT() = 1 AND `Id` = LAST_INSERT_ID();
2026-10-06 17:16:02 - INF - Executed DbCommand (1ms) [Parameters=[], CommandType='"Text"', CommandTimeout='30']
SELECT `n`.`Id`, `n`.`AlertId`, `n`.`Classification`, `n`.`Content`, `n`.`Lat`, `n`.`Lon`, `n`.`Priority`, `n`.`Source`, `n`.`Status`, `n`.`Timestamp`, `n`.`Title`
FROM `NorthAlerts` AS `n`
WHERE `n`.`Status` = 'WAITING'
LIMIT 1
2026-10-06 17:16:08 - INF - Executed DbCommand (3ms) [Parameters=[@p0='?' (Size = 4000), @p1='?' (Size = 4000), @p2='?' (Size = 4000), @p3='?' (DbType = Double), @p4='?' (DbType = Double), @p5='?' (Size = 4000), @p6='?' (Size = 4000), @p7='?' (Size = 4000), @p8='?' (Size = 4000), @p9='?' (Size = 4000)], CommandType='"Text"', CommandTimeout='30']
INSERT INTO `NorthAlerts` (`AlertId`, `Classification`, `Content`, `Lat`, `Lon`, `Priority`, `Source`, `Status`, `Timestamp`, `Title`)
VALUES (@p0, @p1, @p2, @p3, @p4, @p5, @p6, @p7, @p8, @p9);
SELECT `Id`
FROM `NorthAlerts`
WHERE ROW_COUNT() = 1 AND `Id` = LAST_INSERT_ID();
2026-10-06 17:16:08 - INF - Executed DbCommand (3ms) [Parameters=[], CommandType='"Text"', CommandTimeout='30']
SELECT `c`.`Id`, `c`.`AlertId`, `c`.`Classification`, `c`.`Content`, `c`.`Lat`, `c`.`Lon`, `c`.`Priority`, `c`.`Source`, `c`.`Status`, `c`.`Timestamp`, `c`.`Title`
FROM `CenterAlerts` AS `c`
WHERE `c`.`Status` = 'WAITING'
LIMIT 1
2026-10-06 17:16:11 - INF - Executed DbCommand (2ms) [Parameters=[@p0='?' (Size = 4000), @p1='?' (Size = 4000), @p2='?' (Size = 4000), @p3='?' (DbType = Double), @p4='?' (DbType = Double), @p5='?' (Size = 4000), @p6='?' (Size = 4000), @p7='?' (Size = 4000), @p8='?' (Size = 4000), @p9='?' (Size = 4000)], CommandType='"Text"', CommandTimeout='30']
INSERT INTO `CenterAlerts` (`AlertId`, `Classification`, `Content`, `Lat`, `Lon`, `Priority`, `Source`, `Status`, `Timestamp`, `Title`)
VALUES (@p0, @p1, @p2, @p3, @p4, @p5, @p6, @p7, @p8, @p9);
SELECT `Id`
FROM `CenterAlerts`
WHERE ROW_COUNT() = 1 AND `Id` = LAST_INSERT_ID();
2026-10-06 17:16:11 - INF - Executed DbCommand (2ms) [Parameters=[], CommandType='"Text"', CommandTimeout='30']
SELECT `s`.`Id`, `s`.`AlertId`, `s`.`Classification`, `s`.`Content`, `s`.`Lat`, `s`.`Lon`, `s`.`Priority`, `s`.`Source`, `s`.`Status`, `s`.`Timestamp`, `s`.`Title`
FROM `SouthAlerts` AS `s`
WHERE `s`.`Status` = 'WAITING'
LIMIT 1
2026-10-06 17:16:18 - INF - Executed DbCommand (51ms) [Parameters=[@p0='?' (Size = 4000), @p1='?' (Size = 4000), @p2='?' (Size = 4000), @p3='?' (DbType = Double), @p4='?' (DbType = Double), @p5='?' (Size = 4000), @p6='?' (Size = 4000), @p7='?' (Size = 4000), @p8='?' (Size = 4000), @p9='?' (Size = 4000)], CommandType='"Text"', CommandTimeout='30']
INSERT INTO `SouthAlerts` (`AlertId`, `Classification`, `Content`, `Lat`, `Lon`, `Priority`, `Source`, `Status`, `Timestamp`, `Title`)
VALUES (@p0, @p1, @p2, @p3, @p4, @p5, @p6, @p7, @p8, @p9);
SELECT `Id`
FROM `SouthAlerts`
WHERE ROW_COUNT() = 1 AND `Id` = LAST_INSERT_ID();
2026-10-06 17:16:21 - INF - Executed DbCommand (4ms) [Parameters=[], CommandType='"Text"', CommandTimeout='30']
SELECT `o`.`Id`, `o`.`AlertId`, `o`.`Classification`, `o`.`Content`, `o`.`Lat`, `o`.`Lon`, `o`.`Priority`, `o`.`Source`, `o`.`Status`, `o`.`Timestamp`, `o`.`Title`
FROM `OverseasAlerts` AS `o`
WHERE `o`.`Status` = 'WAITING'
LIMIT 1
2026-10-06 17:16:28 - INF - Executed DbCommand (2ms) [Parameters=[@p0='?' (Size = 4000), @p1='?' (Size = 4000), @p2='?' (Size = 4000), @p3='?' (DbType = Double), @p4='?' (DbType = Double), @p5='?' (Size = 4000), @p6='?' (Size = 4000), @p7='?' (Size = 4000), @p8='?' (Size = 4000), @p9='?' (Size = 4000)], CommandType='"Text"', CommandTimeout='30']
INSERT INTO `OverseasAlerts` (`AlertId`, `Classification`, `Content`, `Lat`, `Lon`, `Priority`, `Source`, `Status`, `Timestamp`, `Title`)
VALUES (@p0, @p1, @p2, @p3, @p4, @p5, @p6, @p7, @p8, @p9);
SELECT `Id`
FROM `OverseasAlerts`
WHERE ROW_COUNT() = 1 AND `Id` = LAST_INSERT_ID();
2026-10-06 17:16:28 - INF - Executed DbCommand (1ms) [Parameters=[], CommandType='"Text"', CommandTimeout='30']
SELECT `n`.`Id`, `n`.`AlertId`, `n`.`Classification`, `n`.`Content`, `n`.`Lat`, `n`.`Lon`, `n`.`Priority`, `n`.`Source`, `n`.`Status`, `n`.`Timestamp`, `n`.`Title`
FROM `NorthAlerts` AS `n`
WHERE `n`.`Status` = 'WAITING'
LIMIT 1
2026-10-06 17:16:34 - INF - Executed DbCommand (2ms) [Parameters=[@p0='?' (Size = 4000), @p1='?' (Size = 4000), @p2='?' (Size = 4000), @p3='?' (DbType = Double), @p4='?' (DbType = Double), @p5='?' (Size = 4000), @p6='?' (Size = 4000), @p7='?' (Size = 4000), @p8='?' (Size = 4000), @p9='?' (Size = 4000)], CommandType='"Text"', CommandTimeout='30']
INSERT INTO `NorthAlerts` (`AlertId`, `Classification`, `Content`, `Lat`, `Lon`, `Priority`, `Source`, `Status`, `Timestamp`, `Title`)
VALUES (@p0, @p1, @p2, @p3, @p4, @p5, @p6, @p7, @p8, @p9);
SELECT `Id`
FROM `NorthAlerts`
WHERE ROW_COUNT() = 1 AND `Id` = LAST_INSERT_ID();
2026-10-06 17:16:34 - INF - Executed DbCommand (3ms) [Parameters=[], CommandType='"Text"', CommandTimeout='30']
SELECT `c`.`Id`, `c`.`AlertId`, `c`.`Classification`, `c`.`Content`, `c`.`Lat`, `c`.`Lon`, `c`.`Priority`, `c`.`Source`, `c`.`Status`, `c`.`Timestamp`, `c`.`Title`
FROM `CenterAlerts` AS `c`
WHERE `c`.`Status` = 'WAITING'
LIMIT 1
2026-10-06 17:16:36 - INF - Executed DbCommand (3ms) [Parameters=[@p0='?' (Size = 4000), @p1='?' (Size = 4000), @p2='?' (Size = 4000), @p3='?' (DbType = Double), @p4='?' (DbType = Double), @p5='?' (Size = 4000), @p6='?' (Size = 4000), @p7='?' (Size = 4000), @p8='?' (Size = 4000), @p9='?' (Size = 4000)], CommandType='"Text"', CommandTimeout='30']
INSERT INTO `CenterAlerts` (`AlertId`, `Classification`, `Content`, `Lat`, `Lon`, `Priority`, `Source`, `Status`, `Timestamp`, `Title`)
VALUES (@p0, @p1, @p2, @p3, @p4, @p5, @p6, @p7, @p8, @p9);
SELECT `Id`
FROM `CenterAlerts`
WHERE ROW_COUNT() = 1 AND `Id` = LAST_INSERT_ID();
2026-10-06 17:16:36 - INF - Executed DbCommand (2ms) [Parameters=[], CommandType='"Text"', CommandTimeout='30']
SELECT `s`.`Id`, `s`.`AlertId`, `s`.`Classification`, `s`.`Content`, `s`.`Lat`, `s`.`Lon`, `s`.`Priority`, `s`.`Source`, `s`.`Status`, `s`.`Timestamp`, `s`.`Title`
FROM `SouthAlerts` AS `s`
WHERE `s`.`Status` = 'WAITING'
LIMIT 1
2026-10-06 17:16:43 - INF - Executed DbCommand (4ms) [Parameters=[@p0='?' (Size = 4000), @p1='?' (Size = 4000), @p2='?' (Size = 4000), @p3='?' (DbType = Double), @p4='?' (DbType = Double), @p5='?' (Size = 4000), @p6='?' (Size = 4000), @p7='?' (Size = 4000), @p8='?' (Size = 4000), @p9='?' (Size = 4000)], CommandType='"Text"', CommandTimeout='30']
INSERT INTO `SouthAlerts` (`AlertId`, `Classification`, `Content`, `Lat`, `Lon`, `Priority`, `Source`, `Status`, `Timestamp`, `Title`)
VALUES (@p0, @p1, @p2, @p3, @p4, @p5, @p6, @p7, @p8, @p9);
SELECT `Id`
FROM `SouthAlerts`
WHERE ROW_COUNT() = 1 AND `Id` = LAST_INSERT_ID();
2026-10-06 17:16:43 - INF - Executed DbCommand (4ms) [Parameters=[], CommandType='"Text"', CommandTimeout='30']
SELECT `o`.`Id`, `o`.`AlertId`, `o`.`Classification`, `o`.`Content`, `o`.`Lat`, `o`.`Lon`, `o`.`Priority`, `o`.`Source`, `o`.`Status`, `o`.`Timestamp`, `o`.`Title`
FROM `OverseasAlerts` AS `o`
WHERE `o`.`Status` = 'WAITING'
LIMIT 1
2026-10-06 17:16:50 - INF - Executed DbCommand (3ms) [Parameters=[@p0='?' (Size = 4000), @p1='?' (Size = 4000), @p2='?' (Size = 4000), @p3='?' (DbType = Double), @p4='?' (DbType = Double), @p5='?' (Size = 4000), @p6='?' (Size = 4000), @p7='?' (Size = 4000), @p8='?' (Size = 4000), @p9='?' (Size = 4000)], CommandType='"Text"', CommandTimeout='30']
INSERT INTO `OverseasAlerts` (`AlertId`, `Classification`, `Content`, `Lat`, `Lon`, `Priority`, `Source`, `Status`, `Timestamp`, `Title`)
VALUES (@p0, @p1, @p2, @p3, @p4, @p5, @p6, @p7, @p8, @p9);
SELECT `Id`
FROM `OverseasAlerts`
WHERE ROW_COUNT() = 1 AND `Id` = LAST_INSERT_ID();
2026-10-06 17:16:50 - INF - Executed DbCommand (3ms) [Parameters=[], CommandType='"Text"', CommandTimeout='30']
SELECT `n`.`Id`, `n`.`AlertId`, `n`.`Classification`, `n`.`Content`, `n`.`Lat`, `n`.`Lon`, `n`.`Priority`, `n`.`Source`, `n`.`Status`, `n`.`Timestamp`, `n`.`Title`
FROM `NorthAlerts` AS `n`
WHERE `n`.`Status` = 'WAITING'
LIMIT 1
2026-10-06 17:16:56 - INF - Executed DbCommand (2ms) [Parameters=[@p0='?' (Size = 4000), @p1='?' (Size = 4000), @p2='?' (Size = 4000), @p3='?' (DbType = Double), @p4='?' (DbType = Double), @p5='?' (Size = 4000), @p6='?' (Size = 4000), @p7='?' (Size = 4000), @p8='?' (Size = 4000), @p9='?' (Size = 4000)], CommandType='"Text"', CommandTimeout='30']
INSERT INTO `NorthAlerts` (`AlertId`, `Classification`, `Content`, `Lat`, `Lon`, `Priority`, `Source`, `Status`, `Timestamp`, `Title`)
VALUES (@p0, @p1, @p2, @p3, @p4, @p5, @p6, @p7, @p8, @p9);
SELECT `Id`
FROM `NorthAlerts`
WHERE ROW_COUNT() = 1 AND `Id` = LAST_INSERT_ID();
2026-10-06 17:16:56 - INF - Executed DbCommand (1ms) [Parameters=[], CommandType='"Text"', CommandTimeout='30']
SELECT `c`.`Id`, `c`.`AlertId`, `c`.`Classification`, `c`.`Content`, `c`.`Lat`, `c`.`Lon`, `c`.`Priority`, `c`.`Source`, `c`.`Status`, `c`.`Timestamp`, `c`.`Title`
FROM `CenterAlerts` AS `c`
WHERE `c`.`Status` = 'WAITING'
LIMIT 1
2026-10-06 17:16:58 - INF - Executed DbCommand (7ms) [Parameters=[@p0='?' (Size = 4000), @p1='?' (Size = 4000), @p2='?' (Size = 4000), @p3='?' (DbType = Double), @p4='?' (DbType = Double), @p5='?' (Size = 4000), @p6='?' (Size = 4000), @p7='?' (Size = 4000), @p8='?' (Size = 4000), @p9='?' (Size = 4000)], CommandType='"Text"', CommandTimeout='30']
INSERT INTO `CenterAlerts` (`AlertId`, `Classification`, `Content`, `Lat`, `Lon`, `Priority`, `Source`, `Status`, `Timestamp`, `Title`)
VALUES (@p0, @p1, @p2, @p3, @p4, @p5, @p6, @p7, @p8, @p9);
SELECT `Id`
FROM `CenterAlerts`
WHERE ROW_COUNT() = 1 AND `Id` = LAST_INSERT_ID();
2026-10-06 17:16:58 - INF - Executed DbCommand (6ms) [Parameters=[], CommandType='"Text"', CommandTimeout='30']
SELECT `s`.`Id`, `s`.`AlertId`, `s`.`Classification`, `s`.`Content`, `s`.`Lat`, `s`.`Lon`, `s`.`Priority`, `s`.`Source`, `s`.`Status`, `s`.`Timestamp`, `s`.`Title`
FROM `SouthAlerts` AS `s`
WHERE `s`.`Status` = 'WAITING'
LIMIT 1
2026-10-06 17:17:05 - INF - Executed DbCommand (1ms) [Parameters=[@p0='?' (Size = 4000), @p1='?' (Size = 4000), @p2='?' (Size = 4000), @p3='?' (DbType = Double), @p4='?' (DbType = Double), @p5='?' (Size = 4000), @p6='?' (Size = 4000), @p7='?' (Size = 4000), @p8='?' (Size = 4000), @p9='?' (Size = 4000)], CommandType='"Text"', CommandTimeout='30']
INSERT INTO `SouthAlerts` (`AlertId`, `Classification`, `Content`, `Lat`, `Lon`, `Priority`, `Source`, `Status`, `Timestamp`, `Title`)
VALUES (@p0, @p1, @p2, @p3, @p4, @p5, @p6, @p7, @p8, @p9);
SELECT `Id`
FROM `SouthAlerts`
WHERE ROW_COUNT() = 1 AND `Id` = LAST_INSERT_ID();
2026-10-06 17:17:05 - INF - Executed DbCommand (1ms) [Parameters=[], CommandType='"Text"', CommandTimeout='30']
SELECT `o`.`Id`, `o`.`AlertId`, `o`.`Classification`, `o`.`Content`, `o`.`Lat`, `o`.`Lon`, `o`.`Priority`, `o`.`Source`, `o`.`Status`, `o`.`Timestamp`, `o`.`Title`
FROM `OverseasAlerts` AS `o`
WHERE `o`.`Status` = 'WAITING'
LIMIT 1
2026-10-06 17:17:12 - INF - Executed DbCommand (2ms) [Parameters=[@p0='?' (Size = 4000), @p1='?' (Size = 4000), @p2='?' (Size = 4000), @p3='?' (DbType = Double), @p4='?' (DbType = Double), @p5='?' (Size = 4000), @p6='?' (Size = 4000), @p7='?' (Size = 4000), @p8='?' (Size = 4000), @p9='?' (Size = 4000)], CommandType='"Text"', CommandTimeout='30']
INSERT INTO `OverseasAlerts` (`AlertId`, `Classification`, `Content`, `Lat`, `Lon`, `Priority`, `Source`, `Status`, `Timestamp`, `Title`)
VALUES (@p0, @p1, @p2, @p3, @p4, @p5, @p6, @p7, @p8, @p9);
SELECT `Id`
FROM `OverseasAlerts`
WHERE ROW_COUNT() = 1 AND `Id` = LAST_INSERT_ID();
2026-10-06 17:17:12 - INF - Executed DbCommand (1ms) [Parameters=[], CommandType='"Text"', CommandTimeout='30']
SELECT `n`.`Id`, `n`.`AlertId`, `n`.`Classification`, `n`.`Content`, `n`.`Lat`, `n`.`Lon`, `n`.`Priority`, `n`.`Source`, `n`.`Status`, `n`.`Timestamp`, `n`.`Title`
FROM `NorthAlerts` AS `n`
WHERE `n`.`Status` = 'WAITING'
LIMIT 1
2026-10-06 17:17:18 - INF - Executed DbCommand (5ms) [Parameters=[@p0='?' (Size = 4000), @p1='?' (Size = 4000), @p2='?' (Size = 4000), @p3='?' (DbType = Double), @p4='?' (DbType = Double), @p5='?' (Size = 4000), @p6='?' (Size = 4000), @p7='?' (Size = 4000), @p8='?' (Size = 4000), @p9='?' (Size = 4000)], CommandType='"Text"', CommandTimeout='30']
INSERT INTO `NorthAlerts` (`AlertId`, `Classification`, `Content`, `Lat`, `Lon`, `Priority`, `Source`, `Status`, `Timestamp`, `Title`)
VALUES (@p0, @p1, @p2, @p3, @p4, @p5, @p6, @p7, @p8, @p9);
SELECT `Id`
FROM `NorthAlerts`
WHERE ROW_COUNT() = 1 AND `Id` = LAST_INSERT_ID();
2026-10-06 17:17:18 - INF - Executed DbCommand (4ms) [Parameters=[], CommandType='"Text"', CommandTimeout='30']
SELECT `c`.`Id`, `c`.`AlertId`, `c`.`Classification`, `c`.`Content`, `c`.`Lat`, `c`.`Lon`, `c`.`Priority`, `c`.`Source`, `c`.`Status`, `c`.`Timestamp`, `c`.`Title`
FROM `CenterAlerts` AS `c`
WHERE `c`.`Status` = 'WAITING'
LIMIT 1
2026-10-06 17:17:20 - INF - Executed DbCommand (1ms) [Parameters=[@p0='?' (Size = 4000), @p1='?' (Size = 4000), @p2='?' (Size = 4000), @p3='?' (DbType = Double), @p4='?' (DbType = Double), @p5='?' (Size = 4000), @p6='?' (Size = 4000), @p7='?' (Size = 4000), @p8='?' (Size = 4000), @p9='?' (Size = 4000)], CommandType='"Text"', CommandTimeout='30']
INSERT INTO `CenterAlerts` (`AlertId`, `Classification`, `Content`, `Lat`, `Lon`, `Priority`, `Source`, `Status`, `Timestamp`, `Title`)
VALUES (@p0, @p1, @p2, @p3, @p4, @p5, @p6, @p7, @p8, @p9);
SELECT `Id`
FROM `CenterAlerts`
WHERE ROW_COUNT() = 1 AND `Id` = LAST_INSERT_ID();
2026-10-06 17:17:20 - INF - Executed DbCommand (1ms) [Parameters=[], CommandType='"Text"', CommandTimeout='30']
SELECT `s`.`Id`, `s`.`AlertId`, `s`.`Classification`, `s`.`Content`, `s`.`Lat`, `s`.`Lon`, `s`.`Priority`, `s`.`Source`, `s`.`Status`, `s`.`Timestamp`, `s`.`Title`
FROM `SouthAlerts` AS `s`
WHERE `s`.`Status` = 'WAITING'
LIMIT 1
2026-10-06 17:17:27 - INF - Executed DbCommand (2ms) [Parameters=[@p0='?' (Size = 4000), @p1='?' (Size = 4000), @p2='?' (Size = 4000), @p3='?' (DbType = Double), @p4='?' (DbType = Double), @p5='?' (Size = 4000), @p6='?' (Size = 4000), @p7='?' (Size = 4000), @p8='?' (Size = 4000), @p9='?' (Size = 4000)], CommandType='"Text"', CommandTimeout='30']
INSERT INTO `SouthAlerts` (`AlertId`, `Classification`, `Content`, `Lat`, `Lon`, `Priority`, `Source`, `Status`, `Timestamp`, `Title`)
VALUES (@p0, @p1, @p2, @p3, @p4, @p5, @p6, @p7, @p8, @p9);
SELECT `Id`
FROM `SouthAlerts`
WHERE ROW_COUNT() = 1 AND `Id` = LAST_INSERT_ID();
2026-10-06 17:17:27 - INF - Executed DbCommand (1ms) [Parameters=[], CommandType='"Text"', CommandTimeout='30']
SELECT `o`.`Id`, `o`.`AlertId`, `o`.`Classification`, `o`.`Content`, `o`.`Lat`, `o`.`Lon`, `o`.`Priority`, `o`.`Source`, `o`.`Status`, `o`.`Timestamp`, `o`.`Title`
FROM `OverseasAlerts` AS `o`
WHERE `o`.`Status` = 'WAITING'
LIMIT 1
2026-10-06 17:17:34 - INF - Executed DbCommand (2ms) [Parameters=[@p0='?' (Size = 4000), @p1='?' (Size = 4000), @p2='?' (Size = 4000), @p3='?' (DbType = Double), @p4='?' (DbType = Double), @p5='?' (Size = 4000), @p6='?' (Size = 4000), @p7='?' (Size = 4000), @p8='?' (Size = 4000), @p9='?' (Size = 4000)], CommandType='"Text"', CommandTimeout='30']
INSERT INTO `OverseasAlerts` (`AlertId`, `Classification`, `Content`, `Lat`, `Lon`, `Priority`, `Source`, `Status`, `Timestamp`, `Title`)
VALUES (@p0, @p1, @p2, @p3, @p4, @p5, @p6, @p7, @p8, @p9);
SELECT `Id`
FROM `OverseasAlerts`
WHERE ROW_COUNT() = 1 AND `Id` = LAST_INSERT_ID();
2026-10-06 17:17:34 - INF - Executed DbCommand (3ms) [Parameters=[], CommandType='"Text"', CommandTimeout='30']
SELECT `n`.`Id`, `n`.`AlertId`, `n`.`Classification`, `n`.`Content`, `n`.`Lat`, `n`.`Lon`, `n`.`Priority`, `n`.`Source`, `n`.`Status`, `n`.`Timestamp`, `n`.`Title`
FROM `NorthAlerts` AS `n`
WHERE `n`.`Status` = 'WAITING'
LIMIT 1
2026-10-06 17:17:40 - INF - Executed DbCommand (1ms) [Parameters=[@p0='?' (Size = 4000), @p1='?' (Size = 4000), @p2='?' (Size = 4000), @p3='?' (DbType = Double), @p4='?' (DbType = Double), @p5='?' (Size = 4000), @p6='?' (Size = 4000), @p7='?' (Size = 4000), @p8='?' (Size = 4000), @p9='?' (Size = 4000)], CommandType='"Text"', CommandTimeout='30']
INSERT INTO `NorthAlerts` (`AlertId`, `Classification`, `Content`, `Lat`, `Lon`, `Priority`, `Source`, `Status`, `Timestamp`, `Title`)
VALUES (@p0, @p1, @p2, @p3, @p4, @p5, @p6, @p7, @p8, @p9);
SELECT `Id`
FROM `NorthAlerts`
WHERE ROW_COUNT() = 1 AND `Id` = LAST_INSERT_ID();
2026-10-06 17:17:40 - INF - Executed DbCommand (1ms) [Parameters=[], CommandType='"Text"', CommandTimeout='30']
SELECT `c`.`Id`, `c`.`AlertId`, `c`.`Classification`, `c`.`Content`, `c`.`Lat`, `c`.`Lon`, `c`.`Priority`, `c`.`Source`, `c`.`Status`, `c`.`Timestamp`, `c`.`Title`
FROM `CenterAlerts` AS `c`
WHERE `c`.`Status` = 'WAITING'
LIMIT 1
2026-10-06 17:17:42 - INF - Executed DbCommand (2ms) [Parameters=[@p0='?' (Size = 4000), @p1='?' (Size = 4000), @p2='?' (Size = 4000), @p3='?' (DbType = Double), @p4='?' (DbType = Double), @p5='?' (Size = 4000), @p6='?' (Size = 4000), @p7='?' (Size = 4000), @p8='?' (Size = 4000), @p9='?' (Size = 4000)], CommandType='"Text"', CommandTimeout='30']
INSERT INTO `CenterAlerts` (`AlertId`, `Classification`, `Content`, `Lat`, `Lon`, `Priority`, `Source`, `Status`, `Timestamp`, `Title`)
VALUES (@p0, @p1, @p2, @p3, @p4, @p5, @p6, @p7, @p8, @p9);
SELECT `Id`
FROM `CenterAlerts`
WHERE ROW_COUNT() = 1 AND `Id` = LAST_INSERT_ID();
2026-10-06 17:17:42 - INF - Executed DbCommand (1ms) [Parameters=[], CommandType='"Text"', CommandTimeout='30']
SELECT `s`.`Id`, `s`.`AlertId`, `s`.`Classification`, `s`.`Content`, `s`.`Lat`, `s`.`Lon`, `s`.`Priority`, `s`.`Source`, `s`.`Status`, `s`.`Timestamp`, `s`.`Title`
FROM `SouthAlerts` AS `s`
WHERE `s`.`Status` = 'WAITING'
LIMIT 1
2026-10-06 17:17:49 - INF - Executed DbCommand (2ms) [Parameters=[@p0='?' (Size = 4000), @p1='?' (Size = 4000), @p2='?' (Size = 4000), @p3='?' (DbType = Double), @p4='?' (DbType = Double), @p5='?' (Size = 4000), @p6='?' (Size = 4000), @p7='?' (Size = 4000), @p8='?' (Size = 4000), @p9='?' (Size = 4000)], CommandType='"Text"', CommandTimeout='30']
INSERT INTO `SouthAlerts` (`AlertId`, `Classification`, `Content`, `Lat`, `Lon`, `Priority`, `Source`, `Status`, `Timestamp`, `Title`)
VALUES (@p0, @p1, @p2, @p3, @p4, @p5, @p6, @p7, @p8, @p9);
SELECT `Id`
FROM `SouthAlerts`
WHERE ROW_COUNT() = 1 AND `Id` = LAST_INSERT_ID();
2026-10-06 17:17:49 - INF - Executed DbCommand (1ms) [Parameters=[], CommandType='"Text"', CommandTimeout='30']
SELECT `o`.`Id`, `o`.`AlertId`, `o`.`Classification`, `o`.`Content`, `o`.`Lat`, `o`.`Lon`, `o`.`Priority`, `o`.`Source`, `o`.`Status`, `o`.`Timestamp`, `o`.`Title`
FROM `OverseasAlerts` AS `o`
WHERE `o`.`Status` = 'WAITING'
LIMIT 1
2026-10-06 17:17:56 - INF - Executed DbCommand (2ms) [Parameters=[@p0='?' (Size = 4000), @p1='?' (Size = 4000), @p2='?' (Size = 4000), @p3='?' (DbType = Double), @p4='?' (DbType = Double), @p5='?' (Size = 4000), @p6='?' (Size = 4000), @p7='?' (Size = 4000), @p8='?' (Size = 4000), @p9='?' (Size = 4000)], CommandType='"Text"', CommandTimeout='30']
INSERT INTO `OverseasAlerts` (`AlertId`, `Classification`, `Content`, `Lat`, `Lon`, `Priority`, `Source`, `Status`, `Timestamp`, `Title`)
VALUES (@p0, @p1, @p2, @p3, @p4, @p5, @p6, @p7, @p8, @p9);
SELECT `Id`
FROM `OverseasAlerts`
WHERE ROW_COUNT() = 1 AND `Id` = LAST_INSERT_ID();
2026-10-06 17:17:56 - INF - Executed DbCommand (2ms) [Parameters=[], CommandType='"Text"', CommandTimeout='30']
SELECT `n`.`Id`, `n`.`AlertId`, `n`.`Classification`, `n`.`Content`, `n`.`Lat`, `n`.`Lon`, `n`.`Priority`, `n`.`Source`, `n`.`Status`, `n`.`Timestamp`, `n`.`Title`
FROM `NorthAlerts` AS `n`
WHERE `n`.`Status` = 'WAITING'
LIMIT 1
2026-10-06 17:18:02 - INF - Executed DbCommand (2ms) [Parameters=[@p0='?' (Size = 4000), @p1='?' (Size = 4000), @p2='?' (Size = 4000), @p3='?' (DbType = Double), @p4='?' (DbType = Double), @p5='?' (Size = 4000), @p6='?' (Size = 4000), @p7='?' (Size = 4000), @p8='?' (Size = 4000), @p9='?' (Size = 4000)], CommandType='"Text"', CommandTimeout='30']
INSERT INTO `NorthAlerts` (`AlertId`, `Classification`, `Content`, `Lat`, `Lon`, `Priority`, `Source`, `Status`, `Timestamp`, `Title`)
VALUES (@p0, @p1, @p2, @p3, @p4, @p5, @p6, @p7, @p8, @p9);
SELECT `Id`
FROM `NorthAlerts`
WHERE ROW_COUNT() = 1 AND `Id` = LAST_INSERT_ID();
2026-10-06 17:18:02 - INF - Executed DbCommand (1ms) [Parameters=[], CommandType='"Text"', CommandTimeout='30']
SELECT `c`.`Id`, `c`.`AlertId`, `c`.`Classification`, `c`.`Content`, `c`.`Lat`, `c`.`Lon`, `c`.`Priority`, `c`.`Source`, `c`.`Status`, `c`.`Timestamp`, `c`.`Title`
FROM `CenterAlerts` AS `c`
WHERE `c`.`Status` = 'WAITING'
LIMIT 1
2026-10-06 17:18:04 - INF - Executed DbCommand (1ms) [Parameters=[@p0='?' (Size = 4000), @p1='?' (Size = 4000), @p2='?' (Size = 4000), @p3='?' (DbType = Double), @p4='?' (DbType = Double), @p5='?' (Size = 4000), @p6='?' (Size = 4000), @p7='?' (Size = 4000), @p8='?' (Size = 4000), @p9='?' (Size = 4000)], CommandType='"Text"', CommandTimeout='30']
INSERT INTO `CenterAlerts` (`AlertId`, `Classification`, `Content`, `Lat`, `Lon`, `Priority`, `Source`, `Status`, `Timestamp`, `Title`)
VALUES (@p0, @p1, @p2, @p3, @p4, @p5, @p6, @p7, @p8, @p9);
SELECT `Id`
FROM `CenterAlerts`
WHERE ROW_COUNT() = 1 AND `Id` = LAST_INSERT_ID();
2026-10-06 17:18:04 - INF - Executed DbCommand (2ms) [Parameters=[], CommandType='"Text"', CommandTimeout='30']
SELECT `s`.`Id`, `s`.`AlertId`, `s`.`Classification`, `s`.`Content`, `s`.`Lat`, `s`.`Lon`, `s`.`Priority`, `s`.`Source`, `s`.`Status`, `s`.`Timestamp`, `s`.`Title`
FROM `SouthAlerts` AS `s`
WHERE `s`.`Status` = 'WAITING'
LIMIT 1
2026-10-06 17:18:11 - INF - Executed DbCommand (2ms) [Parameters=[@p0='?' (Size = 4000), @p1='?' (Size = 4000), @p2='?' (Size = 4000), @p3='?' (DbType = Double), @p4='?' (DbType = Double), @p5='?' (Size = 4000), @p6='?' (Size = 4000), @p7='?' (Size = 4000), @p8='?' (Size = 4000), @p9='?' (Size = 4000)], CommandType='"Text"', CommandTimeout='30']
INSERT INTO `SouthAlerts` (`AlertId`, `Classification`, `Content`, `Lat`, `Lon`, `Priority`, `Source`, `Status`, `Timestamp`, `Title`)
VALUES (@p0, @p1, @p2, @p3, @p4, @p5, @p6, @p7, @p8, @p9);
SELECT `Id`
FROM `SouthAlerts`
WHERE ROW_COUNT() = 1 AND `Id` = LAST_INSERT_ID();
2026-10-06 17:18:11 - INF - Executed DbCommand (3ms) [Parameters=[], CommandType='"Text"', CommandTimeout='30']
SELECT `o`.`Id`, `o`.`AlertId`, `o`.`Classification`, `o`.`Content`, `o`.`Lat`, `o`.`Lon`, `o`.`Priority`, `o`.`Source`, `o`.`Status`, `o`.`Timestamp`, `o`.`Title`
FROM `OverseasAlerts` AS `o`
WHERE `o`.`Status` = 'WAITING'
LIMIT 1
2026-10-06 17:18:18 - INF - Executed DbCommand (2ms) [Parameters=[@p0='?' (Size = 4000), @p1='?' (Size = 4000), @p2='?' (Size = 4000), @p3='?' (DbType = Double), @p4='?' (DbType = Double), @p5='?' (Size = 4000), @p6='?' (Size = 4000), @p7='?' (Size = 4000), @p8='?' (Size = 4000), @p9='?' (Size = 4000)], CommandType='"Text"', CommandTimeout='30']
INSERT INTO `OverseasAlerts` (`AlertId`, `Classification`, `Content`, `Lat`, `Lon`, `Priority`, `Source`, `Status`, `Timestamp`, `Title`)
VALUES (@p0, @p1, @p2, @p3, @p4, @p5, @p6, @p7, @p8, @p9);
SELECT `Id`
FROM `OverseasAlerts`
WHERE ROW_COUNT() = 1 AND `Id` = LAST_INSERT_ID();
2026-10-06 17:18:18 - INF - Executed DbCommand (1ms) [Parameters=[], CommandType='"Text"', CommandTimeout='30']
SELECT `n`.`Id`, `n`.`AlertId`, `n`.`Classification`, `n`.`Content`, `n`.`Lat`, `n`.`Lon`, `n`.`Priority`, `n`.`Source`, `n`.`Status`, `n`.`Timestamp`, `n`.`Title`
FROM `NorthAlerts` AS `n`
WHERE `n`.`Status` = 'WAITING'
LIMIT 1
2026-10-06 17:18:24 - INF - Executed DbCommand (1ms) [Parameters=[@p0='?' (Size = 4000), @p1='?' (Size = 4000), @p2='?' (Size = 4000), @p3='?' (DbType = Double), @p4='?' (DbType = Double), @p5='?' (Size = 4000), @p6='?' (Size = 4000), @p7='?' (Size = 4000), @p8='?' (Size = 4000), @p9='?' (Size = 4000)], CommandType='"Text"', CommandTimeout='30']
INSERT INTO `NorthAlerts` (`AlertId`, `Classification`, `Content`, `Lat`, `Lon`, `Priority`, `Source`, `Status`, `Timestamp`, `Title`)
VALUES (@p0, @p1, @p2, @p3, @p4, @p5, @p6, @p7, @p8, @p9);
SELECT `Id`
FROM `NorthAlerts`
WHERE ROW_COUNT() = 1 AND `Id` = LAST_INSERT_ID();
2026-10-06 17:18:24 - INF - Executed DbCommand (1ms) [Parameters=[], CommandType='"Text"', CommandTimeout='30']
SELECT `c`.`Id`, `c`.`AlertId`, `c`.`Classification`, `c`.`Content`, `c`.`Lat`, `c`.`Lon`, `c`.`Priority`, `c`.`Source`, `c`.`Status`, `c`.`Timestamp`, `c`.`Title`
FROM `CenterAlerts` AS `c`
WHERE `c`.`Status` = 'WAITING'
LIMIT 1
2026-10-06 17:18:26 - INF - Executed DbCommand (2ms) [Parameters=[@p0='?' (Size = 4000), @p1='?' (Size = 4000), @p2='?' (Size = 4000), @p3='?' (DbType = Double), @p4='?' (DbType = Double), @p5='?' (Size = 4000), @p6='?' (Size = 4000), @p7='?' (Size = 4000), @p8='?' (Size = 4000), @p9='?' (Size = 4000)], CommandType='"Text"', CommandTimeout='30']
INSERT INTO `CenterAlerts` (`AlertId`, `Classification`, `Content`, `Lat`, `Lon`, `Priority`, `Source`, `Status`, `Timestamp`, `Title`)
VALUES (@p0, @p1, @p2, @p3, @p4, @p5, @p6, @p7, @p8, @p9);
SELECT `Id`
FROM `CenterAlerts`
WHERE ROW_COUNT() = 1 AND `Id` = LAST_INSERT_ID();
2026-10-06 17:18:26 - INF - Executed DbCommand (2ms) [Parameters=[], CommandType='"Text"', CommandTimeout='30']
SELECT `s`.`Id`, `s`.`AlertId`, `s`.`Classification`, `s`.`Content`, `s`.`Lat`, `s`.`Lon`, `s`.`Priority`, `s`.`Source`, `s`.`Status`, `s`.`Timestamp`, `s`.`Title`
FROM `SouthAlerts` AS `s`
WHERE `s`.`Status` = 'WAITING'
LIMIT 1
2026-10-06 17:18:34 - INF - Executed DbCommand (10ms) [Parameters=[@p0='?' (Size = 4000), @p1='?' (Size = 4000), @p2='?' (Size = 4000), @p3='?' (DbType = Double), @p4='?' (DbType = Double), @p5='?' (Size = 4000), @p6='?' (Size = 4000), @p7='?' (Size = 4000), @p8='?' (Size = 4000), @p9='?' (Size = 4000)], CommandType='"Text"', CommandTimeout='30']
INSERT INTO `SouthAlerts` (`AlertId`, `Classification`, `Content`, `Lat`, `Lon`, `Priority`, `Source`, `Status`, `Timestamp`, `Title`)
VALUES (@p0, @p1, @p2, @p3, @p4, @p5, @p6, @p7, @p8, @p9);
SELECT `Id`
FROM `SouthAlerts`
WHERE ROW_COUNT() = 1 AND `Id` = LAST_INSERT_ID();
2026-10-06 17:18:34 - INF - Executed DbCommand (2ms) [Parameters=[], CommandType='"Text"', CommandTimeout='30']
SELECT `o`.`Id`, `o`.`AlertId`, `o`.`Classification`, `o`.`Content`, `o`.`Lat`, `o`.`Lon`, `o`.`Priority`, `o`.`Source`, `o`.`Status`, `o`.`Timestamp`, `o`.`Title`
FROM `OverseasAlerts` AS `o`
WHERE `o`.`Status` = 'WAITING'
LIMIT 1
2026-10-06 17:18:41 - INF - Executed DbCommand (2ms) [Parameters=[@p0='?' (Size = 4000), @p1='?' (Size = 4000), @p2='?' (Size = 4000), @p3='?' (DbType = Double), @p4='?' (DbType = Double), @p5='?' (Size = 4000), @p6='?' (Size = 4000), @p7='?' (Size = 4000), @p8='?' (Size = 4000), @p9='?' (Size = 4000)], CommandType='"Text"', CommandTimeout='30']
INSERT INTO `OverseasAlerts` (`AlertId`, `Classification`, `Content`, `Lat`, `Lon`, `Priority`, `Source`, `Status`, `Timestamp`, `Title`)
VALUES (@p0, @p1, @p2, @p3, @p4, @p5, @p6, @p7, @p8, @p9);
SELECT `Id`
FROM `OverseasAlerts`
WHERE ROW_COUNT() = 1 AND `Id` = LAST_INSERT_ID();
2026-10-06 17:18:41 - INF - Executed DbCommand (2ms) [Parameters=[], CommandType='"Text"', CommandTimeout='30']
SELECT `n`.`Id`, `n`.`AlertId`, `n`.`Classification`, `n`.`Content`, `n`.`Lat`, `n`.`Lon`, `n`.`Priority`, `n`.`Source`, `n`.`Status`, `n`.`Timestamp`, `n`.`Title`
FROM `NorthAlerts` AS `n`
WHERE `n`.`Status` = 'WAITING'
LIMIT 1
2026-10-06 17:18:47 - INF - Executed DbCommand (2ms) [Parameters=[@p0='?' (Size = 4000), @p1='?' (Size = 4000), @p2='?' (Size = 4000), @p3='?' (DbType = Double), @p4='?' (DbType = Double), @p5='?' (Size = 4000), @p6='?' (Size = 4000), @p7='?' (Size = 4000), @p8='?' (Size = 4000), @p9='?' (Size = 4000)], CommandType='"Text"', CommandTimeout='30']
INSERT INTO `NorthAlerts` (`AlertId`, `Classification`, `Content`, `Lat`, `Lon`, `Priority`, `Source`, `Status`, `Timestamp`, `Title`)
VALUES (@p0, @p1, @p2, @p3, @p4, @p5, @p6, @p7, @p8, @p9);
SELECT `Id`
FROM `NorthAlerts`
WHERE ROW_COUNT() = 1 AND `Id` = LAST_INSERT_ID();
2026-10-06 17:18:47 - INF - Executed DbCommand (1ms) [Parameters=[], CommandType='"Text"', CommandTimeout='30']
SELECT `c`.`Id`, `c`.`AlertId`, `c`.`Classification`, `c`.`Content`, `c`.`Lat`, `c`.`Lon`, `c`.`Priority`, `c`.`Source`, `c`.`Status`, `c`.`Timestamp`, `c`.`Title`
FROM `CenterAlerts` AS `c`
WHERE `c`.`Status` = 'WAITING'
LIMIT 1
2026-10-06 17:18:49 - INF - Executed DbCommand (2ms) [Parameters=[@p0='?' (Size = 4000), @p1='?' (Size = 4000), @p2='?' (Size = 4000), @p3='?' (DbType = Double), @p4='?' (DbType = Double), @p5='?' (Size = 4000), @p6='?' (Size = 4000), @p7='?' (Size = 4000), @p8='?' (Size = 4000), @p9='?' (Size = 4000)], CommandType='"Text"', CommandTimeout='30']
INSERT INTO `CenterAlerts` (`AlertId`, `Classification`, `Content`, `Lat`, `Lon`, `Priority`, `Source`, `Status`, `Timestamp`, `Title`)
VALUES (@p0, @p1, @p2, @p3, @p4, @p5, @p6, @p7, @p8, @p9);
SELECT `Id`
FROM `CenterAlerts`
WHERE ROW_COUNT() = 1 AND `Id` = LAST_INSERT_ID();
2026-10-06 17:18:49 - INF - Executed DbCommand (1ms) [Parameters=[], CommandType='"Text"', CommandTimeout='30']
SELECT `s`.`Id`, `s`.`AlertId`, `s`.`Classification`, `s`.`Content`, `s`.`Lat`, `s`.`Lon`, `s`.`Priority`, `s`.`Source`, `s`.`Status`, `s`.`Timestamp`, `s`.`Title`
FROM `SouthAlerts` AS `s`
WHERE `s`.`Status` = 'WAITING'
LIMIT 1
2026-10-06 17:18:56 - INF - Executed DbCommand (3ms) [Parameters=[@p0='?' (Size = 4000), @p1='?' (Size = 4000), @p2='?' (Size = 4000), @p3='?' (DbType = Double), @p4='?' (DbType = Double), @p5='?' (Size = 4000), @p6='?' (Size = 4000), @p7='?' (Size = 4000), @p8='?' (Size = 4000), @p9='?' (Size = 4000)], CommandType='"Text"', CommandTimeout='30']
INSERT INTO `SouthAlerts` (`AlertId`, `Classification`, `Content`, `Lat`, `Lon`, `Priority`, `Source`, `Status`, `Timestamp`, `Title`)
VALUES (@p0, @p1, @p2, @p3, @p4, @p5, @p6, @p7, @p8, @p9);
SELECT `Id`
FROM `SouthAlerts`
WHERE ROW_COUNT() = 1 AND `Id` = LAST_INSERT_ID();
2026-10-06 17:18:56 - INF - Executed DbCommand (2ms) [Parameters=[], CommandType='"Text"', CommandTimeout='30']
SELECT `o`.`Id`, `o`.`AlertId`, `o`.`Classification`, `o`.`Content`, `o`.`Lat`, `o`.`Lon`, `o`.`Priority`, `o`.`Source`, `o`.`Status`, `o`.`Timestamp`, `o`.`Title`
FROM `OverseasAlerts` AS `o`
WHERE `o`.`Status` = 'WAITING'
LIMIT 1
2026-10-06 17:19:03 - INF - Executed DbCommand (11ms) [Parameters=[@p0='?' (Size = 4000), @p1='?' (Size = 4000), @p2='?' (Size = 4000), @p3='?' (DbType = Double), @p4='?' (DbType = Double), @p5='?' (Size = 4000), @p6='?' (Size = 4000), @p7='?' (Size = 4000), @p8='?' (Size = 4000), @p9='?' (Size = 4000)], CommandType='"Text"', CommandTimeout='30']
INSERT INTO `OverseasAlerts` (`AlertId`, `Classification`, `Content`, `Lat`, `Lon`, `Priority`, `Source`, `Status`, `Timestamp`, `Title`)
VALUES (@p0, @p1, @p2, @p3, @p4, @p5, @p6, @p7, @p8, @p9);
SELECT `Id`
FROM `OverseasAlerts`
WHERE ROW_COUNT() = 1 AND `Id` = LAST_INSERT_ID();
2026-10-06 17:19:03 - INF - Executed DbCommand (2ms) [Parameters=[], CommandType='"Text"', CommandTimeout='30']
SELECT `n`.`Id`, `n`.`AlertId`, `n`.`Classification`, `n`.`Content`, `n`.`Lat`, `n`.`Lon`, `n`.`Priority`, `n`.`Source`, `n`.`Status`, `n`.`Timestamp`, `n`.`Title`
FROM `NorthAlerts` AS `n`
WHERE `n`.`Status` = 'WAITING'
LIMIT 1
2026-10-06 17:19:09 - INF - Executed DbCommand (2ms) [Parameters=[@p0='?' (Size = 4000), @p1='?' (Size = 4000), @p2='?' (Size = 4000), @p3='?' (DbType = Double), @p4='?' (DbType = Double), @p5='?' (Size = 4000), @p6='?' (Size = 4000), @p7='?' (Size = 4000), @p8='?' (Size = 4000), @p9='?' (Size = 4000)], CommandType='"Text"', CommandTimeout='30']
INSERT INTO `NorthAlerts` (`AlertId`, `Classification`, `Content`, `Lat`, `Lon`, `Priority`, `Source`, `Status`, `Timestamp`, `Title`)
VALUES (@p0, @p1, @p2, @p3, @p4, @p5, @p6, @p7, @p8, @p9);
SELECT `Id`
FROM `NorthAlerts`
WHERE ROW_COUNT() = 1 AND `Id` = LAST_INSERT_ID();
2026-10-06 17:19:09 - INF - Executed DbCommand (1ms) [Parameters=[], CommandType='"Text"', CommandTimeout='30']
SELECT `c`.`Id`, `c`.`AlertId`, `c`.`Classification`, `c`.`Content`, `c`.`Lat`, `c`.`Lon`, `c`.`Priority`, `c`.`Source`, `c`.`Status`, `c`.`Timestamp`, `c`.`Title`
FROM `CenterAlerts` AS `c`
WHERE `c`.`Status` = 'WAITING'
LIMIT 1
2026-10-06 17:19:11 - INF - Executed DbCommand (9ms) [Parameters=[@p0='?' (Size = 4000), @p1='?' (Size = 4000), @p2='?' (Size = 4000), @p3='?' (DbType = Double), @p4='?' (DbType = Double), @p5='?' (Size = 4000), @p6='?' (Size = 4000), @p7='?' (Size = 4000), @p8='?' (Size = 4000), @p9='?' (Size = 4000)], CommandType='"Text"', CommandTimeout='30']
INSERT INTO `CenterAlerts` (`AlertId`, `Classification`, `Content`, `Lat`, `Lon`, `Priority`, `Source`, `Status`, `Timestamp`, `Title`)
VALUES (@p0, @p1, @p2, @p3, @p4, @p5, @p6, @p7, @p8, @p9);
SELECT `Id`
FROM `CenterAlerts`
WHERE ROW_COUNT() = 1 AND `Id` = LAST_INSERT_ID();
2026-10-06 17:19:11 - INF - Executed DbCommand (5ms) [Parameters=[], CommandType='"Text"', CommandTimeout='30']
SELECT `s`.`Id`, `s`.`AlertId`, `s`.`Classification`, `s`.`Content`, `s`.`Lat`, `s`.`Lon`, `s`.`Priority`, `s`.`Source`, `s`.`Status`, `s`.`Timestamp`, `s`.`Title`
FROM `SouthAlerts` AS `s`
WHERE `s`.`Status` = 'WAITING'
LIMIT 1
2026-10-06 17:19:18 - INF - Executed DbCommand (2ms) [Parameters=[@p0='?' (Size = 4000), @p1='?' (Size = 4000), @p2='?' (Size = 4000), @p3='?' (DbType = Double), @p4='?' (DbType = Double), @p5='?' (Size = 4000), @p6='?' (Size = 4000), @p7='?' (Size = 4000), @p8='?' (Size = 4000), @p9='?' (Size = 4000)], CommandType='"Text"', CommandTimeout='30']
INSERT INTO `SouthAlerts` (`AlertId`, `Classification`, `Content`, `Lat`, `Lon`, `Priority`, `Source`, `Status`, `Timestamp`, `Title`)
VALUES (@p0, @p1, @p2, @p3, @p4, @p5, @p6, @p7, @p8, @p9);
SELECT `Id`
FROM `SouthAlerts`
WHERE ROW_COUNT() = 1 AND `Id` = LAST_INSERT_ID();
2026-10-06 17:19:18 - INF - Executed DbCommand (1ms) [Parameters=[], CommandType='"Text"', CommandTimeout='30']
SELECT `o`.`Id`, `o`.`AlertId`, `o`.`Classification`, `o`.`Content`, `o`.`Lat`, `o`.`Lon`, `o`.`Priority`, `o`.`Source`, `o`.`Status`, `o`.`Timestamp`, `o`.`Title`
FROM `OverseasAlerts` AS `o`
WHERE `o`.`Status` = 'WAITING'
LIMIT 1
2026-10-06 17:19:25 - INF - Executed DbCommand (2ms) [Parameters=[@p0='?' (Size = 4000), @p1='?' (Size = 4000), @p2='?' (Size = 4000), @p3='?' (DbType = Double), @p4='?' (DbType = Double), @p5='?' (Size = 4000), @p6='?' (Size = 4000), @p7='?' (Size = 4000), @p8='?' (Size = 4000), @p9='?' (Size = 4000)], CommandType='"Text"', CommandTimeout='30']
INSERT INTO `OverseasAlerts` (`AlertId`, `Classification`, `Content`, `Lat`, `Lon`, `Priority`, `Source`, `Status`, `Timestamp`, `Title`)
VALUES (@p0, @p1, @p2, @p3, @p4, @p5, @p6, @p7, @p8, @p9);
SELECT `Id`
FROM `OverseasAlerts`
WHERE ROW_COUNT() = 1 AND `Id` = LAST_INSERT_ID();
2026-10-06 17:19:25 - INF - Executed DbCommand (1ms) [Parameters=[], CommandType='"Text"', CommandTimeout='30']
SELECT `n`.`Id`, `n`.`AlertId`, `n`.`Classification`, `n`.`Content`, `n`.`Lat`, `n`.`Lon`, `n`.`Priority`, `n`.`Source`, `n`.`Status`, `n`.`Timestamp`, `n`.`Title`
FROM `NorthAlerts` AS `n`
WHERE `n`.`Status` = 'WAITING'
LIMIT 1
2026-10-06 17:19:31 - INF - Executed DbCommand (2ms) [Parameters=[@p0='?' (Size = 4000), @p1='?' (Size = 4000), @p2='?' (Size = 4000), @p3='?' (DbType = Double), @p4='?' (DbType = Double), @p5='?' (Size = 4000), @p6='?' (Size = 4000), @p7='?' (Size = 4000), @p8='?' (Size = 4000), @p9='?' (Size = 4000)], CommandType='"Text"', CommandTimeout='30']
INSERT INTO `NorthAlerts` (`AlertId`, `Classification`, `Content`, `Lat`, `Lon`, `Priority`, `Source`, `Status`, `Timestamp`, `Title`)
VALUES (@p0, @p1, @p2, @p3, @p4, @p5, @p6, @p7, @p8, @p9);
SELECT `Id`
FROM `NorthAlerts`
WHERE ROW_COUNT() = 1 AND `Id` = LAST_INSERT_ID();
2026-10-06 17:19:31 - INF - Executed DbCommand (1ms) [Parameters=[], CommandType='"Text"', CommandTimeout='30']
SELECT `c`.`Id`, `c`.`AlertId`, `c`.`Classification`, `c`.`Content`, `c`.`Lat`, `c`.`Lon`, `c`.`Priority`, `c`.`Source`, `c`.`Status`, `c`.`Timestamp`, `c`.`Title`
FROM `CenterAlerts` AS `c`
WHERE `c`.`Status` = 'WAITING'
LIMIT 1
2026-10-06 17:19:33 - INF - Executed DbCommand (3ms) [Parameters=[@p0='?' (Size = 4000), @p1='?' (Size = 4000), @p2='?' (Size = 4000), @p3='?' (DbType = Double), @p4='?' (DbType = Double), @p5='?' (Size = 4000), @p6='?' (Size = 4000), @p7='?' (Size = 4000), @p8='?' (Size = 4000), @p9='?' (Size = 4000)], CommandType='"Text"', CommandTimeout='30']
INSERT INTO `CenterAlerts` (`AlertId`, `Classification`, `Content`, `Lat`, `Lon`, `Priority`, `Source`, `Status`, `Timestamp`, `Title`)
VALUES (@p0, @p1, @p2, @p3, @p4, @p5, @p6, @p7, @p8, @p9);
SELECT `Id`
FROM `CenterAlerts`
WHERE ROW_COUNT() = 1 AND `Id` = LAST_INSERT_ID();
2026-10-06 17:19:33 - INF - Executed DbCommand (1ms) [Parameters=[], CommandType='"Text"', CommandTimeout='30']
SELECT `s`.`Id`, `s`.`AlertId`, `s`.`Classification`, `s`.`Content`, `s`.`Lat`, `s`.`Lon`, `s`.`Priority`, `s`.`Source`, `s`.`Status`, `s`.`Timestamp`, `s`.`Title`
FROM `SouthAlerts` AS `s`
WHERE `s`.`Status` = 'WAITING'
LIMIT 1
2026-10-06 17:19:40 - INF - Executed DbCommand (2ms) [Parameters=[@p0='?' (Size = 4000), @p1='?' (Size = 4000), @p2='?' (Size = 4000), @p3='?' (DbType = Double), @p4='?' (DbType = Double), @p5='?' (Size = 4000), @p6='?' (Size = 4000), @p7='?' (Size = 4000), @p8='?' (Size = 4000), @p9='?' (Size = 4000)], CommandType='"Text"', CommandTimeout='30']
INSERT INTO `SouthAlerts` (`AlertId`, `Classification`, `Content`, `Lat`, `Lon`, `Priority`, `Source`, `Status`, `Timestamp`, `Title`)
VALUES (@p0, @p1, @p2, @p3, @p4, @p5, @p6, @p7, @p8, @p9);
SELECT `Id`
FROM `SouthAlerts`
WHERE ROW_COUNT() = 1 AND `Id` = LAST_INSERT_ID();
2026-10-06 17:19:40 - INF - Executed DbCommand (2ms) [Parameters=[], CommandType='"Text"', CommandTimeout='30']
SELECT `o`.`Id`, `o`.`AlertId`, `o`.`Classification`, `o`.`Content`, `o`.`Lat`, `o`.`Lon`, `o`.`Priority`, `o`.`Source`, `o`.`Status`, `o`.`Timestamp`, `o`.`Title`
FROM `OverseasAlerts` AS `o`
WHERE `o`.`Status` = 'WAITING'
LIMIT 1
2026-10-06 17:19:47 - INF - Executed DbCommand (1ms) [Parameters=[@p0='?' (Size = 4000), @p1='?' (Size = 4000), @p2='?' (Size = 4000), @p3='?' (DbType = Double), @p4='?' (DbType = Double), @p5='?' (Size = 4000), @p6='?' (Size = 4000), @p7='?' (Size = 4000), @p8='?' (Size = 4000), @p9='?' (Size = 4000)], CommandType='"Text"', CommandTimeout='30']
INSERT INTO `OverseasAlerts` (`AlertId`, `Classification`, `Content`, `Lat`, `Lon`, `Priority`, `Source`, `Status`, `Timestamp`, `Title`)
VALUES (@p0, @p1, @p2, @p3, @p4, @p5, @p6, @p7, @p8, @p9);
SELECT `Id`
FROM `OverseasAlerts`
WHERE ROW_COUNT() = 1 AND `Id` = LAST_INSERT_ID();
2026-10-06 17:19:47 - INF - Executed DbCommand (1ms) [Parameters=[], CommandType='"Text"', CommandTimeout='30']
SELECT `n`.`Id`, `n`.`AlertId`, `n`.`Classification`, `n`.`Content`, `n`.`Lat`, `n`.`Lon`, `n`.`Priority`, `n`.`Source`, `n`.`Status`, `n`.`Timestamp`, `n`.`Title`
FROM `NorthAlerts` AS `n`
WHERE `n`.`Status` = 'WAITING'
LIMIT 1
2026-10-06 17:19:53 - INF - Executed DbCommand (2ms) [Parameters=[@p0='?' (Size = 4000), @p1='?' (Size = 4000), @p2='?' (Size = 4000), @p3='?' (DbType = Double), @p4='?' (DbType = Double), @p5='?' (Size = 4000), @p6='?' (Size = 4000), @p7='?' (Size = 4000), @p8='?' (Size = 4000), @p9='?' (Size = 4000)], CommandType='"Text"', CommandTimeout='30']
INSERT INTO `NorthAlerts` (`AlertId`, `Classification`, `Content`, `Lat`, `Lon`, `Priority`, `Source`, `Status`, `Timestamp`, `Title`)
VALUES (@p0, @p1, @p2, @p3, @p4, @p5, @p6, @p7, @p8, @p9);
SELECT `Id`
FROM `NorthAlerts`
WHERE ROW_COUNT() = 1 AND `Id` = LAST_INSERT_ID();
2026-10-06 17:19:53 - INF - Executed DbCommand (1ms) [Parameters=[], CommandType='"Text"', CommandTimeout='30']
SELECT `c`.`Id`, `c`.`AlertId`, `c`.`Classification`, `c`.`Content`, `c`.`Lat`, `c`.`Lon`, `c`.`Priority`, `c`.`Source`, `c`.`Status`, `c`.`Timestamp`, `c`.`Title`
FROM `CenterAlerts` AS `c`
WHERE `c`.`Status` = 'WAITING'
LIMIT 1
2026-10-06 17:19:55 - INF - Executed DbCommand (1ms) [Parameters=[@p0='?' (Size = 4000), @p1='?' (Size = 4000), @p2='?' (Size = 4000), @p3='?' (DbType = Double), @p4='?' (DbType = Double), @p5='?' (Size = 4000), @p6='?' (Size = 4000), @p7='?' (Size = 4000), @p8='?' (Size = 4000), @p9='?' (Size = 4000)], CommandType='"Text"', CommandTimeout='30']
INSERT INTO `CenterAlerts` (`AlertId`, `Classification`, `Content`, `Lat`, `Lon`, `Priority`, `Source`, `Status`, `Timestamp`, `Title`)
VALUES (@p0, @p1, @p2, @p3, @p4, @p5, @p6, @p7, @p8, @p9);
SELECT `Id`
FROM `CenterAlerts`
WHERE ROW_COUNT() = 1 AND `Id` = LAST_INSERT_ID();
2026-10-06 17:19:55 - INF - Executed DbCommand (1ms) [Parameters=[], CommandType='"Text"', CommandTimeout='30']
SELECT `s`.`Id`, `s`.`AlertId`, `s`.`Classification`, `s`.`Content`, `s`.`Lat`, `s`.`Lon`, `s`.`Priority`, `s`.`Source`, `s`.`Status`, `s`.`Timestamp`, `s`.`Title`
FROM `SouthAlerts` AS `s`
WHERE `s`.`Status` = 'WAITING'
LIMIT 1
2026-10-06 17:20:02 - INF - Executed DbCommand (2ms) [Parameters=[@p0='?' (Size = 4000), @p1='?' (Size = 4000), @p2='?' (Size = 4000), @p3='?' (DbType = Double), @p4='?' (DbType = Double), @p5='?' (Size = 4000), @p6='?' (Size = 4000), @p7='?' (Size = 4000), @p8='?' (Size = 4000), @p9='?' (Size = 4000)], CommandType='"Text"', CommandTimeout='30']
INSERT INTO `SouthAlerts` (`AlertId`, `Classification`, `Content`, `Lat`, `Lon`, `Priority`, `Source`, `Status`, `Timestamp`, `Title`)
VALUES (@p0, @p1, @p2, @p3, @p4, @p5, @p6, @p7, @p8, @p9);
SELECT `Id`
FROM `SouthAlerts`
WHERE ROW_COUNT() = 1 AND `Id` = LAST_INSERT_ID();
2026-10-06 17:20:02 - INF - Executed DbCommand (1ms) [Parameters=[], CommandType='"Text"', CommandTimeout='30']
SELECT `o`.`Id`, `o`.`AlertId`, `o`.`Classification`, `o`.`Content`, `o`.`Lat`, `o`.`Lon`, `o`.`Priority`, `o`.`Source`, `o`.`Status`, `o`.`Timestamp`, `o`.`Title`
FROM `OverseasAlerts` AS `o`
WHERE `o`.`Status` = 'WAITING'
LIMIT 1
2026-10-06 17:20:09 - INF - Executed DbCommand (3ms) [Parameters=[@p0='?' (Size = 4000), @p1='?' (Size = 4000), @p2='?' (Size = 4000), @p3='?' (DbType = Double), @p4='?' (DbType = Double), @p5='?' (Size = 4000), @p6='?' (Size = 4000), @p7='?' (Size = 4000), @p8='?' (Size = 4000), @p9='?' (Size = 4000)], CommandType='"Text"', CommandTimeout='30']
INSERT INTO `OverseasAlerts` (`AlertId`, `Classification`, `Content`, `Lat`, `Lon`, `Priority`, `Source`, `Status`, `Timestamp`, `Title`)
VALUES (@p0, @p1, @p2, @p3, @p4, @p5, @p6, @p7, @p8, @p9);
SELECT `Id`
FROM `OverseasAlerts`
WHERE ROW_COUNT() = 1 AND `Id` = LAST_INSERT_ID();
2026-10-06 17:20:09 - INF - Executed DbCommand (2ms) [Parameters=[], CommandType='"Text"', CommandTimeout='30']
SELECT `n`.`Id`, `n`.`AlertId`, `n`.`Classification`, `n`.`Content`, `n`.`Lat`, `n`.`Lon`, `n`.`Priority`, `n`.`Source`, `n`.`Status`, `n`.`Timestamp`, `n`.`Title`
FROM `NorthAlerts` AS `n`
WHERE `n`.`Status` = 'WAITING'
LIMIT 1
2026-10-06 17:20:15 - INF - Executed DbCommand (2ms) [Parameters=[@p0='?' (Size = 4000), @p1='?' (Size = 4000), @p2='?' (Size = 4000), @p3='?' (DbType = Double), @p4='?' (DbType = Double), @p5='?' (Size = 4000), @p6='?' (Size = 4000), @p7='?' (Size = 4000), @p8='?' (Size = 4000), @p9='?' (Size = 4000)], CommandType='"Text"', CommandTimeout='30']
INSERT INTO `NorthAlerts` (`AlertId`, `Classification`, `Content`, `Lat`, `Lon`, `Priority`, `Source`, `Status`, `Timestamp`, `Title`)
VALUES (@p0, @p1, @p2, @p3, @p4, @p5, @p6, @p7, @p8, @p9);
SELECT `Id`
FROM `NorthAlerts`
WHERE ROW_COUNT() = 1 AND `Id` = LAST_INSERT_ID();
2026-10-06 17:20:15 - INF - Executed DbCommand (2ms) [Parameters=[], CommandType='"Text"', CommandTimeout='30']
SELECT `c`.`Id`, `c`.`AlertId`, `c`.`Classification`, `c`.`Content`, `c`.`Lat`, `c`.`Lon`, `c`.`Priority`, `c`.`Source`, `c`.`Status`, `c`.`Timestamp`, `c`.`Title`
FROM `CenterAlerts` AS `c`
WHERE `c`.`Status` = 'WAITING'
LIMIT 1
2026-10-06 17:20:17 - INF - Executed DbCommand (2ms) [Parameters=[@p0='?' (Size = 4000), @p1='?' (Size = 4000), @p2='?' (Size = 4000), @p3='?' (DbType = Double), @p4='?' (DbType = Double), @p5='?' (Size = 4000), @p6='?' (Size = 4000), @p7='?' (Size = 4000), @p8='?' (Size = 4000), @p9='?' (Size = 4000)], CommandType='"Text"', CommandTimeout='30']
INSERT INTO `CenterAlerts` (`AlertId`, `Classification`, `Content`, `Lat`, `Lon`, `Priority`, `Source`, `Status`, `Timestamp`, `Title`)
VALUES (@p0, @p1, @p2, @p3, @p4, @p5, @p6, @p7, @p8, @p9);
SELECT `Id`
FROM `CenterAlerts`
WHERE ROW_COUNT() = 1 AND `Id` = LAST_INSERT_ID();
2026-10-06 17:20:17 - INF - Executed DbCommand (2ms) [Parameters=[], CommandType='"Text"', CommandTimeout='30']
SELECT `s`.`Id`, `s`.`AlertId`, `s`.`Classification`, `s`.`Content`, `s`.`Lat`, `s`.`Lon`, `s`.`Priority`, `s`.`Source`, `s`.`Status`, `s`.`Timestamp`, `s`.`Title`
FROM `SouthAlerts` AS `s`
WHERE `s`.`Status` = 'WAITING'
LIMIT 1
2026-10-06 17:20:24 - INF - Executed DbCommand (3ms) [Parameters=[@p0='?' (Size = 4000), @p1='?' (Size = 4000), @p2='?' (Size = 4000), @p3='?' (DbType = Double), @p4='?' (DbType = Double), @p5='?' (Size = 4000), @p6='?' (Size = 4000), @p7='?' (Size = 4000), @p8='?' (Size = 4000), @p9='?' (Size = 4000)], CommandType='"Text"', CommandTimeout='30']
INSERT INTO `SouthAlerts` (`AlertId`, `Classification`, `Content`, `Lat`, `Lon`, `Priority`, `Source`, `Status`, `Timestamp`, `Title`)
VALUES (@p0, @p1, @p2, @p3, @p4, @p5, @p6, @p7, @p8, @p9);
SELECT `Id`
FROM `SouthAlerts`
WHERE ROW_COUNT() = 1 AND `Id` = LAST_INSERT_ID();
2026-10-06 17:20:24 - INF - Executed DbCommand (7ms) [Parameters=[], CommandType='"Text"', CommandTimeout='30']
SELECT `o`.`Id`, `o`.`AlertId`, `o`.`Classification`, `o`.`Content`, `o`.`Lat`, `o`.`Lon`, `o`.`Priority`, `o`.`Source`, `o`.`Status`, `o`.`Timestamp`, `o`.`Title`
FROM `OverseasAlerts` AS `o`
WHERE `o`.`Status` = 'WAITING'
LIMIT 1
2026-10-06 17:20:31 - INF - Executed DbCommand (4ms) [Parameters=[@p0='?' (Size = 4000), @p1='?' (Size = 4000), @p2='?' (Size = 4000), @p3='?' (DbType = Double), @p4='?' (DbType = Double), @p5='?' (Size = 4000), @p6='?' (Size = 4000), @p7='?' (Size = 4000), @p8='?' (Size = 4000), @p9='?' (Size = 4000)], CommandType='"Text"', CommandTimeout='30']
INSERT INTO `OverseasAlerts` (`AlertId`, `Classification`, `Content`, `Lat`, `Lon`, `Priority`, `Source`, `Status`, `Timestamp`, `Title`)
VALUES (@p0, @p1, @p2, @p3, @p4, @p5, @p6, @p7, @p8, @p9);
SELECT `Id`
FROM `OverseasAlerts`
WHERE ROW_COUNT() = 1 AND `Id` = LAST_INSERT_ID();
2026-10-06 17:20:31 - INF - Executed DbCommand (1ms) [Parameters=[], CommandType='"Text"', CommandTimeout='30']
SELECT `n`.`Id`, `n`.`AlertId`, `n`.`Classification`, `n`.`Content`, `n`.`Lat`, `n`.`Lon`, `n`.`Priority`, `n`.`Source`, `n`.`Status`, `n`.`Timestamp`, `n`.`Title`
FROM `NorthAlerts` AS `n`
WHERE `n`.`Status` = 'WAITING'
LIMIT 1
2026-10-06 17:20:37 - INF - Executed DbCommand (2ms) [Parameters=[@p0='?' (Size = 4000), @p1='?' (Size = 4000), @p2='?' (Size = 4000), @p3='?' (DbType = Double), @p4='?' (DbType = Double), @p5='?' (Size = 4000), @p6='?' (Size = 4000), @p7='?' (Size = 4000), @p8='?' (Size = 4000), @p9='?' (Size = 4000)], CommandType='"Text"', CommandTimeout='30']
INSERT INTO `NorthAlerts` (`AlertId`, `Classification`, `Content`, `Lat`, `Lon`, `Priority`, `Source`, `Status`, `Timestamp`, `Title`)
VALUES (@p0, @p1, @p2, @p3, @p4, @p5, @p6, @p7, @p8, @p9);
SELECT `Id`
FROM `NorthAlerts`
WHERE ROW_COUNT() = 1 AND `Id` = LAST_INSERT_ID();
2026-10-06 17:20:37 - INF - Executed DbCommand (2ms) [Parameters=[], CommandType='"Text"', CommandTimeout='30']
SELECT `c`.`Id`, `c`.`AlertId`, `c`.`Classification`, `c`.`Content`, `c`.`Lat`, `c`.`Lon`, `c`.`Priority`, `c`.`Source`, `c`.`Status`, `c`.`Timestamp`, `c`.`Title`
FROM `CenterAlerts` AS `c`
WHERE `c`.`Status` = 'WAITING'
LIMIT 1
2026-10-06 17:20:39 - INF - Executed DbCommand (2ms) [Parameters=[@p0='?' (Size = 4000), @p1='?' (Size = 4000), @p2='?' (Size = 4000), @p3='?' (DbType = Double), @p4='?' (DbType = Double), @p5='?' (Size = 4000), @p6='?' (Size = 4000), @p7='?' (Size = 4000), @p8='?' (Size = 4000), @p9='?' (Size = 4000)], CommandType='"Text"', CommandTimeout='30']
INSERT INTO `CenterAlerts` (`AlertId`, `Classification`, `Content`, `Lat`, `Lon`, `Priority`, `Source`, `Status`, `Timestamp`, `Title`)
VALUES (@p0, @p1, @p2, @p3, @p4, @p5, @p6, @p7, @p8, @p9);
SELECT `Id`
FROM `CenterAlerts`
WHERE ROW_COUNT() = 1 AND `Id` = LAST_INSERT_ID();
2026-10-06 17:20:39 - INF - Executed DbCommand (2ms) [Parameters=[], CommandType='"Text"', CommandTimeout='30']
SELECT `s`.`Id`, `s`.`AlertId`, `s`.`Classification`, `s`.`Content`, `s`.`Lat`, `s`.`Lon`, `s`.`Priority`, `s`.`Source`, `s`.`Status`, `s`.`Timestamp`, `s`.`Title`
FROM `SouthAlerts` AS `s`
WHERE `s`.`Status` = 'WAITING'
LIMIT 1
2026-10-06 17:20:46 - INF - Executed DbCommand (2ms) [Parameters=[@p0='?' (Size = 4000), @p1='?' (Size = 4000), @p2='?' (Size = 4000), @p3='?' (DbType = Double), @p4='?' (DbType = Double), @p5='?' (Size = 4000), @p6='?' (Size = 4000), @p7='?' (Size = 4000), @p8='?' (Size = 4000), @p9='?' (Size = 4000)], CommandType='"Text"', CommandTimeout='30']
INSERT INTO `SouthAlerts` (`AlertId`, `Classification`, `Content`, `Lat`, `Lon`, `Priority`, `Source`, `Status`, `Timestamp`, `Title`)
VALUES (@p0, @p1, @p2, @p3, @p4, @p5, @p6, @p7, @p8, @p9);
SELECT `Id`
FROM `SouthAlerts`
WHERE ROW_COUNT() = 1 AND `Id` = LAST_INSERT_ID();
2026-10-06 17:20:46 - INF - Executed DbCommand (2ms) [Parameters=[], CommandType='"Text"', CommandTimeout='30']
SELECT `o`.`Id`, `o`.`AlertId`, `o`.`Classification`, `o`.`Content`, `o`.`Lat`, `o`.`Lon`, `o`.`Priority`, `o`.`Source`, `o`.`Status`, `o`.`Timestamp`, `o`.`Title`
FROM `OverseasAlerts` AS `o`
WHERE `o`.`Status` = 'WAITING'
LIMIT 1
2026-10-06 17:20:53 - INF - Executed DbCommand (2ms) [Parameters=[@p0='?' (Size = 4000), @p1='?' (Size = 4000), @p2='?' (Size = 4000), @p3='?' (DbType = Double), @p4='?' (DbType = Double), @p5='?' (Size = 4000), @p6='?' (Size = 4000), @p7='?' (Size = 4000), @p8='?' (Size = 4000), @p9='?' (Size = 4000)], CommandType='"Text"', CommandTimeout='30']
INSERT INTO `OverseasAlerts` (`AlertId`, `Classification`, `Content`, `Lat`, `Lon`, `Priority`, `Source`, `Status`, `Timestamp`, `Title`)
VALUES (@p0, @p1, @p2, @p3, @p4, @p5, @p6, @p7, @p8, @p9);
SELECT `Id`
FROM `OverseasAlerts`
WHERE ROW_COUNT() = 1 AND `Id` = LAST_INSERT_ID();
2026-10-06 17:20:53 - INF - Executed DbCommand (2ms) [Parameters=[], CommandType='"Text"', CommandTimeout='30']
SELECT `n`.`Id`, `n`.`AlertId`, `n`.`Classification`, `n`.`Content`, `n`.`Lat`, `n`.`Lon`, `n`.`Priority`, `n`.`Source`, `n`.`Status`, `n`.`Timestamp`, `n`.`Title`
FROM `NorthAlerts` AS `n`
WHERE `n`.`Status` = 'WAITING'
LIMIT 1
2026-10-06 17:20:59 - INF - Executed DbCommand (1ms) [Parameters=[@p0='?' (Size = 4000), @p1='?' (Size = 4000), @p2='?' (Size = 4000), @p3='?' (DbType = Double), @p4='?' (DbType = Double), @p5='?' (Size = 4000), @p6='?' (Size = 4000), @p7='?' (Size = 4000), @p8='?' (Size = 4000), @p9='?' (Size = 4000)], CommandType='"Text"', CommandTimeout='30']
INSERT INTO `NorthAlerts` (`AlertId`, `Classification`, `Content`, `Lat`, `Lon`, `Priority`, `Source`, `Status`, `Timestamp`, `Title`)
VALUES (@p0, @p1, @p2, @p3, @p4, @p5, @p6, @p7, @p8, @p9);
SELECT `Id`
FROM `NorthAlerts`
WHERE ROW_COUNT() = 1 AND `Id` = LAST_INSERT_ID();
2026-10-06 17:20:59 - INF - Executed DbCommand (1ms) [Parameters=[], CommandType='"Text"', CommandTimeout='30']
SELECT `c`.`Id`, `c`.`AlertId`, `c`.`Classification`, `c`.`Content`, `c`.`Lat`, `c`.`Lon`, `c`.`Priority`, `c`.`Source`, `c`.`Status`, `c`.`Timestamp`, `c`.`Title`
FROM `CenterAlerts` AS `c`
WHERE `c`.`Status` = 'WAITING'
LIMIT 1
2026-10-06 17:21:01 - INF - Executed DbCommand (1ms) [Parameters=[@p0='?' (Size = 4000), @p1='?' (Size = 4000), @p2='?' (Size = 4000), @p3='?' (DbType = Double), @p4='?' (DbType = Double), @p5='?' (Size = 4000), @p6='?' (Size = 4000), @p7='?' (Size = 4000), @p8='?' (Size = 4000), @p9='?' (Size = 4000)], CommandType='"Text"', CommandTimeout='30']
INSERT INTO `CenterAlerts` (`AlertId`, `Classification`, `Content`, `Lat`, `Lon`, `Priority`, `Source`, `Status`, `Timestamp`, `Title`)
VALUES (@p0, @p1, @p2, @p3, @p4, @p5, @p6, @p7, @p8, @p9);
SELECT `Id`
FROM `CenterAlerts`
WHERE ROW_COUNT() = 1 AND `Id` = LAST_INSERT_ID();
2026-10-06 17:21:01 - INF - Executed DbCommand (1ms) [Parameters=[], CommandType='"Text"', CommandTimeout='30']
SELECT `s`.`Id`, `s`.`AlertId`, `s`.`Classification`, `s`.`Content`, `s`.`Lat`, `s`.`Lon`, `s`.`Priority`, `s`.`Source`, `s`.`Status`, `s`.`Timestamp`, `s`.`Title`
FROM `SouthAlerts` AS `s`
WHERE `s`.`Status` = 'WAITING'
LIMIT 1
2026-10-06 17:21:08 - INF - Executed DbCommand (2ms) [Parameters=[@p0='?' (Size = 4000), @p1='?' (Size = 4000), @p2='?' (Size = 4000), @p3='?' (DbType = Double), @p4='?' (DbType = Double), @p5='?' (Size = 4000), @p6='?' (Size = 4000), @p7='?' (Size = 4000), @p8='?' (Size = 4000), @p9='?' (Size = 4000)], CommandType='"Text"', CommandTimeout='30']
INSERT INTO `SouthAlerts` (`AlertId`, `Classification`, `Content`, `Lat`, `Lon`, `Priority`, `Source`, `Status`, `Timestamp`, `Title`)
VALUES (@p0, @p1, @p2, @p3, @p4, @p5, @p6, @p7, @p8, @p9);
SELECT `Id`
FROM `SouthAlerts`
WHERE ROW_COUNT() = 1 AND `Id` = LAST_INSERT_ID();
2026-10-06 17:21:08 - INF - Executed DbCommand (2ms) [Parameters=[], CommandType='"Text"', CommandTimeout='30']
SELECT `o`.`Id`, `o`.`AlertId`, `o`.`Classification`, `o`.`Content`, `o`.`Lat`, `o`.`Lon`, `o`.`Priority`, `o`.`Source`, `o`.`Status`, `o`.`Timestamp`, `o`.`Title`
FROM `OverseasAlerts` AS `o`
WHERE `o`.`Status` = 'WAITING'
LIMIT 1
2026-10-06 17:21:15 - INF - Executed DbCommand (3ms) [Parameters=[@p0='?' (Size = 4000), @p1='?' (Size = 4000), @p2='?' (Size = 4000), @p3='?' (DbType = Double), @p4='?' (DbType = Double), @p5='?' (Size = 4000), @p6='?' (Size = 4000), @p7='?' (Size = 4000), @p8='?' (Size = 4000), @p9='?' (Size = 4000)], CommandType='"Text"', CommandTimeout='30']
INSERT INTO `OverseasAlerts` (`AlertId`, `Classification`, `Content`, `Lat`, `Lon`, `Priority`, `Source`, `Status`, `Timestamp`, `Title`)
VALUES (@p0, @p1, @p2, @p3, @p4, @p5, @p6, @p7, @p8, @p9);
SELECT `Id`
FROM `OverseasAlerts`
WHERE ROW_COUNT() = 1 AND `Id` = LAST_INSERT_ID();
2026-10-06 17:21:15 - INF - Executed DbCommand (1ms) [Parameters=[], CommandType='"Text"', CommandTimeout='30']
SELECT `n`.`Id`, `n`.`AlertId`, `n`.`Classification`, `n`.`Content`, `n`.`Lat`, `n`.`Lon`, `n`.`Priority`, `n`.`Source`, `n`.`Status`, `n`.`Timestamp`, `n`.`Title`
FROM `NorthAlerts` AS `n`
WHERE `n`.`Status` = 'WAITING'
LIMIT 1
2026-10-06 17:21:21 - INF - Executed DbCommand (2ms) [Parameters=[@p0='?' (Size = 4000), @p1='?' (Size = 4000), @p2='?' (Size = 4000), @p3='?' (DbType = Double), @p4='?' (DbType = Double), @p5='?' (Size = 4000), @p6='?' (Size = 4000), @p7='?' (Size = 4000), @p8='?' (Size = 4000), @p9='?' (Size = 4000)], CommandType='"Text"', CommandTimeout='30']
INSERT INTO `NorthAlerts` (`AlertId`, `Classification`, `Content`, `Lat`, `Lon`, `Priority`, `Source`, `Status`, `Timestamp`, `Title`)
VALUES (@p0, @p1, @p2, @p3, @p4, @p5, @p6, @p7, @p8, @p9);
SELECT `Id`
FROM `NorthAlerts`
WHERE ROW_COUNT() = 1 AND `Id` = LAST_INSERT_ID();
2026-10-06 17:21:22 - INF - Executed DbCommand (1ms) [Parameters=[], CommandType='"Text"', CommandTimeout='30']
SELECT `c`.`Id`, `c`.`AlertId`, `c`.`Classification`, `c`.`Content`, `c`.`Lat`, `c`.`Lon`, `c`.`Priority`, `c`.`Source`, `c`.`Status`, `c`.`Timestamp`, `c`.`Title`
FROM `CenterAlerts` AS `c`
WHERE `c`.`Status` = 'WAITING'
LIMIT 1
2026-10-06 17:21:24 - INF - Executed DbCommand (5ms) [Parameters=[@p0='?' (Size = 4000), @p1='?' (Size = 4000), @p2='?' (Size = 4000), @p3='?' (DbType = Double), @p4='?' (DbType = Double), @p5='?' (Size = 4000), @p6='?' (Size = 4000), @p7='?' (Size = 4000), @p8='?' (Size = 4000), @p9='?' (Size = 4000)], CommandType='"Text"', CommandTimeout='30']
INSERT INTO `CenterAlerts` (`AlertId`, `Classification`, `Content`, `Lat`, `Lon`, `Priority`, `Source`, `Status`, `Timestamp`, `Title`)
VALUES (@p0, @p1, @p2, @p3, @p4, @p5, @p6, @p7, @p8, @p9);
SELECT `Id`
FROM `CenterAlerts`
WHERE ROW_COUNT() = 1 AND `Id` = LAST_INSERT_ID();
2026-10-06 17:21:24 - INF - Executed DbCommand (6ms) [Parameters=[], CommandType='"Text"', CommandTimeout='30']
SELECT `s`.`Id`, `s`.`AlertId`, `s`.`Classification`, `s`.`Content`, `s`.`Lat`, `s`.`Lon`, `s`.`Priority`, `s`.`Source`, `s`.`Status`, `s`.`Timestamp`, `s`.`Title`
FROM `SouthAlerts` AS `s`
WHERE `s`.`Status` = 'WAITING'
LIMIT 1
2026-10-06 17:21:31 - INF - Executed DbCommand (1ms) [Parameters=[@p0='?' (Size = 4000), @p1='?' (Size = 4000), @p2='?' (Size = 4000), @p3='?' (DbType = Double), @p4='?' (DbType = Double), @p5='?' (Size = 4000), @p6='?' (Size = 4000), @p7='?' (Size = 4000), @p8='?' (Size = 4000), @p9='?' (Size = 4000)], CommandType='"Text"', CommandTimeout='30']
INSERT INTO `SouthAlerts` (`AlertId`, `Classification`, `Content`, `Lat`, `Lon`, `Priority`, `Source`, `Status`, `Timestamp`, `Title`)
VALUES (@p0, @p1, @p2, @p3, @p4, @p5, @p6, @p7, @p8, @p9);
SELECT `Id`
FROM `SouthAlerts`
WHERE ROW_COUNT() = 1 AND `Id` = LAST_INSERT_ID();
2026-10-06 17:21:31 - INF - Executed DbCommand (2ms) [Parameters=[], CommandType='"Text"', CommandTimeout='30']
SELECT `o`.`Id`, `o`.`AlertId`, `o`.`Classification`, `o`.`Content`, `o`.`Lat`, `o`.`Lon`, `o`.`Priority`, `o`.`Source`, `o`.`Status`, `o`.`Timestamp`, `o`.`Title`
FROM `OverseasAlerts` AS `o`
WHERE `o`.`Status` = 'WAITING'
LIMIT 1
2026-10-06 17:21:38 - INF - Executed DbCommand (2ms) [Parameters=[@p0='?' (Size = 4000), @p1='?' (Size = 4000), @p2='?' (Size = 4000), @p3='?' (DbType = Double), @p4='?' (DbType = Double), @p5='?' (Size = 4000), @p6='?' (Size = 4000), @p7='?' (Size = 4000), @p8='?' (Size = 4000), @p9='?' (Size = 4000)], CommandType='"Text"', CommandTimeout='30']
INSERT INTO `OverseasAlerts` (`AlertId`, `Classification`, `Content`, `Lat`, `Lon`, `Priority`, `Source`, `Status`, `Timestamp`, `Title`)
VALUES (@p0, @p1, @p2, @p3, @p4, @p5, @p6, @p7, @p8, @p9);
SELECT `Id`
FROM `OverseasAlerts`
WHERE ROW_COUNT() = 1 AND `Id` = LAST_INSERT_ID();
2026-10-06 17:21:38 - INF - Executed DbCommand (1ms) [Parameters=[], CommandType='"Text"', CommandTimeout='30']
SELECT `n`.`Id`, `n`.`AlertId`, `n`.`Classification`, `n`.`Content`, `n`.`Lat`, `n`.`Lon`, `n`.`Priority`, `n`.`Source`, `n`.`Status`, `n`.`Timestamp`, `n`.`Title`
FROM `NorthAlerts` AS `n`
WHERE `n`.`Status` = 'WAITING'
LIMIT 1
2026-10-06 17:21:44 - INF - Executed DbCommand (3ms) [Parameters=[@p0='?' (Size = 4000), @p1='?' (Size = 4000), @p2='?' (Size = 4000), @p3='?' (DbType = Double), @p4='?' (DbType = Double), @p5='?' (Size = 4000), @p6='?' (Size = 4000), @p7='?' (Size = 4000), @p8='?' (Size = 4000), @p9='?' (Size = 4000)], CommandType='"Text"', CommandTimeout='30']
INSERT INTO `NorthAlerts` (`AlertId`, `Classification`, `Content`, `Lat`, `Lon`, `Priority`, `Source`, `Status`, `Timestamp`, `Title`)
VALUES (@p0, @p1, @p2, @p3, @p4, @p5, @p6, @p7, @p8, @p9);
SELECT `Id`
FROM `NorthAlerts`
WHERE ROW_COUNT() = 1 AND `Id` = LAST_INSERT_ID();
2026-10-06 17:21:44 - INF - Executed DbCommand (3ms) [Parameters=[], CommandType='"Text"', CommandTimeout='30']
SELECT `c`.`Id`, `c`.`AlertId`, `c`.`Classification`, `c`.`Content`, `c`.`Lat`, `c`.`Lon`, `c`.`Priority`, `c`.`Source`, `c`.`Status`, `c`.`Timestamp`, `c`.`Title`
FROM `CenterAlerts` AS `c`
WHERE `c`.`Status` = 'WAITING'
LIMIT 1
2026-10-06 17:21:46 - INF - Executed DbCommand (2ms) [Parameters=[@p0='?' (Size = 4000), @p1='?' (Size = 4000), @p2='?' (Size = 4000), @p3='?' (DbType = Double), @p4='?' (DbType = Double), @p5='?' (Size = 4000), @p6='?' (Size = 4000), @p7='?' (Size = 4000), @p8='?' (Size = 4000), @p9='?' (Size = 4000)], CommandType='"Text"', CommandTimeout='30']
INSERT INTO `CenterAlerts` (`AlertId`, `Classification`, `Content`, `Lat`, `Lon`, `Priority`, `Source`, `Status`, `Timestamp`, `Title`)
VALUES (@p0, @p1, @p2, @p3, @p4, @p5, @p6, @p7, @p8, @p9);
SELECT `Id`
FROM `CenterAlerts`
WHERE ROW_COUNT() = 1 AND `Id` = LAST_INSERT_ID();
2026-10-06 17:21:46 - INF - Executed DbCommand (3ms) [Parameters=[], CommandType='"Text"', CommandTimeout='30']
SELECT `s`.`Id`, `s`.`AlertId`, `s`.`Classification`, `s`.`Content`, `s`.`Lat`, `s`.`Lon`, `s`.`Priority`, `s`.`Source`, `s`.`Status`, `s`.`Timestamp`, `s`.`Title`
FROM `SouthAlerts` AS `s`
WHERE `s`.`Status` = 'WAITING'
LIMIT 1
2026-10-06 17:21:53 - INF - Executed DbCommand (1ms) [Parameters=[@p0='?' (Size = 4000), @p1='?' (Size = 4000), @p2='?' (Size = 4000), @p3='?' (DbType = Double), @p4='?' (DbType = Double), @p5='?' (Size = 4000), @p6='?' (Size = 4000), @p7='?' (Size = 4000), @p8='?' (Size = 4000), @p9='?' (Size = 4000)], CommandType='"Text"', CommandTimeout='30']
INSERT INTO `SouthAlerts` (`AlertId`, `Classification`, `Content`, `Lat`, `Lon`, `Priority`, `Source`, `Status`, `Timestamp`, `Title`)
VALUES (@p0, @p1, @p2, @p3, @p4, @p5, @p6, @p7, @p8, @p9);
SELECT `Id`
FROM `SouthAlerts`
WHERE ROW_COUNT() = 1 AND `Id` = LAST_INSERT_ID();
2026-10-06 17:21:53 - INF - Executed DbCommand (1ms) [Parameters=[], CommandType='"Text"', CommandTimeout='30']
SELECT `o`.`Id`, `o`.`AlertId`, `o`.`Classification`, `o`.`Content`, `o`.`Lat`, `o`.`Lon`, `o`.`Priority`, `o`.`Source`, `o`.`Status`, `o`.`Timestamp`, `o`.`Title`
FROM `OverseasAlerts` AS `o`
WHERE `o`.`Status` = 'WAITING'
LIMIT 1
2026-10-06 17:22:00 - INF - Executed DbCommand (1ms) [Parameters=[@p0='?' (Size = 4000), @p1='?' (Size = 4000), @p2='?' (Size = 4000), @p3='?' (DbType = Double), @p4='?' (DbType = Double), @p5='?' (Size = 4000), @p6='?' (Size = 4000), @p7='?' (Size = 4000), @p8='?' (Size = 4000), @p9='?' (Size = 4000)], CommandType='"Text"', CommandTimeout='30']
INSERT INTO `OverseasAlerts` (`AlertId`, `Classification`, `Content`, `Lat`, `Lon`, `Priority`, `Source`, `Status`, `Timestamp`, `Title`)
VALUES (@p0, @p1, @p2, @p3, @p4, @p5, @p6, @p7, @p8, @p9);
SELECT `Id`
FROM `OverseasAlerts`
WHERE ROW_COUNT() = 1 AND `Id` = LAST_INSERT_ID();
2026-10-06 17:22:00 - INF - Executed DbCommand (1ms) [Parameters=[], CommandType='"Text"', CommandTimeout='30']
SELECT `n`.`Id`, `n`.`AlertId`, `n`.`Classification`, `n`.`Content`, `n`.`Lat`, `n`.`Lon`, `n`.`Priority`, `n`.`Source`, `n`.`Status`, `n`.`Timestamp`, `n`.`Title`
FROM `NorthAlerts` AS `n`
WHERE `n`.`Status` = 'WAITING'
LIMIT 1
2026-10-06 17:22:06 - INF - Executed DbCommand (5ms) [Parameters=[@p0='?' (Size = 4000), @p1='?' (Size = 4000), @p2='?' (Size = 4000), @p3='?' (DbType = Double), @p4='?' (DbType = Double), @p5='?' (Size = 4000), @p6='?' (Size = 4000), @p7='?' (Size = 4000), @p8='?' (Size = 4000), @p9='?' (Size = 4000)], CommandType='"Text"', CommandTimeout='30']
INSERT INTO `NorthAlerts` (`AlertId`, `Classification`, `Content`, `Lat`, `Lon`, `Priority`, `Source`, `Status`, `Timestamp`, `Title`)
VALUES (@p0, @p1, @p2, @p3, @p4, @p5, @p6, @p7, @p8, @p9);
SELECT `Id`
FROM `NorthAlerts`
WHERE ROW_COUNT() = 1 AND `Id` = LAST_INSERT_ID();
2026-10-06 17:22:06 - INF - Executed DbCommand (6ms) [Parameters=[], CommandType='"Text"', CommandTimeout='30']
SELECT `c`.`Id`, `c`.`AlertId`, `c`.`Classification`, `c`.`Content`, `c`.`Lat`, `c`.`Lon`, `c`.`Priority`, `c`.`Source`, `c`.`Status`, `c`.`Timestamp`, `c`.`Title`
FROM `CenterAlerts` AS `c`
WHERE `c`.`Status` = 'WAITING'
LIMIT 1
2026-10-06 17:22:08 - INF - Executed DbCommand (7ms) [Parameters=[@p0='?' (Size = 4000), @p1='?' (Size = 4000), @p2='?' (Size = 4000), @p3='?' (DbType = Double), @p4='?' (DbType = Double), @p5='?' (Size = 4000), @p6='?' (Size = 4000), @p7='?' (Size = 4000), @p8='?' (Size = 4000), @p9='?' (Size = 4000)], CommandType='"Text"', CommandTimeout='30']
INSERT INTO `CenterAlerts` (`AlertId`, `Classification`, `Content`, `Lat`, `Lon`, `Priority`, `Source`, `Status`, `Timestamp`, `Title`)
VALUES (@p0, @p1, @p2, @p3, @p4, @p5, @p6, @p7, @p8, @p9);
SELECT `Id`
FROM `CenterAlerts`
WHERE ROW_COUNT() = 1 AND `Id` = LAST_INSERT_ID();
2026-10-06 17:22:08 - INF - Executed DbCommand (3ms) [Parameters=[], CommandType='"Text"', CommandTimeout='30']
SELECT `s`.`Id`, `s`.`AlertId`, `s`.`Classification`, `s`.`Content`, `s`.`Lat`, `s`.`Lon`, `s`.`Priority`, `s`.`Source`, `s`.`Status`, `s`.`Timestamp`, `s`.`Title`
FROM `SouthAlerts` AS `s`
WHERE `s`.`Status` = 'WAITING'
LIMIT 1
2026-10-06 17:22:15 - INF - Executed DbCommand (2ms) [Parameters=[@p0='?' (Size = 4000), @p1='?' (Size = 4000), @p2='?' (Size = 4000), @p3='?' (DbType = Double), @p4='?' (DbType = Double), @p5='?' (Size = 4000), @p6='?' (Size = 4000), @p7='?' (Size = 4000), @p8='?' (Size = 4000), @p9='?' (Size = 4000)], CommandType='"Text"', CommandTimeout='30']
INSERT INTO `SouthAlerts` (`AlertId`, `Classification`, `Content`, `Lat`, `Lon`, `Priority`, `Source`, `Status`, `Timestamp`, `Title`)
VALUES (@p0, @p1, @p2, @p3, @p4, @p5, @p6, @p7, @p8, @p9);
SELECT `Id`
FROM `SouthAlerts`
WHERE ROW_COUNT() = 1 AND `Id` = LAST_INSERT_ID();
2026-10-06 17:22:15 - INF - Executed DbCommand (1ms) [Parameters=[], CommandType='"Text"', CommandTimeout='30']
SELECT `o`.`Id`, `o`.`AlertId`, `o`.`Classification`, `o`.`Content`, `o`.`Lat`, `o`.`Lon`, `o`.`Priority`, `o`.`Source`, `o`.`Status`, `o`.`Timestamp`, `o`.`Title`
FROM `OverseasAlerts` AS `o`
WHERE `o`.`Status` = 'WAITING'
LIMIT 1
2026-10-06 17:22:22 - INF - Executed DbCommand (3ms) [Parameters=[@p0='?' (Size = 4000), @p1='?' (Size = 4000), @p2='?' (Size = 4000), @p3='?' (DbType = Double), @p4='?' (DbType = Double), @p5='?' (Size = 4000), @p6='?' (Size = 4000), @p7='?' (Size = 4000), @p8='?' (Size = 4000), @p9='?' (Size = 4000)], CommandType='"Text"', CommandTimeout='30']
INSERT INTO `OverseasAlerts` (`AlertId`, `Classification`, `Content`, `Lat`, `Lon`, `Priority`, `Source`, `Status`, `Timestamp`, `Title`)
VALUES (@p0, @p1, @p2, @p3, @p4, @p5, @p6, @p7, @p8, @p9);
SELECT `Id`
FROM `OverseasAlerts`
WHERE ROW_COUNT() = 1 AND `Id` = LAST_INSERT_ID();
2026-10-06 17:22:22 - INF - Executed DbCommand (2ms) [Parameters=[], CommandType='"Text"', CommandTimeout='30']
SELECT `n`.`Id`, `n`.`AlertId`, `n`.`Classification`, `n`.`Content`, `n`.`Lat`, `n`.`Lon`, `n`.`Priority`, `n`.`Source`, `n`.`Status`, `n`.`Timestamp`, `n`.`Title`
FROM `NorthAlerts` AS `n`
WHERE `n`.`Status` = 'WAITING'
LIMIT 1
2026-10-06 17:22:28 - INF - Executed DbCommand (3ms) [Parameters=[@p0='?' (Size = 4000), @p1='?' (Size = 4000), @p2='?' (Size = 4000), @p3='?' (DbType = Double), @p4='?' (DbType = Double), @p5='?' (Size = 4000), @p6='?' (Size = 4000), @p7='?' (Size = 4000), @p8='?' (Size = 4000), @p9='?' (Size = 4000)], CommandType='"Text"', CommandTimeout='30']
INSERT INTO `NorthAlerts` (`AlertId`, `Classification`, `Content`, `Lat`, `Lon`, `Priority`, `Source`, `Status`, `Timestamp`, `Title`)
VALUES (@p0, @p1, @p2, @p3, @p4, @p5, @p6, @p7, @p8, @p9);
SELECT `Id`
FROM `NorthAlerts`
WHERE ROW_COUNT() = 1 AND `Id` = LAST_INSERT_ID();
2026-10-06 17:22:28 - INF - Executed DbCommand (2ms) [Parameters=[], CommandType='"Text"', CommandTimeout='30']
SELECT `c`.`Id`, `c`.`AlertId`, `c`.`Classification`, `c`.`Content`, `c`.`Lat`, `c`.`Lon`, `c`.`Priority`, `c`.`Source`, `c`.`Status`, `c`.`Timestamp`, `c`.`Title`
FROM `CenterAlerts` AS `c`
WHERE `c`.`Status` = 'WAITING'
LIMIT 1
2026-10-06 17:22:30 - INF - Executed DbCommand (3ms) [Parameters=[@p0='?' (Size = 4000), @p1='?' (Size = 4000), @p2='?' (Size = 4000), @p3='?' (DbType = Double), @p4='?' (DbType = Double), @p5='?' (Size = 4000), @p6='?' (Size = 4000), @p7='?' (Size = 4000), @p8='?' (Size = 4000), @p9='?' (Size = 4000)], CommandType='"Text"', CommandTimeout='30']
INSERT INTO `CenterAlerts` (`AlertId`, `Classification`, `Content`, `Lat`, `Lon`, `Priority`, `Source`, `Status`, `Timestamp`, `Title`)
VALUES (@p0, @p1, @p2, @p3, @p4, @p5, @p6, @p7, @p8, @p9);
SELECT `Id`
FROM `CenterAlerts`
WHERE ROW_COUNT() = 1 AND `Id` = LAST_INSERT_ID();
2026-10-06 17:22:30 - INF - Executed DbCommand (5ms) [Parameters=[], CommandType='"Text"', CommandTimeout='30']
SELECT `s`.`Id`, `s`.`AlertId`, `s`.`Classification`, `s`.`Content`, `s`.`Lat`, `s`.`Lon`, `s`.`Priority`, `s`.`Source`, `s`.`Status`, `s`.`Timestamp`, `s`.`Title`
FROM `SouthAlerts` AS `s`
WHERE `s`.`Status` = 'WAITING'
LIMIT 1
2026-10-06 17:22:37 - INF - Executed DbCommand (19ms) [Parameters=[@p0='?' (Size = 4000), @p1='?' (Size = 4000), @p2='?' (Size = 4000), @p3='?' (DbType = Double), @p4='?' (DbType = Double), @p5='?' (Size = 4000), @p6='?' (Size = 4000), @p7='?' (Size = 4000), @p8='?' (Size = 4000), @p9='?' (Size = 4000)], CommandType='"Text"', CommandTimeout='30']
INSERT INTO `SouthAlerts` (`AlertId`, `Classification`, `Content`, `Lat`, `Lon`, `Priority`, `Source`, `Status`, `Timestamp`, `Title`)
VALUES (@p0, @p1, @p2, @p3, @p4, @p5, @p6, @p7, @p8, @p9);
SELECT `Id`
FROM `SouthAlerts`
WHERE ROW_COUNT() = 1 AND `Id` = LAST_INSERT_ID();
2026-10-06 17:22:37 - INF - Executed DbCommand (1ms) [Parameters=[], CommandType='"Text"', CommandTimeout='30']
SELECT `o`.`Id`, `o`.`AlertId`, `o`.`Classification`, `o`.`Content`, `o`.`Lat`, `o`.`Lon`, `o`.`Priority`, `o`.`Source`, `o`.`Status`, `o`.`Timestamp`, `o`.`Title`
FROM `OverseasAlerts` AS `o`
WHERE `o`.`Status` = 'WAITING'
LIMIT 1
2026-10-06 17:22:44 - INF - Executed DbCommand (2ms) [Parameters=[@p0='?' (Size = 4000), @p1='?' (Size = 4000), @p2='?' (Size = 4000), @p3='?' (DbType = Double), @p4='?' (DbType = Double), @p5='?' (Size = 4000), @p6='?' (Size = 4000), @p7='?' (Size = 4000), @p8='?' (Size = 4000), @p9='?' (Size = 4000)], CommandType='"Text"', CommandTimeout='30']
INSERT INTO `OverseasAlerts` (`AlertId`, `Classification`, `Content`, `Lat`, `Lon`, `Priority`, `Source`, `Status`, `Timestamp`, `Title`)
VALUES (@p0, @p1, @p2, @p3, @p4, @p5, @p6, @p7, @p8, @p9);
SELECT `Id`
FROM `OverseasAlerts`
WHERE ROW_COUNT() = 1 AND `Id` = LAST_INSERT_ID();
2026-10-06 17:22:44 - INF - Executed DbCommand (2ms) [Parameters=[], CommandType='"Text"', CommandTimeout='30']
SELECT `n`.`Id`, `n`.`AlertId`, `n`.`Classification`, `n`.`Content`, `n`.`Lat`, `n`.`Lon`, `n`.`Priority`, `n`.`Source`, `n`.`Status`, `n`.`Timestamp`, `n`.`Title`
FROM `NorthAlerts` AS `n`
WHERE `n`.`Status` = 'WAITING'
LIMIT 1
2026-10-06 17:22:50 - INF - Executed DbCommand (4ms) [Parameters=[@p0='?' (Size = 4000), @p1='?' (Size = 4000), @p2='?' (Size = 4000), @p3='?' (DbType = Double), @p4='?' (DbType = Double), @p5='?' (Size = 4000), @p6='?' (Size = 4000), @p7='?' (Size = 4000), @p8='?' (Size = 4000), @p9='?' (Size = 4000)], CommandType='"Text"', CommandTimeout='30']
INSERT INTO `NorthAlerts` (`AlertId`, `Classification`, `Content`, `Lat`, `Lon`, `Priority`, `Source`, `Status`, `Timestamp`, `Title`)
VALUES (@p0, @p1, @p2, @p3, @p4, @p5, @p6, @p7, @p8, @p9);
SELECT `Id`
FROM `NorthAlerts`
WHERE ROW_COUNT() = 1 AND `Id` = LAST_INSERT_ID();
2026-10-06 17:22:50 - INF - Executed DbCommand (2ms) [Parameters=[], CommandType='"Text"', CommandTimeout='30']
SELECT `c`.`Id`, `c`.`AlertId`, `c`.`Classification`, `c`.`Content`, `c`.`Lat`, `c`.`Lon`, `c`.`Priority`, `c`.`Source`, `c`.`Status`, `c`.`Timestamp`, `c`.`Title`
FROM `CenterAlerts` AS `c`
WHERE `c`.`Status` = 'WAITING'
LIMIT 1
2026-10-06 17:22:52 - INF - Executed DbCommand (2ms) [Parameters=[@p0='?' (Size = 4000), @p1='?' (Size = 4000), @p2='?' (Size = 4000), @p3='?' (DbType = Double), @p4='?' (DbType = Double), @p5='?' (Size = 4000), @p6='?' (Size = 4000), @p7='?' (Size = 4000), @p8='?' (Size = 4000), @p9='?' (Size = 4000)], CommandType='"Text"', CommandTimeout='30']
INSERT INTO `CenterAlerts` (`AlertId`, `Classification`, `Content`, `Lat`, `Lon`, `Priority`, `Source`, `Status`, `Timestamp`, `Title`)
VALUES (@p0, @p1, @p2, @p3, @p4, @p5, @p6, @p7, @p8, @p9);
SELECT `Id`
FROM `CenterAlerts`
WHERE ROW_COUNT() = 1 AND `Id` = LAST_INSERT_ID();
2026-10-06 17:22:52 - INF - Executed DbCommand (2ms) [Parameters=[], CommandType='"Text"', CommandTimeout='30']
SELECT `s`.`Id`, `s`.`AlertId`, `s`.`Classification`, `s`.`Content`, `s`.`Lat`, `s`.`Lon`, `s`.`Priority`, `s`.`Source`, `s`.`Status`, `s`.`Timestamp`, `s`.`Title`
FROM `SouthAlerts` AS `s`
WHERE `s`.`Status` = 'WAITING'
LIMIT 1
2026-10-06 17:22:59 - INF - Executed DbCommand (2ms) [Parameters=[@p0='?' (Size = 4000), @p1='?' (Size = 4000), @p2='?' (Size = 4000), @p3='?' (DbType = Double), @p4='?' (DbType = Double), @p5='?' (Size = 4000), @p6='?' (Size = 4000), @p7='?' (Size = 4000), @p8='?' (Size = 4000), @p9='?' (Size = 4000)], CommandType='"Text"', CommandTimeout='30']
INSERT INTO `SouthAlerts` (`AlertId`, `Classification`, `Content`, `Lat`, `Lon`, `Priority`, `Source`, `Status`, `Timestamp`, `Title`)
VALUES (@p0, @p1, @p2, @p3, @p4, @p5, @p6, @p7, @p8, @p9);
SELECT `Id`
FROM `SouthAlerts`
WHERE ROW_COUNT() = 1 AND `Id` = LAST_INSERT_ID();
2026-10-06 17:22:59 - INF - Executed DbCommand (2ms) [Parameters=[], CommandType='"Text"', CommandTimeout='30']
SELECT `o`.`Id`, `o`.`AlertId`, `o`.`Classification`, `o`.`Content`, `o`.`Lat`, `o`.`Lon`, `o`.`Priority`, `o`.`Source`, `o`.`Status`, `o`.`Timestamp`, `o`.`Title`
FROM `OverseasAlerts` AS `o`
WHERE `o`.`Status` = 'WAITING'
LIMIT 1
2026-10-06 17:23:06 - INF - Executed DbCommand (2ms) [Parameters=[@p0='?' (Size = 4000), @p1='?' (Size = 4000), @p2='?' (Size = 4000), @p3='?' (DbType = Double), @p4='?' (DbType = Double), @p5='?' (Size = 4000), @p6='?' (Size = 4000), @p7='?' (Size = 4000), @p8='?' (Size = 4000), @p9='?' (Size = 4000)], CommandType='"Text"', CommandTimeout='30']
INSERT INTO `OverseasAlerts` (`AlertId`, `Classification`, `Content`, `Lat`, `Lon`, `Priority`, `Source`, `Status`, `Timestamp`, `Title`)
VALUES (@p0, @p1, @p2, @p3, @p4, @p5, @p6, @p7, @p8, @p9);
SELECT `Id`
FROM `OverseasAlerts`
WHERE ROW_COUNT() = 1 AND `Id` = LAST_INSERT_ID();
2026-10-06 17:23:06 - INF - Executed DbCommand (2ms) [Parameters=[], CommandType='"Text"', CommandTimeout='30']
SELECT `n`.`Id`, `n`.`AlertId`, `n`.`Classification`, `n`.`Content`, `n`.`Lat`, `n`.`Lon`, `n`.`Priority`, `n`.`Source`, `n`.`Status`, `n`.`Timestamp`, `n`.`Title`
FROM `NorthAlerts` AS `n`
WHERE `n`.`Status` = 'WAITING'
LIMIT 1
2026-10-06 17:23:12 - INF - Executed DbCommand (2ms) [Parameters=[@p0='?' (Size = 4000), @p1='?' (Size = 4000), @p2='?' (Size = 4000), @p3='?' (DbType = Double), @p4='?' (DbType = Double), @p5='?' (Size = 4000), @p6='?' (Size = 4000), @p7='?' (Size = 4000), @p8='?' (Size = 4000), @p9='?' (Size = 4000)], CommandType='"Text"', CommandTimeout='30']
INSERT INTO `NorthAlerts` (`AlertId`, `Classification`, `Content`, `Lat`, `Lon`, `Priority`, `Source`, `Status`, `Timestamp`, `Title`)
VALUES (@p0, @p1, @p2, @p3, @p4, @p5, @p6, @p7, @p8, @p9);
SELECT `Id`
FROM `NorthAlerts`
WHERE ROW_COUNT() = 1 AND `Id` = LAST_INSERT_ID();
2026-10-06 17:23:12 - INF - Executed DbCommand (1ms) [Parameters=[], CommandType='"Text"', CommandTimeout='30']
SELECT `c`.`Id`, `c`.`AlertId`, `c`.`Classification`, `c`.`Content`, `c`.`Lat`, `c`.`Lon`, `c`.`Priority`, `c`.`Source`, `c`.`Status`, `c`.`Timestamp`, `c`.`Title`
FROM `CenterAlerts` AS `c`
WHERE `c`.`Status` = 'WAITING'
LIMIT 1
2026-10-06 17:23:14 - INF - Executed DbCommand (2ms) [Parameters=[@p0='?' (Size = 4000), @p1='?' (Size = 4000), @p2='?' (Size = 4000), @p3='?' (DbType = Double), @p4='?' (DbType = Double), @p5='?' (Size = 4000), @p6='?' (Size = 4000), @p7='?' (Size = 4000), @p8='?' (Size = 4000), @p9='?' (Size = 4000)], CommandType='"Text"', CommandTimeout='30']
INSERT INTO `CenterAlerts` (`AlertId`, `Classification`, `Content`, `Lat`, `Lon`, `Priority`, `Source`, `Status`, `Timestamp`, `Title`)
VALUES (@p0, @p1, @p2, @p3, @p4, @p5, @p6, @p7, @p8, @p9);
SELECT `Id`
FROM `CenterAlerts`
WHERE ROW_COUNT() = 1 AND `Id` = LAST_INSERT_ID();
2026-10-06 17:23:14 - INF - Executed DbCommand (2ms) [Parameters=[], CommandType='"Text"', CommandTimeout='30']
SELECT `s`.`Id`, `s`.`AlertId`, `s`.`Classification`, `s`.`Content`, `s`.`Lat`, `s`.`Lon`, `s`.`Priority`, `s`.`Source`, `s`.`Status`, `s`.`Timestamp`, `s`.`Title`
FROM `SouthAlerts` AS `s`
WHERE `s`.`Status` = 'WAITING'
LIMIT 1
2026-10-06 17:23:21 - INF - Executed DbCommand (2ms) [Parameters=[@p0='?' (Size = 4000), @p1='?' (Size = 4000), @p2='?' (Size = 4000), @p3='?' (DbType = Double), @p4='?' (DbType = Double), @p5='?' (Size = 4000), @p6='?' (Size = 4000), @p7='?' (Size = 4000), @p8='?' (Size = 4000), @p9='?' (Size = 4000)], CommandType='"Text"', CommandTimeout='30']
INSERT INTO `SouthAlerts` (`AlertId`, `Classification`, `Content`, `Lat`, `Lon`, `Priority`, `Source`, `Status`, `Timestamp`, `Title`)
VALUES (@p0, @p1, @p2, @p3, @p4, @p5, @p6, @p7, @p8, @p9);
SELECT `Id`
FROM `SouthAlerts`
WHERE ROW_COUNT() = 1 AND `Id` = LAST_INSERT_ID();
2026-10-06 17:23:21 - INF - Executed DbCommand (2ms) [Parameters=[], CommandType='"Text"', CommandTimeout='30']
SELECT `o`.`Id`, `o`.`AlertId`, `o`.`Classification`, `o`.`Content`, `o`.`Lat`, `o`.`Lon`, `o`.`Priority`, `o`.`Source`, `o`.`Status`, `o`.`Timestamp`, `o`.`Title`
FROM `OverseasAlerts` AS `o`
WHERE `o`.`Status` = 'WAITING'
LIMIT 1
2026-10-06 17:23:28 - INF - Executed DbCommand (2ms) [Parameters=[@p0='?' (Size = 4000), @p1='?' (Size = 4000), @p2='?' (Size = 4000), @p3='?' (DbType = Double), @p4='?' (DbType = Double), @p5='?' (Size = 4000), @p6='?' (Size = 4000), @p7='?' (Size = 4000), @p8='?' (Size = 4000), @p9='?' (Size = 4000)], CommandType='"Text"', CommandTimeout='30']
INSERT INTO `OverseasAlerts` (`AlertId`, `Classification`, `Content`, `Lat`, `Lon`, `Priority`, `Source`, `Status`, `Timestamp`, `Title`)
VALUES (@p0, @p1, @p2, @p3, @p4, @p5, @p6, @p7, @p8, @p9);
SELECT `Id`
FROM `OverseasAlerts`
WHERE ROW_COUNT() = 1 AND `Id` = LAST_INSERT_ID();
2026-10-06 17:23:30 - INF - Executed DbCommand (1ms) [Parameters=[], CommandType='"Text"', CommandTimeout='30']
SELECT `n`.`Id`, `n`.`AlertId`, `n`.`Classification`, `n`.`Content`, `n`.`Lat`, `n`.`Lon`, `n`.`Priority`, `n`.`Source`, `n`.`Status`, `n`.`Timestamp`, `n`.`Title`
FROM `NorthAlerts` AS `n`
WHERE `n`.`Status` = 'WAITING'
LIMIT 1
2026-10-06 17:23:36 - INF - Executed DbCommand (2ms) [Parameters=[@p0='?' (Size = 4000), @p1='?' (Size = 4000), @p2='?' (Size = 4000), @p3='?' (DbType = Double), @p4='?' (DbType = Double), @p5='?' (Size = 4000), @p6='?' (Size = 4000), @p7='?' (Size = 4000), @p8='?' (Size = 4000), @p9='?' (Size = 4000)], CommandType='"Text"', CommandTimeout='30']
INSERT INTO `NorthAlerts` (`AlertId`, `Classification`, `Content`, `Lat`, `Lon`, `Priority`, `Source`, `Status`, `Timestamp`, `Title`)
VALUES (@p0, @p1, @p2, @p3, @p4, @p5, @p6, @p7, @p8, @p9);
SELECT `Id`
FROM `NorthAlerts`
WHERE ROW_COUNT() = 1 AND `Id` = LAST_INSERT_ID();
2026-10-06 17:23:36 - INF - Executed DbCommand (1ms) [Parameters=[], CommandType='"Text"', CommandTimeout='30']
SELECT `c`.`Id`, `c`.`AlertId`, `c`.`Classification`, `c`.`Content`, `c`.`Lat`, `c`.`Lon`, `c`.`Priority`, `c`.`Source`, `c`.`Status`, `c`.`Timestamp`, `c`.`Title`
FROM `CenterAlerts` AS `c`
WHERE `c`.`Status` = 'WAITING'
LIMIT 1
2026-10-06 17:23:38 - INF - Executed DbCommand (3ms) [Parameters=[@p0='?' (Size = 4000), @p1='?' (Size = 4000), @p2='?' (Size = 4000), @p3='?' (DbType = Double), @p4='?' (DbType = Double), @p5='?' (Size = 4000), @p6='?' (Size = 4000), @p7='?' (Size = 4000), @p8='?' (Size = 4000), @p9='?' (Size = 4000)], CommandType='"Text"', CommandTimeout='30']
INSERT INTO `CenterAlerts` (`AlertId`, `Classification`, `Content`, `Lat`, `Lon`, `Priority`, `Source`, `Status`, `Timestamp`, `Title`)
VALUES (@p0, @p1, @p2, @p3, @p4, @p5, @p6, @p7, @p8, @p9);
SELECT `Id`
FROM `CenterAlerts`
WHERE ROW_COUNT() = 1 AND `Id` = LAST_INSERT_ID();
2026-10-06 17:23:38 - INF - Executed DbCommand (3ms) [Parameters=[], CommandType='"Text"', CommandTimeout='30']
SELECT `s`.`Id`, `s`.`AlertId`, `s`.`Classification`, `s`.`Content`, `s`.`Lat`, `s`.`Lon`, `s`.`Priority`, `s`.`Source`, `s`.`Status`, `s`.`Timestamp`, `s`.`Title`
FROM `SouthAlerts` AS `s`
WHERE `s`.`Status` = 'WAITING'
LIMIT 1
2026-10-06 17:23:45 - INF - Executed DbCommand (3ms) [Parameters=[@p0='?' (Size = 4000), @p1='?' (Size = 4000), @p2='?' (Size = 4000), @p3='?' (DbType = Double), @p4='?' (DbType = Double), @p5='?' (Size = 4000), @p6='?' (Size = 4000), @p7='?' (Size = 4000), @p8='?' (Size = 4000), @p9='?' (Size = 4000)], CommandType='"Text"', CommandTimeout='30']
INSERT INTO `SouthAlerts` (`AlertId`, `Classification`, `Content`, `Lat`, `Lon`, `Priority`, `Source`, `Status`, `Timestamp`, `Title`)
VALUES (@p0, @p1, @p2, @p3, @p4, @p5, @p6, @p7, @p8, @p9);
SELECT `Id`
FROM `SouthAlerts`
WHERE ROW_COUNT() = 1 AND `Id` = LAST_INSERT_ID();
2026-10-06 17:23:45 - INF - Executed DbCommand (2ms) [Parameters=[], CommandType='"Text"', CommandTimeout='30']
SELECT `o`.`Id`, `o`.`AlertId`, `o`.`Classification`, `o`.`Content`, `o`.`Lat`, `o`.`Lon`, `o`.`Priority`, `o`.`Source`, `o`.`Status`, `o`.`Timestamp`, `o`.`Title`
FROM `OverseasAlerts` AS `o`
WHERE `o`.`Status` = 'WAITING'
LIMIT 1
2026-10-06 17:23:52 - INF - Executed DbCommand (2ms) [Parameters=[@p0='?' (Size = 4000), @p1='?' (Size = 4000), @p2='?' (Size = 4000), @p3='?' (DbType = Double), @p4='?' (DbType = Double), @p5='?' (Size = 4000), @p6='?' (Size = 4000), @p7='?' (Size = 4000), @p8='?' (Size = 4000), @p9='?' (Size = 4000)], CommandType='"Text"', CommandTimeout='30']
INSERT INTO `OverseasAlerts` (`AlertId`, `Classification`, `Content`, `Lat`, `Lon`, `Priority`, `Source`, `Status`, `Timestamp`, `Title`)
VALUES (@p0, @p1, @p2, @p3, @p4, @p5, @p6, @p7, @p8, @p9);
SELECT `Id`
FROM `OverseasAlerts`
WHERE ROW_COUNT() = 1 AND `Id` = LAST_INSERT_ID();
2026-10-06 17:23:53 - INF - Executed DbCommand (1ms) [Parameters=[], CommandType='"Text"', CommandTimeout='30']
SELECT `n`.`Id`, `n`.`AlertId`, `n`.`Classification`, `n`.`Content`, `n`.`Lat`, `n`.`Lon`, `n`.`Priority`, `n`.`Source`, `n`.`Status`, `n`.`Timestamp`, `n`.`Title`
FROM `NorthAlerts` AS `n`
WHERE `n`.`Status` = 'WAITING'
LIMIT 1
2026-10-06 17:23:59 - INF - Executed DbCommand (2ms) [Parameters=[@p0='?' (Size = 4000), @p1='?' (Size = 4000), @p2='?' (Size = 4000), @p3='?' (DbType = Double), @p4='?' (DbType = Double), @p5='?' (Size = 4000), @p6='?' (Size = 4000), @p7='?' (Size = 4000), @p8='?' (Size = 4000), @p9='?' (Size = 4000)], CommandType='"Text"', CommandTimeout='30']
INSERT INTO `NorthAlerts` (`AlertId`, `Classification`, `Content`, `Lat`, `Lon`, `Priority`, `Source`, `Status`, `Timestamp`, `Title`)
VALUES (@p0, @p1, @p2, @p3, @p4, @p5, @p6, @p7, @p8, @p9);
SELECT `Id`
FROM `NorthAlerts`
WHERE ROW_COUNT() = 1 AND `Id` = LAST_INSERT_ID();
2026-10-06 17:23:59 - INF - Executed DbCommand (1ms) [Parameters=[], CommandType='"Text"', CommandTimeout='30']
SELECT `c`.`Id`, `c`.`AlertId`, `c`.`Classification`, `c`.`Content`, `c`.`Lat`, `c`.`Lon`, `c`.`Priority`, `c`.`Source`, `c`.`Status`, `c`.`Timestamp`, `c`.`Title`
FROM `CenterAlerts` AS `c`
WHERE `c`.`Status` = 'WAITING'
LIMIT 1
2026-10-06 17:24:01 - INF - Executed DbCommand (2ms) [Parameters=[@p0='?' (Size = 4000), @p1='?' (Size = 4000), @p2='?' (Size = 4000), @p3='?' (DbType = Double), @p4='?' (DbType = Double), @p5='?' (Size = 4000), @p6='?' (Size = 4000), @p7='?' (Size = 4000), @p8='?' (Size = 4000), @p9='?' (Size = 4000)], CommandType='"Text"', CommandTimeout='30']
INSERT INTO `CenterAlerts` (`AlertId`, `Classification`, `Content`, `Lat`, `Lon`, `Priority`, `Source`, `Status`, `Timestamp`, `Title`)
VALUES (@p0, @p1, @p2, @p3, @p4, @p5, @p6, @p7, @p8, @p9);
SELECT `Id`
FROM `CenterAlerts`
WHERE ROW_COUNT() = 1 AND `Id` = LAST_INSERT_ID();
2026-10-06 17:24:01 - INF - Executed DbCommand (1ms) [Parameters=[], CommandType='"Text"', CommandTimeout='30']
SELECT `s`.`Id`, `s`.`AlertId`, `s`.`Classification`, `s`.`Content`, `s`.`Lat`, `s`.`Lon`, `s`.`Priority`, `s`.`Source`, `s`.`Status`, `s`.`Timestamp`, `s`.`Title`
FROM `SouthAlerts` AS `s`
WHERE `s`.`Status` = 'WAITING'
LIMIT 1
2026-10-06 17:24:08 - INF - Executed DbCommand (5ms) [Parameters=[@p0='?' (Size = 4000), @p1='?' (Size = 4000), @p2='?' (Size = 4000), @p3='?' (DbType = Double), @p4='?' (DbType = Double), @p5='?' (Size = 4000), @p6='?' (Size = 4000), @p7='?' (Size = 4000), @p8='?' (Size = 4000), @p9='?' (Size = 4000)], CommandType='"Text"', CommandTimeout='30']
INSERT INTO `SouthAlerts` (`AlertId`, `Classification`, `Content`, `Lat`, `Lon`, `Priority`, `Source`, `Status`, `Timestamp`, `Title`)
VALUES (@p0, @p1, @p2, @p3, @p4, @p5, @p6, @p7, @p8, @p9);
SELECT `Id`
FROM `SouthAlerts`
WHERE ROW_COUNT() = 1 AND `Id` = LAST_INSERT_ID();
2026-10-06 17:24:08 - INF - Executed DbCommand (1ms) [Parameters=[], CommandType='"Text"', CommandTimeout='30']
SELECT `o`.`Id`, `o`.`AlertId`, `o`.`Classification`, `o`.`Content`, `o`.`Lat`, `o`.`Lon`, `o`.`Priority`, `o`.`Source`, `o`.`Status`, `o`.`Timestamp`, `o`.`Title`
FROM `OverseasAlerts` AS `o`
WHERE `o`.`Status` = 'WAITING'
LIMIT 1
2026-10-06 17:24:15 - INF - Executed DbCommand (2ms) [Parameters=[@p0='?' (Size = 4000), @p1='?' (Size = 4000), @p2='?' (Size = 4000), @p3='?' (DbType = Double), @p4='?' (DbType = Double), @p5='?' (Size = 4000), @p6='?' (Size = 4000), @p7='?' (Size = 4000), @p8='?' (Size = 4000), @p9='?' (Size = 4000)], CommandType='"Text"', CommandTimeout='30']
INSERT INTO `OverseasAlerts` (`AlertId`, `Classification`, `Content`, `Lat`, `Lon`, `Priority`, `Source`, `Status`, `Timestamp`, `Title`)
VALUES (@p0, @p1, @p2, @p3, @p4, @p5, @p6, @p7, @p8, @p9);
SELECT `Id`
FROM `OverseasAlerts`
WHERE ROW_COUNT() = 1 AND `Id` = LAST_INSERT_ID();
2026-10-06 17:24:15 - INF - Executed DbCommand (2ms) [Parameters=[], CommandType='"Text"', CommandTimeout='30']
SELECT `n`.`Id`, `n`.`AlertId`, `n`.`Classification`, `n`.`Content`, `n`.`Lat`, `n`.`Lon`, `n`.`Priority`, `n`.`Source`, `n`.`Status`, `n`.`Timestamp`, `n`.`Title`
FROM `NorthAlerts` AS `n`
WHERE `n`.`Status` = 'WAITING'
LIMIT 1
2026-10-06 17:24:21 - INF - Executed DbCommand (2ms) [Parameters=[@p0='?' (Size = 4000), @p1='?' (Size = 4000), @p2='?' (Size = 4000), @p3='?' (DbType = Double), @p4='?' (DbType = Double), @p5='?' (Size = 4000), @p6='?' (Size = 4000), @p7='?' (Size = 4000), @p8='?' (Size = 4000), @p9='?' (Size = 4000)], CommandType='"Text"', CommandTimeout='30']
INSERT INTO `NorthAlerts` (`AlertId`, `Classification`, `Content`, `Lat`, `Lon`, `Priority`, `Source`, `Status`, `Timestamp`, `Title`)
VALUES (@p0, @p1, @p2, @p3, @p4, @p5, @p6, @p7, @p8, @p9);
SELECT `Id`
FROM `NorthAlerts`
WHERE ROW_COUNT() = 1 AND `Id` = LAST_INSERT_ID();
2026-10-06 17:24:21 - INF - Executed DbCommand (1ms) [Parameters=[], CommandType='"Text"', CommandTimeout='30']
SELECT `c`.`Id`, `c`.`AlertId`, `c`.`Classification`, `c`.`Content`, `c`.`Lat`, `c`.`Lon`, `c`.`Priority`, `c`.`Source`, `c`.`Status`, `c`.`Timestamp`, `c`.`Title`
FROM `CenterAlerts` AS `c`
WHERE `c`.`Status` = 'WAITING'
LIMIT 1
2026-10-06 17:24:23 - INF - Executed DbCommand (5ms) [Parameters=[@p0='?' (Size = 4000), @p1='?' (Size = 4000), @p2='?' (Size = 4000), @p3='?' (DbType = Double), @p4='?' (DbType = Double), @p5='?' (Size = 4000), @p6='?' (Size = 4000), @p7='?' (Size = 4000), @p8='?' (Size = 4000), @p9='?' (Size = 4000)], CommandType='"Text"', CommandTimeout='30']
INSERT INTO `CenterAlerts` (`AlertId`, `Classification`, `Content`, `Lat`, `Lon`, `Priority`, `Source`, `Status`, `Timestamp`, `Title`)
VALUES (@p0, @p1, @p2, @p3, @p4, @p5, @p6, @p7, @p8, @p9);
SELECT `Id`
FROM `CenterAlerts`
WHERE ROW_COUNT() = 1 AND `Id` = LAST_INSERT_ID();
2026-10-06 17:24:23 - INF - Executed DbCommand (2ms) [Parameters=[], CommandType='"Text"', CommandTimeout='30']
SELECT `s`.`Id`, `s`.`AlertId`, `s`.`Classification`, `s`.`Content`, `s`.`Lat`, `s`.`Lon`, `s`.`Priority`, `s`.`Source`, `s`.`Status`, `s`.`Timestamp`, `s`.`Title`
FROM `SouthAlerts` AS `s`
WHERE `s`.`Status` = 'WAITING'
LIMIT 1
2026-10-06 17:24:30 - INF - Executed DbCommand (3ms) [Parameters=[@p0='?' (Size = 4000), @p1='?' (Size = 4000), @p2='?' (Size = 4000), @p3='?' (DbType = Double), @p4='?' (DbType = Double), @p5='?' (Size = 4000), @p6='?' (Size = 4000), @p7='?' (Size = 4000), @p8='?' (Size = 4000), @p9='?' (Size = 4000)], CommandType='"Text"', CommandTimeout='30']
INSERT INTO `SouthAlerts` (`AlertId`, `Classification`, `Content`, `Lat`, `Lon`, `Priority`, `Source`, `Status`, `Timestamp`, `Title`)
VALUES (@p0, @p1, @p2, @p3, @p4, @p5, @p6, @p7, @p8, @p9);
SELECT `Id`
FROM `SouthAlerts`
WHERE ROW_COUNT() = 1 AND `Id` = LAST_INSERT_ID();
2026-10-06 17:24:30 - INF - Executed DbCommand (1ms) [Parameters=[], CommandType='"Text"', CommandTimeout='30']
SELECT `o`.`Id`, `o`.`AlertId`, `o`.`Classification`, `o`.`Content`, `o`.`Lat`, `o`.`Lon`, `o`.`Priority`, `o`.`Source`, `o`.`Status`, `o`.`Timestamp`, `o`.`Title`
FROM `OverseasAlerts` AS `o`
WHERE `o`.`Status` = 'WAITING'
LIMIT 1
2026-10-06 17:24:37 - INF - Executed DbCommand (2ms) [Parameters=[@p0='?' (Size = 4000), @p1='?' (Size = 4000), @p2='?' (Size = 4000), @p3='?' (DbType = Double), @p4='?' (DbType = Double), @p5='?' (Size = 4000), @p6='?' (Size = 4000), @p7='?' (Size = 4000), @p8='?' (Size = 4000), @p9='?' (Size = 4000)], CommandType='"Text"', CommandTimeout='30']
INSERT INTO `OverseasAlerts` (`AlertId`, `Classification`, `Content`, `Lat`, `Lon`, `Priority`, `Source`, `Status`, `Timestamp`, `Title`)
VALUES (@p0, @p1, @p2, @p3, @p4, @p5, @p6, @p7, @p8, @p9);
SELECT `Id`
FROM `OverseasAlerts`
WHERE ROW_COUNT() = 1 AND `Id` = LAST_INSERT_ID();
2026-10-06 17:24:37 - INF - Executed DbCommand (3ms) [Parameters=[], CommandType='"Text"', CommandTimeout='30']
SELECT `n`.`Id`, `n`.`AlertId`, `n`.`Classification`, `n`.`Content`, `n`.`Lat`, `n`.`Lon`, `n`.`Priority`, `n`.`Source`, `n`.`Status`, `n`.`Timestamp`, `n`.`Title`
FROM `NorthAlerts` AS `n`
WHERE `n`.`Status` = 'WAITING'
LIMIT 1
2026-10-06 17:24:43 - INF - Executed DbCommand (4ms) [Parameters=[@p0='?' (Size = 4000), @p1='?' (Size = 4000), @p2='?' (Size = 4000), @p3='?' (DbType = Double), @p4='?' (DbType = Double), @p5='?' (Size = 4000), @p6='?' (Size = 4000), @p7='?' (Size = 4000), @p8='?' (Size = 4000), @p9='?' (Size = 4000)], CommandType='"Text"', CommandTimeout='30']
INSERT INTO `NorthAlerts` (`AlertId`, `Classification`, `Content`, `Lat`, `Lon`, `Priority`, `Source`, `Status`, `Timestamp`, `Title`)
VALUES (@p0, @p1, @p2, @p3, @p4, @p5, @p6, @p7, @p8, @p9);
SELECT `Id`
FROM `NorthAlerts`
WHERE ROW_COUNT() = 1 AND `Id` = LAST_INSERT_ID();
2026-10-06 17:24:43 - INF - Executed DbCommand (3ms) [Parameters=[], CommandType='"Text"', CommandTimeout='30']
SELECT `c`.`Id`, `c`.`AlertId`, `c`.`Classification`, `c`.`Content`, `c`.`Lat`, `c`.`Lon`, `c`.`Priority`, `c`.`Source`, `c`.`Status`, `c`.`Timestamp`, `c`.`Title`
FROM `CenterAlerts` AS `c`
WHERE `c`.`Status` = 'WAITING'
LIMIT 1
2026-10-06 17:24:45 - INF - Executed DbCommand (10ms) [Parameters=[@p0='?' (Size = 4000), @p1='?' (Size = 4000), @p2='?' (Size = 4000), @p3='?' (DbType = Double), @p4='?' (DbType = Double), @p5='?' (Size = 4000), @p6='?' (Size = 4000), @p7='?' (Size = 4000), @p8='?' (Size = 4000), @p9='?' (Size = 4000)], CommandType='"Text"', CommandTimeout='30']
INSERT INTO `CenterAlerts` (`AlertId`, `Classification`, `Content`, `Lat`, `Lon`, `Priority`, `Source`, `Status`, `Timestamp`, `Title`)
VALUES (@p0, @p1, @p2, @p3, @p4, @p5, @p6, @p7, @p8, @p9);
SELECT `Id`
FROM `CenterAlerts`
WHERE ROW_COUNT() = 1 AND `Id` = LAST_INSERT_ID();
2026-10-06 17:24:45 - INF - Executed DbCommand (1ms) [Parameters=[], CommandType='"Text"', CommandTimeout='30']
SELECT `s`.`Id`, `s`.`AlertId`, `s`.`Classification`, `s`.`Content`, `s`.`Lat`, `s`.`Lon`, `s`.`Priority`, `s`.`Source`, `s`.`Status`, `s`.`Timestamp`, `s`.`Title`
FROM `SouthAlerts` AS `s`
WHERE `s`.`Status` = 'WAITING'
LIMIT 1
2026-10-06 17:24:52 - INF - Executed DbCommand (1ms) [Parameters=[@p0='?' (Size = 4000), @p1='?' (Size = 4000), @p2='?' (Size = 4000), @p3='?' (DbType = Double), @p4='?' (DbType = Double), @p5='?' (Size = 4000), @p6='?' (Size = 4000), @p7='?' (Size = 4000), @p8='?' (Size = 4000), @p9='?' (Size = 4000)], CommandType='"Text"', CommandTimeout='30']
INSERT INTO `SouthAlerts` (`AlertId`, `Classification`, `Content`, `Lat`, `Lon`, `Priority`, `Source`, `Status`, `Timestamp`, `Title`)
VALUES (@p0, @p1, @p2, @p3, @p4, @p5, @p6, @p7, @p8, @p9);
SELECT `Id`
FROM `SouthAlerts`
WHERE ROW_COUNT() = 1 AND `Id` = LAST_INSERT_ID();
2026-10-06 17:24:52 - INF - Executed DbCommand (1ms) [Parameters=[], CommandType='"Text"', CommandTimeout='30']
SELECT `o`.`Id`, `o`.`AlertId`, `o`.`Classification`, `o`.`Content`, `o`.`Lat`, `o`.`Lon`, `o`.`Priority`, `o`.`Source`, `o`.`Status`, `o`.`Timestamp`, `o`.`Title`
FROM `OverseasAlerts` AS `o`
WHERE `o`.`Status` = 'WAITING'
LIMIT 1
2026-10-06 17:24:59 - INF - Executed DbCommand (2ms) [Parameters=[@p0='?' (Size = 4000), @p1='?' (Size = 4000), @p2='?' (Size = 4000), @p3='?' (DbType = Double), @p4='?' (DbType = Double), @p5='?' (Size = 4000), @p6='?' (Size = 4000), @p7='?' (Size = 4000), @p8='?' (Size = 4000), @p9='?' (Size = 4000)], CommandType='"Text"', CommandTimeout='30']
INSERT INTO `OverseasAlerts` (`AlertId`, `Classification`, `Content`, `Lat`, `Lon`, `Priority`, `Source`, `Status`, `Timestamp`, `Title`)
VALUES (@p0, @p1, @p2, @p3, @p4, @p5, @p6, @p7, @p8, @p9);
SELECT `Id`
FROM `OverseasAlerts`
WHERE ROW_COUNT() = 1 AND `Id` = LAST_INSERT_ID();
2026-10-06 17:24:59 - INF - Executed DbCommand (2ms) [Parameters=[], CommandType='"Text"', CommandTimeout='30']
SELECT `n`.`Id`, `n`.`AlertId`, `n`.`Classification`, `n`.`Content`, `n`.`Lat`, `n`.`Lon`, `n`.`Priority`, `n`.`Source`, `n`.`Status`, `n`.`Timestamp`, `n`.`Title`
FROM `NorthAlerts` AS `n`
WHERE `n`.`Status` = 'WAITING'
LIMIT 1
2026-10-06 17:25:05 - INF - Executed DbCommand (2ms) [Parameters=[@p0='?' (Size = 4000), @p1='?' (Size = 4000), @p2='?' (Size = 4000), @p3='?' (DbType = Double), @p4='?' (DbType = Double), @p5='?' (Size = 4000), @p6='?' (Size = 4000), @p7='?' (Size = 4000), @p8='?' (Size = 4000), @p9='?' (Size = 4000)], CommandType='"Text"', CommandTimeout='30']
INSERT INTO `NorthAlerts` (`AlertId`, `Classification`, `Content`, `Lat`, `Lon`, `Priority`, `Source`, `Status`, `Timestamp`, `Title`)
VALUES (@p0, @p1, @p2, @p3, @p4, @p5, @p6, @p7, @p8, @p9);
SELECT `Id`
FROM `NorthAlerts`
WHERE ROW_COUNT() = 1 AND `Id` = LAST_INSERT_ID();
2026-10-06 17:25:05 - INF - Executed DbCommand (1ms) [Parameters=[], CommandType='"Text"', CommandTimeout='30']
SELECT `c`.`Id`, `c`.`AlertId`, `c`.`Classification`, `c`.`Content`, `c`.`Lat`, `c`.`Lon`, `c`.`Priority`, `c`.`Source`, `c`.`Status`, `c`.`Timestamp`, `c`.`Title`
FROM `CenterAlerts` AS `c`
WHERE `c`.`Status` = 'WAITING'
LIMIT 1
2026-10-06 17:25:07 - INF - Executed DbCommand (2ms) [Parameters=[@p0='?' (Size = 4000), @p1='?' (Size = 4000), @p2='?' (Size = 4000), @p3='?' (DbType = Double), @p4='?' (DbType = Double), @p5='?' (Size = 4000), @p6='?' (Size = 4000), @p7='?' (Size = 4000), @p8='?' (Size = 4000), @p9='?' (Size = 4000)], CommandType='"Text"', CommandTimeout='30']
INSERT INTO `CenterAlerts` (`AlertId`, `Classification`, `Content`, `Lat`, `Lon`, `Priority`, `Source`, `Status`, `Timestamp`, `Title`)
VALUES (@p0, @p1, @p2, @p3, @p4, @p5, @p6, @p7, @p8, @p9);
SELECT `Id`
FROM `CenterAlerts`
WHERE ROW_COUNT() = 1 AND `Id` = LAST_INSERT_ID();
2026-10-06 17:25:07 - INF - Executed DbCommand (2ms) [Parameters=[], CommandType='"Text"', CommandTimeout='30']
SELECT `s`.`Id`, `s`.`AlertId`, `s`.`Classification`, `s`.`Content`, `s`.`Lat`, `s`.`Lon`, `s`.`Priority`, `s`.`Source`, `s`.`Status`, `s`.`Timestamp`, `s`.`Title`
FROM `SouthAlerts` AS `s`
WHERE `s`.`Status` = 'WAITING'
LIMIT 1
2026-10-06 17:25:14 - INF - Executed DbCommand (2ms) [Parameters=[@p0='?' (Size = 4000), @p1='?' (Size = 4000), @p2='?' (Size = 4000), @p3='?' (DbType = Double), @p4='?' (DbType = Double), @p5='?' (Size = 4000), @p6='?' (Size = 4000), @p7='?' (Size = 4000), @p8='?' (Size = 4000), @p9='?' (Size = 4000)], CommandType='"Text"', CommandTimeout='30']
INSERT INTO `SouthAlerts` (`AlertId`, `Classification`, `Content`, `Lat`, `Lon`, `Priority`, `Source`, `Status`, `Timestamp`, `Title`)
VALUES (@p0, @p1, @p2, @p3, @p4, @p5, @p6, @p7, @p8, @p9);
SELECT `Id`
FROM `SouthAlerts`
WHERE ROW_COUNT() = 1 AND `Id` = LAST_INSERT_ID();
2026-10-06 17:25:14 - INF - Executed DbCommand (2ms) [Parameters=[], CommandType='"Text"', CommandTimeout='30']
SELECT `o`.`Id`, `o`.`AlertId`, `o`.`Classification`, `o`.`Content`, `o`.`Lat`, `o`.`Lon`, `o`.`Priority`, `o`.`Source`, `o`.`Status`, `o`.`Timestamp`, `o`.`Title`
FROM `OverseasAlerts` AS `o`
WHERE `o`.`Status` = 'WAITING'
LIMIT 1
2026-10-06 17:25:21 - INF - Executed DbCommand (4ms) [Parameters=[@p0='?' (Size = 4000), @p1='?' (Size = 4000), @p2='?' (Size = 4000), @p3='?' (DbType = Double), @p4='?' (DbType = Double), @p5='?' (Size = 4000), @p6='?' (Size = 4000), @p7='?' (Size = 4000), @p8='?' (Size = 4000), @p9='?' (Size = 4000)], CommandType='"Text"', CommandTimeout='30']
INSERT INTO `OverseasAlerts` (`AlertId`, `Classification`, `Content`, `Lat`, `Lon`, `Priority`, `Source`, `Status`, `Timestamp`, `Title`)
VALUES (@p0, @p1, @p2, @p3, @p4, @p5, @p6, @p7, @p8, @p9);
SELECT `Id`
FROM `OverseasAlerts`
WHERE ROW_COUNT() = 1 AND `Id` = LAST_INSERT_ID();
2026-10-06 17:25:21 - INF - Executed DbCommand (4ms) [Parameters=[], CommandType='"Text"', CommandTimeout='30']
SELECT `n`.`Id`, `n`.`AlertId`, `n`.`Classification`, `n`.`Content`, `n`.`Lat`, `n`.`Lon`, `n`.`Priority`, `n`.`Source`, `n`.`Status`, `n`.`Timestamp`, `n`.`Title`
FROM `NorthAlerts` AS `n`
WHERE `n`.`Status` = 'WAITING'
LIMIT 1
2026-10-06 17:25:27 - INF - Executed DbCommand (5ms) [Parameters=[@p0='?' (Size = 4000), @p1='?' (Size = 4000), @p2='?' (Size = 4000), @p3='?' (DbType = Double), @p4='?' (DbType = Double), @p5='?' (Size = 4000), @p6='?' (Size = 4000), @p7='?' (Size = 4000), @p8='?' (Size = 4000), @p9='?' (Size = 4000)], CommandType='"Text"', CommandTimeout='30']
INSERT INTO `NorthAlerts` (`AlertId`, `Classification`, `Content`, `Lat`, `Lon`, `Priority`, `Source`, `Status`, `Timestamp`, `Title`)
VALUES (@p0, @p1, @p2, @p3, @p4, @p5, @p6, @p7, @p8, @p9);
SELECT `Id`
FROM `NorthAlerts`
WHERE ROW_COUNT() = 1 AND `Id` = LAST_INSERT_ID();
2026-10-06 17:25:27 - INF - Executed DbCommand (1ms) [Parameters=[], CommandType='"Text"', CommandTimeout='30']
SELECT `c`.`Id`, `c`.`AlertId`, `c`.`Classification`, `c`.`Content`, `c`.`Lat`, `c`.`Lon`, `c`.`Priority`, `c`.`Source`, `c`.`Status`, `c`.`Timestamp`, `c`.`Title`
FROM `CenterAlerts` AS `c`
WHERE `c`.`Status` = 'WAITING'
LIMIT 1
2026-10-06 17:25:29 - INF - Executed DbCommand (2ms) [Parameters=[@p0='?' (Size = 4000), @p1='?' (Size = 4000), @p2='?' (Size = 4000), @p3='?' (DbType = Double), @p4='?' (DbType = Double), @p5='?' (Size = 4000), @p6='?' (Size = 4000), @p7='?' (Size = 4000), @p8='?' (Size = 4000), @p9='?' (Size = 4000)], CommandType='"Text"', CommandTimeout='30']
INSERT INTO `CenterAlerts` (`AlertId`, `Classification`, `Content`, `Lat`, `Lon`, `Priority`, `Source`, `Status`, `Timestamp`, `Title`)
VALUES (@p0, @p1, @p2, @p3, @p4, @p5, @p6, @p7, @p8, @p9);
SELECT `Id`
FROM `CenterAlerts`
WHERE ROW_COUNT() = 1 AND `Id` = LAST_INSERT_ID();
2026-10-06 17:25:29 - INF - Executed DbCommand (3ms) [Parameters=[], CommandType='"Text"', CommandTimeout='30']
SELECT `s`.`Id`, `s`.`AlertId`, `s`.`Classification`, `s`.`Content`, `s`.`Lat`, `s`.`Lon`, `s`.`Priority`, `s`.`Source`, `s`.`Status`, `s`.`Timestamp`, `s`.`Title`
FROM `SouthAlerts` AS `s`
WHERE `s`.`Status` = 'WAITING'
LIMIT 1
2026-10-06 17:25:36 - INF - Executed DbCommand (2ms) [Parameters=[@p0='?' (Size = 4000), @p1='?' (Size = 4000), @p2='?' (Size = 4000), @p3='?' (DbType = Double), @p4='?' (DbType = Double), @p5='?' (Size = 4000), @p6='?' (Size = 4000), @p7='?' (Size = 4000), @p8='?' (Size = 4000), @p9='?' (Size = 4000)], CommandType='"Text"', CommandTimeout='30']
INSERT INTO `SouthAlerts` (`AlertId`, `Classification`, `Content`, `Lat`, `Lon`, `Priority`, `Source`, `Status`, `Timestamp`, `Title`)
VALUES (@p0, @p1, @p2, @p3, @p4, @p5, @p6, @p7, @p8, @p9);
SELECT `Id`
FROM `SouthAlerts`
WHERE ROW_COUNT() = 1 AND `Id` = LAST_INSERT_ID();
2026-10-06 17:25:36 - INF - Executed DbCommand (2ms) [Parameters=[], CommandType='"Text"', CommandTimeout='30']
SELECT `o`.`Id`, `o`.`AlertId`, `o`.`Classification`, `o`.`Content`, `o`.`Lat`, `o`.`Lon`, `o`.`Priority`, `o`.`Source`, `o`.`Status`, `o`.`Timestamp`, `o`.`Title`
FROM `OverseasAlerts` AS `o`
WHERE `o`.`Status` = 'WAITING'
LIMIT 1
2026-10-06 17:25:44 - INF - Executed DbCommand (2ms) [Parameters=[@p0='?' (Size = 4000), @p1='?' (Size = 4000), @p2='?' (Size = 4000), @p3='?' (DbType = Double), @p4='?' (DbType = Double), @p5='?' (Size = 4000), @p6='?' (Size = 4000), @p7='?' (Size = 4000), @p8='?' (Size = 4000), @p9='?' (Size = 4000)], CommandType='"Text"', CommandTimeout='30']
INSERT INTO `OverseasAlerts` (`AlertId`, `Classification`, `Content`, `Lat`, `Lon`, `Priority`, `Source`, `Status`, `Timestamp`, `Title`)
VALUES (@p0, @p1, @p2, @p3, @p4, @p5, @p6, @p7, @p8, @p9);
SELECT `Id`
FROM `OverseasAlerts`
WHERE ROW_COUNT() = 1 AND `Id` = LAST_INSERT_ID();
2026-10-06 17:25:44 - INF - Executed DbCommand (2ms) [Parameters=[], CommandType='"Text"', CommandTimeout='30']
SELECT `n`.`Id`, `n`.`AlertId`, `n`.`Classification`, `n`.`Content`, `n`.`Lat`, `n`.`Lon`, `n`.`Priority`, `n`.`Source`, `n`.`Status`, `n`.`Timestamp`, `n`.`Title`
FROM `NorthAlerts` AS `n`
WHERE `n`.`Status` = 'WAITING'
LIMIT 1
2026-10-06 17:25:50 - INF - Executed DbCommand (2ms) [Parameters=[@p0='?' (Size = 4000), @p1='?' (Size = 4000), @p2='?' (Size = 4000), @p3='?' (DbType = Double), @p4='?' (DbType = Double), @p5='?' (Size = 4000), @p6='?' (Size = 4000), @p7='?' (Size = 4000), @p8='?' (Size = 4000), @p9='?' (Size = 4000)], CommandType='"Text"', CommandTimeout='30']
INSERT INTO `NorthAlerts` (`AlertId`, `Classification`, `Content`, `Lat`, `Lon`, `Priority`, `Source`, `Status`, `Timestamp`, `Title`)
VALUES (@p0, @p1, @p2, @p3, @p4, @p5, @p6, @p7, @p8, @p9);
SELECT `Id`
FROM `NorthAlerts`
WHERE ROW_COUNT() = 1 AND `Id` = LAST_INSERT_ID();
2026-10-06 17:25:50 - INF - Executed DbCommand (2ms) [Parameters=[], CommandType='"Text"', CommandTimeout='30']
SELECT `c`.`Id`, `c`.`AlertId`, `c`.`Classification`, `c`.`Content`, `c`.`Lat`, `c`.`Lon`, `c`.`Priority`, `c`.`Source`, `c`.`Status`, `c`.`Timestamp`, `c`.`Title`
FROM `CenterAlerts` AS `c`
WHERE `c`.`Status` = 'WAITING'
LIMIT 1
2026-10-06 17:25:52 - INF - Executed DbCommand (2ms) [Parameters=[@p0='?' (Size = 4000), @p1='?' (Size = 4000), @p2='?' (Size = 4000), @p3='?' (DbType = Double), @p4='?' (DbType = Double), @p5='?' (Size = 4000), @p6='?' (Size = 4000), @p7='?' (Size = 4000), @p8='?' (Size = 4000), @p9='?' (Size = 4000)], CommandType='"Text"', CommandTimeout='30']
INSERT INTO `CenterAlerts` (`AlertId`, `Classification`, `Content`, `Lat`, `Lon`, `Priority`, `Source`, `Status`, `Timestamp`, `Title`)
VALUES (@p0, @p1, @p2, @p3, @p4, @p5, @p6, @p7, @p8, @p9);
SELECT `Id`
FROM `CenterAlerts`
WHERE ROW_COUNT() = 1 AND `Id` = LAST_INSERT_ID();
2026-10-06 17:25:52 - INF - Executed DbCommand (1ms) [Parameters=[], CommandType='"Text"', CommandTimeout='30']
SELECT `s`.`Id`, `s`.`AlertId`, `s`.`Classification`, `s`.`Content`, `s`.`Lat`, `s`.`Lon`, `s`.`Priority`, `s`.`Source`, `s`.`Status`, `s`.`Timestamp`, `s`.`Title`
FROM `SouthAlerts` AS `s`
WHERE `s`.`Status` = 'WAITING'
LIMIT 1
2026-10-06 17:25:59 - INF - Executed DbCommand (2ms) [Parameters=[@p0='?' (Size = 4000), @p1='?' (Size = 4000), @p2='?' (Size = 4000), @p3='?' (DbType = Double), @p4='?' (DbType = Double), @p5='?' (Size = 4000), @p6='?' (Size = 4000), @p7='?' (Size = 4000), @p8='?' (Size = 4000), @p9='?' (Size = 4000)], CommandType='"Text"', CommandTimeout='30']
INSERT INTO `SouthAlerts` (`AlertId`, `Classification`, `Content`, `Lat`, `Lon`, `Priority`, `Source`, `Status`, `Timestamp`, `Title`)
VALUES (@p0, @p1, @p2, @p3, @p4, @p5, @p6, @p7, @p8, @p9);
SELECT `Id`
FROM `SouthAlerts`
WHERE ROW_COUNT() = 1 AND `Id` = LAST_INSERT_ID();
2026-10-06 17:25:59 - INF - Executed DbCommand (2ms) [Parameters=[], CommandType='"Text"', CommandTimeout='30']
SELECT `o`.`Id`, `o`.`AlertId`, `o`.`Classification`, `o`.`Content`, `o`.`Lat`, `o`.`Lon`, `o`.`Priority`, `o`.`Source`, `o`.`Status`, `o`.`Timestamp`, `o`.`Title`
FROM `OverseasAlerts` AS `o`
WHERE `o`.`Status` = 'WAITING'
LIMIT 1
2026-10-06 17:26:06 - INF - Executed DbCommand (1ms) [Parameters=[@p0='?' (Size = 4000), @p1='?' (Size = 4000), @p2='?' (Size = 4000), @p3='?' (DbType = Double), @p4='?' (DbType = Double), @p5='?' (Size = 4000), @p6='?' (Size = 4000), @p7='?' (Size = 4000), @p8='?' (Size = 4000), @p9='?' (Size = 4000)], CommandType='"Text"', CommandTimeout='30']
INSERT INTO `OverseasAlerts` (`AlertId`, `Classification`, `Content`, `Lat`, `Lon`, `Priority`, `Source`, `Status`, `Timestamp`, `Title`)
VALUES (@p0, @p1, @p2, @p3, @p4, @p5, @p6, @p7, @p8, @p9);
SELECT `Id`
FROM `OverseasAlerts`
WHERE ROW_COUNT() = 1 AND `Id` = LAST_INSERT_ID();
2026-10-06 17:26:06 - INF - Executed DbCommand (2ms) [Parameters=[], CommandType='"Text"', CommandTimeout='30']
SELECT `n`.`Id`, `n`.`AlertId`, `n`.`Classification`, `n`.`Content`, `n`.`Lat`, `n`.`Lon`, `n`.`Priority`, `n`.`Source`, `n`.`Status`, `n`.`Timestamp`, `n`.`Title`
FROM `NorthAlerts` AS `n`
WHERE `n`.`Status` = 'WAITING'
LIMIT 1
2026-10-06 17:26:12 - INF - Executed DbCommand (3ms) [Parameters=[@p0='?' (Size = 4000), @p1='?' (Size = 4000), @p2='?' (Size = 4000), @p3='?' (DbType = Double), @p4='?' (DbType = Double), @p5='?' (Size = 4000), @p6='?' (Size = 4000), @p7='?' (Size = 4000), @p8='?' (Size = 4000), @p9='?' (Size = 4000)], CommandType='"Text"', CommandTimeout='30']
INSERT INTO `NorthAlerts` (`AlertId`, `Classification`, `Content`, `Lat`, `Lon`, `Priority`, `Source`, `Status`, `Timestamp`, `Title`)
VALUES (@p0, @p1, @p2, @p3, @p4, @p5, @p6, @p7, @p8, @p9);
SELECT `Id`
FROM `NorthAlerts`
WHERE ROW_COUNT() = 1 AND `Id` = LAST_INSERT_ID();
2026-10-06 17:26:12 - INF - Executed DbCommand (3ms) [Parameters=[], CommandType='"Text"', CommandTimeout='30']
SELECT `c`.`Id`, `c`.`AlertId`, `c`.`Classification`, `c`.`Content`, `c`.`Lat`, `c`.`Lon`, `c`.`Priority`, `c`.`Source`, `c`.`Status`, `c`.`Timestamp`, `c`.`Title`
FROM `CenterAlerts` AS `c`
WHERE `c`.`Status` = 'WAITING'
LIMIT 1
2026-10-06 17:26:14 - INF - Executed DbCommand (1ms) [Parameters=[@p0='?' (Size = 4000), @p1='?' (Size = 4000), @p2='?' (Size = 4000), @p3='?' (DbType = Double), @p4='?' (DbType = Double), @p5='?' (Size = 4000), @p6='?' (Size = 4000), @p7='?' (Size = 4000), @p8='?' (Size = 4000), @p9='?' (Size = 4000)], CommandType='"Text"', CommandTimeout='30']
INSERT INTO `CenterAlerts` (`AlertId`, `Classification`, `Content`, `Lat`, `Lon`, `Priority`, `Source`, `Status`, `Timestamp`, `Title`)
VALUES (@p0, @p1, @p2, @p3, @p4, @p5, @p6, @p7, @p8, @p9);
SELECT `Id`
FROM `CenterAlerts`
WHERE ROW_COUNT() = 1 AND `Id` = LAST_INSERT_ID();
2026-10-06 17:26:14 - INF - Executed DbCommand (1ms) [Parameters=[], CommandType='"Text"', CommandTimeout='30']
SELECT `s`.`Id`, `s`.`AlertId`, `s`.`Classification`, `s`.`Content`, `s`.`Lat`, `s`.`Lon`, `s`.`Priority`, `s`.`Source`, `s`.`Status`, `s`.`Timestamp`, `s`.`Title`
FROM `SouthAlerts` AS `s`
WHERE `s`.`Status` = 'WAITING'
LIMIT 1
2026-10-06 17:26:21 - INF - Executed DbCommand (3ms) [Parameters=[@p0='?' (Size = 4000), @p1='?' (Size = 4000), @p2='?' (Size = 4000), @p3='?' (DbType = Double), @p4='?' (DbType = Double), @p5='?' (Size = 4000), @p6='?' (Size = 4000), @p7='?' (Size = 4000), @p8='?' (Size = 4000), @p9='?' (Size = 4000)], CommandType='"Text"', CommandTimeout='30']
INSERT INTO `SouthAlerts` (`AlertId`, `Classification`, `Content`, `Lat`, `Lon`, `Priority`, `Source`, `Status`, `Timestamp`, `Title`)
VALUES (@p0, @p1, @p2, @p3, @p4, @p5, @p6, @p7, @p8, @p9);
SELECT `Id`
FROM `SouthAlerts`
WHERE ROW_COUNT() = 1 AND `Id` = LAST_INSERT_ID();
2026-10-06 17:26:21 - INF - Executed DbCommand (2ms) [Parameters=[], CommandType='"Text"', CommandTimeout='30']
SELECT `o`.`Id`, `o`.`AlertId`, `o`.`Classification`, `o`.`Content`, `o`.`Lat`, `o`.`Lon`, `o`.`Priority`, `o`.`Source`, `o`.`Status`, `o`.`Timestamp`, `o`.`Title`
FROM `OverseasAlerts` AS `o`
WHERE `o`.`Status` = 'WAITING'
LIMIT 1
2026-10-06 17:26:28 - INF - Executed DbCommand (3ms) [Parameters=[@p0='?' (Size = 4000), @p1='?' (Size = 4000), @p2='?' (Size = 4000), @p3='?' (DbType = Double), @p4='?' (DbType = Double), @p5='?' (Size = 4000), @p6='?' (Size = 4000), @p7='?' (Size = 4000), @p8='?' (Size = 4000), @p9='?' (Size = 4000)], CommandType='"Text"', CommandTimeout='30']
INSERT INTO `OverseasAlerts` (`AlertId`, `Classification`, `Content`, `Lat`, `Lon`, `Priority`, `Source`, `Status`, `Timestamp`, `Title`)
VALUES (@p0, @p1, @p2, @p3, @p4, @p5, @p6, @p7, @p8, @p9);
SELECT `Id`
FROM `OverseasAlerts`
WHERE ROW_COUNT() = 1 AND `Id` = LAST_INSERT_ID();
2026-10-06 17:26:28 - INF - Executed DbCommand (4ms) [Parameters=[], CommandType='"Text"', CommandTimeout='30']
SELECT `n`.`Id`, `n`.`AlertId`, `n`.`Classification`, `n`.`Content`, `n`.`Lat`, `n`.`Lon`, `n`.`Priority`, `n`.`Source`, `n`.`Status`, `n`.`Timestamp`, `n`.`Title`
FROM `NorthAlerts` AS `n`
WHERE `n`.`Status` = 'WAITING'
LIMIT 1
2026-10-06 17:26:34 - INF - Executed DbCommand (3ms) [Parameters=[@p0='?' (Size = 4000), @p1='?' (Size = 4000), @p2='?' (Size = 4000), @p3='?' (DbType = Double), @p4='?' (DbType = Double), @p5='?' (Size = 4000), @p6='?' (Size = 4000), @p7='?' (Size = 4000), @p8='?' (Size = 4000), @p9='?' (Size = 4000)], CommandType='"Text"', CommandTimeout='30']
INSERT INTO `NorthAlerts` (`AlertId`, `Classification`, `Content`, `Lat`, `Lon`, `Priority`, `Source`, `Status`, `Timestamp`, `Title`)
VALUES (@p0, @p1, @p2, @p3, @p4, @p5, @p6, @p7, @p8, @p9);
SELECT `Id`
FROM `NorthAlerts`
WHERE ROW_COUNT() = 1 AND `Id` = LAST_INSERT_ID();
2026-10-06 17:26:34 - INF - Executed DbCommand (2ms) [Parameters=[], CommandType='"Text"', CommandTimeout='30']
SELECT `c`.`Id`, `c`.`AlertId`, `c`.`Classification`, `c`.`Content`, `c`.`Lat`, `c`.`Lon`, `c`.`Priority`, `c`.`Source`, `c`.`Status`, `c`.`Timestamp`, `c`.`Title`
FROM `CenterAlerts` AS `c`
WHERE `c`.`Status` = 'WAITING'
LIMIT 1
2026-10-06 17:26:36 - INF - Executed DbCommand (4ms) [Parameters=[@p0='?' (Size = 4000), @p1='?' (Size = 4000), @p2='?' (Size = 4000), @p3='?' (DbType = Double), @p4='?' (DbType = Double), @p5='?' (Size = 4000), @p6='?' (Size = 4000), @p7='?' (Size = 4000), @p8='?' (Size = 4000), @p9='?' (Size = 4000)], CommandType='"Text"', CommandTimeout='30']
INSERT INTO `CenterAlerts` (`AlertId`, `Classification`, `Content`, `Lat`, `Lon`, `Priority`, `Source`, `Status`, `Timestamp`, `Title`)
VALUES (@p0, @p1, @p2, @p3, @p4, @p5, @p6, @p7, @p8, @p9);
SELECT `Id`
FROM `CenterAlerts`
WHERE ROW_COUNT() = 1 AND `Id` = LAST_INSERT_ID();
2026-10-06 17:26:36 - INF - Executed DbCommand (3ms) [Parameters=[], CommandType='"Text"', CommandTimeout='30']
SELECT `s`.`Id`, `s`.`AlertId`, `s`.`Classification`, `s`.`Content`, `s`.`Lat`, `s`.`Lon`, `s`.`Priority`, `s`.`Source`, `s`.`Status`, `s`.`Timestamp`, `s`.`Title`
FROM `SouthAlerts` AS `s`
WHERE `s`.`Status` = 'WAITING'
LIMIT 1
2026-10-06 17:26:43 - INF - Executed DbCommand (3ms) [Parameters=[@p0='?' (Size = 4000), @p1='?' (Size = 4000), @p2='?' (Size = 4000), @p3='?' (DbType = Double), @p4='?' (DbType = Double), @p5='?' (Size = 4000), @p6='?' (Size = 4000), @p7='?' (Size = 4000), @p8='?' (Size = 4000), @p9='?' (Size = 4000)], CommandType='"Text"', CommandTimeout='30']
INSERT INTO `SouthAlerts` (`AlertId`, `Classification`, `Content`, `Lat`, `Lon`, `Priority`, `Source`, `Status`, `Timestamp`, `Title`)
VALUES (@p0, @p1, @p2, @p3, @p4, @p5, @p6, @p7, @p8, @p9);
SELECT `Id`
FROM `SouthAlerts`
WHERE ROW_COUNT() = 1 AND `Id` = LAST_INSERT_ID();
2026-10-06 17:26:43 - INF - Executed DbCommand (2ms) [Parameters=[], CommandType='"Text"', CommandTimeout='30']
SELECT `o`.`Id`, `o`.`AlertId`, `o`.`Classification`, `o`.`Content`, `o`.`Lat`, `o`.`Lon`, `o`.`Priority`, `o`.`Source`, `o`.`Status`, `o`.`Timestamp`, `o`.`Title`
FROM `OverseasAlerts` AS `o`
WHERE `o`.`Status` = 'WAITING'
LIMIT 1
2026-10-06 17:26:50 - INF - Executed DbCommand (2ms) [Parameters=[@p0='?' (Size = 4000), @p1='?' (Size = 4000), @p2='?' (Size = 4000), @p3='?' (DbType = Double), @p4='?' (DbType = Double), @p5='?' (Size = 4000), @p6='?' (Size = 4000), @p7='?' (Size = 4000), @p8='?' (Size = 4000), @p9='?' (Size = 4000)], CommandType='"Text"', CommandTimeout='30']
INSERT INTO `OverseasAlerts` (`AlertId`, `Classification`, `Content`, `Lat`, `Lon`, `Priority`, `Source`, `Status`, `Timestamp`, `Title`)
VALUES (@p0, @p1, @p2, @p3, @p4, @p5, @p6, @p7, @p8, @p9);
SELECT `Id`
FROM `OverseasAlerts`
WHERE ROW_COUNT() = 1 AND `Id` = LAST_INSERT_ID();
2026-10-06 17:26:50 - INF - Executed DbCommand (2ms) [Parameters=[], CommandType='"Text"', CommandTimeout='30']
SELECT `n`.`Id`, `n`.`AlertId`, `n`.`Classification`, `n`.`Content`, `n`.`Lat`, `n`.`Lon`, `n`.`Priority`, `n`.`Source`, `n`.`Status`, `n`.`Timestamp`, `n`.`Title`
FROM `NorthAlerts` AS `n`
WHERE `n`.`Status` = 'WAITING'
LIMIT 1
2026-10-06 17:26:56 - INF - Executed DbCommand (2ms) [Parameters=[@p0='?' (Size = 4000), @p1='?' (Size = 4000), @p2='?' (Size = 4000), @p3='?' (DbType = Double), @p4='?' (DbType = Double), @p5='?' (Size = 4000), @p6='?' (Size = 4000), @p7='?' (Size = 4000), @p8='?' (Size = 4000), @p9='?' (Size = 4000)], CommandType='"Text"', CommandTimeout='30']
INSERT INTO `NorthAlerts` (`AlertId`, `Classification`, `Content`, `Lat`, `Lon`, `Priority`, `Source`, `Status`, `Timestamp`, `Title`)
VALUES (@p0, @p1, @p2, @p3, @p4, @p5, @p6, @p7, @p8, @p9);
SELECT `Id`
FROM `NorthAlerts`
WHERE ROW_COUNT() = 1 AND `Id` = LAST_INSERT_ID();
2026-10-06 17:26:56 - INF - Executed DbCommand (2ms) [Parameters=[], CommandType='"Text"', CommandTimeout='30']
SELECT `c`.`Id`, `c`.`AlertId`, `c`.`Classification`, `c`.`Content`, `c`.`Lat`, `c`.`Lon`, `c`.`Priority`, `c`.`Source`, `c`.`Status`, `c`.`Timestamp`, `c`.`Title`
FROM `CenterAlerts` AS `c`
WHERE `c`.`Status` = 'WAITING'
LIMIT 1
2026-10-06 17:26:58 - INF - Executed DbCommand (1ms) [Parameters=[@p0='?' (Size = 4000), @p1='?' (Size = 4000), @p2='?' (Size = 4000), @p3='?' (DbType = Double), @p4='?' (DbType = Double), @p5='?' (Size = 4000), @p6='?' (Size = 4000), @p7='?' (Size = 4000), @p8='?' (Size = 4000), @p9='?' (Size = 4000)], CommandType='"Text"', CommandTimeout='30']
INSERT INTO `CenterAlerts` (`AlertId`, `Classification`, `Content`, `Lat`, `Lon`, `Priority`, `Source`, `Status`, `Timestamp`, `Title`)
VALUES (@p0, @p1, @p2, @p3, @p4, @p5, @p6, @p7, @p8, @p9);
SELECT `Id`
FROM `CenterAlerts`
WHERE ROW_COUNT() = 1 AND `Id` = LAST_INSERT_ID();
2026-10-06 17:26:58 - INF - Executed DbCommand (1ms) [Parameters=[], CommandType='"Text"', CommandTimeout='30']
SELECT `s`.`Id`, `s`.`AlertId`, `s`.`Classification`, `s`.`Content`, `s`.`Lat`, `s`.`Lon`, `s`.`Priority`, `s`.`Source`, `s`.`Status`, `s`.`Timestamp`, `s`.`Title`
FROM `SouthAlerts` AS `s`
WHERE `s`.`Status` = 'WAITING'
LIMIT 1
2026-10-06 17:27:05 - INF - Executed DbCommand (2ms) [Parameters=[@p0='?' (Size = 4000), @p1='?' (Size = 4000), @p2='?' (Size = 4000), @p3='?' (DbType = Double), @p4='?' (DbType = Double), @p5='?' (Size = 4000), @p6='?' (Size = 4000), @p7='?' (Size = 4000), @p8='?' (Size = 4000), @p9='?' (Size = 4000)], CommandType='"Text"', CommandTimeout='30']
INSERT INTO `SouthAlerts` (`AlertId`, `Classification`, `Content`, `Lat`, `Lon`, `Priority`, `Source`, `Status`, `Timestamp`, `Title`)
VALUES (@p0, @p1, @p2, @p3, @p4, @p5, @p6, @p7, @p8, @p9);
SELECT `Id`
FROM `SouthAlerts`
WHERE ROW_COUNT() = 1 AND `Id` = LAST_INSERT_ID();
2026-10-06 17:27:05 - INF - Executed DbCommand (2ms) [Parameters=[], CommandType='"Text"', CommandTimeout='30']
SELECT `o`.`Id`, `o`.`AlertId`, `o`.`Classification`, `o`.`Content`, `o`.`Lat`, `o`.`Lon`, `o`.`Priority`, `o`.`Source`, `o`.`Status`, `o`.`Timestamp`, `o`.`Title`
FROM `OverseasAlerts` AS `o`
WHERE `o`.`Status` = 'WAITING'
LIMIT 1
2026-10-06 17:27:12 - INF - Executed DbCommand (2ms) [Parameters=[@p0='?' (Size = 4000), @p1='?' (Size = 4000), @p2='?' (Size = 4000), @p3='?' (DbType = Double), @p4='?' (DbType = Double), @p5='?' (Size = 4000), @p6='?' (Size = 4000), @p7='?' (Size = 4000), @p8='?' (Size = 4000), @p9='?' (Size = 4000)], CommandType='"Text"', CommandTimeout='30']
INSERT INTO `OverseasAlerts` (`AlertId`, `Classification`, `Content`, `Lat`, `Lon`, `Priority`, `Source`, `Status`, `Timestamp`, `Title`)
VALUES (@p0, @p1, @p2, @p3, @p4, @p5, @p6, @p7, @p8, @p9);
SELECT `Id`
FROM `OverseasAlerts`
WHERE ROW_COUNT() = 1 AND `Id` = LAST_INSERT_ID();
2026-10-06 17:27:12 - INF - Executed DbCommand (2ms) [Parameters=[], CommandType='"Text"', CommandTimeout='30']
SELECT `n`.`Id`, `n`.`AlertId`, `n`.`Classification`, `n`.`Content`, `n`.`Lat`, `n`.`Lon`, `n`.`Priority`, `n`.`Source`, `n`.`Status`, `n`.`Timestamp`, `n`.`Title`
FROM `NorthAlerts` AS `n`
WHERE `n`.`Status` = 'WAITING'
LIMIT 1
2026-10-06 17:27:18 - INF - Executed DbCommand (2ms) [Parameters=[@p0='?' (Size = 4000), @p1='?' (Size = 4000), @p2='?' (Size = 4000), @p3='?' (DbType = Double), @p4='?' (DbType = Double), @p5='?' (Size = 4000), @p6='?' (Size = 4000), @p7='?' (Size = 4000), @p8='?' (Size = 4000), @p9='?' (Size = 4000)], CommandType='"Text"', CommandTimeout='30']
INSERT INTO `NorthAlerts` (`AlertId`, `Classification`, `Content`, `Lat`, `Lon`, `Priority`, `Source`, `Status`, `Timestamp`, `Title`)
VALUES (@p0, @p1, @p2, @p3, @p4, @p5, @p6, @p7, @p8, @p9);
SELECT `Id`
FROM `NorthAlerts`
WHERE ROW_COUNT() = 1 AND `Id` = LAST_INSERT_ID();
2026-10-06 17:27:18 - INF - Executed DbCommand (1ms) [Parameters=[], CommandType='"Text"', CommandTimeout='30']
SELECT `c`.`Id`, `c`.`AlertId`, `c`.`Classification`, `c`.`Content`, `c`.`Lat`, `c`.`Lon`, `c`.`Priority`, `c`.`Source`, `c`.`Status`, `c`.`Timestamp`, `c`.`Title`
FROM `CenterAlerts` AS `c`
WHERE `c`.`Status` = 'WAITING'
LIMIT 1
2026-10-06 17:27:20 - INF - Executed DbCommand (2ms) [Parameters=[@p0='?' (Size = 4000), @p1='?' (Size = 4000), @p2='?' (Size = 4000), @p3='?' (DbType = Double), @p4='?' (DbType = Double), @p5='?' (Size = 4000), @p6='?' (Size = 4000), @p7='?' (Size = 4000), @p8='?' (Size = 4000), @p9='?' (Size = 4000)], CommandType='"Text"', CommandTimeout='30']
INSERT INTO `CenterAlerts` (`AlertId`, `Classification`, `Content`, `Lat`, `Lon`, `Priority`, `Source`, `Status`, `Timestamp`, `Title`)
VALUES (@p0, @p1, @p2, @p3, @p4, @p5, @p6, @p7, @p8, @p9);
SELECT `Id`
FROM `CenterAlerts`
WHERE ROW_COUNT() = 1 AND `Id` = LAST_INSERT_ID();
2026-10-06 17:27:20 - INF - Executed DbCommand (2ms) [Parameters=[], CommandType='"Text"', CommandTimeout='30']
SELECT `s`.`Id`, `s`.`AlertId`, `s`.`Classification`, `s`.`Content`, `s`.`Lat`, `s`.`Lon`, `s`.`Priority`, `s`.`Source`, `s`.`Status`, `s`.`Timestamp`, `s`.`Title`
FROM `SouthAlerts` AS `s`
WHERE `s`.`Status` = 'WAITING'
LIMIT 1
2026-10-06 17:27:28 - INF - Executed DbCommand (6ms) [Parameters=[@p0='?' (Size = 4000), @p1='?' (Size = 4000), @p2='?' (Size = 4000), @p3='?' (DbType = Double), @p4='?' (DbType = Double), @p5='?' (Size = 4000), @p6='?' (Size = 4000), @p7='?' (Size = 4000), @p8='?' (Size = 4000), @p9='?' (Size = 4000)], CommandType='"Text"', CommandTimeout='30']
INSERT INTO `SouthAlerts` (`AlertId`, `Classification`, `Content`, `Lat`, `Lon`, `Priority`, `Source`, `Status`, `Timestamp`, `Title`)
VALUES (@p0, @p1, @p2, @p3, @p4, @p5, @p6, @p7, @p8, @p9);
SELECT `Id`
FROM `SouthAlerts`
WHERE ROW_COUNT() = 1 AND `Id` = LAST_INSERT_ID();
2026-10-06 17:27:28 - INF - Executed DbCommand (1ms) [Parameters=[], CommandType='"Text"', CommandTimeout='30']
SELECT `o`.`Id`, `o`.`AlertId`, `o`.`Classification`, `o`.`Content`, `o`.`Lat`, `o`.`Lon`, `o`.`Priority`, `o`.`Source`, `o`.`Status`, `o`.`Timestamp`, `o`.`Title`
FROM `OverseasAlerts` AS `o`
WHERE `o`.`Status` = 'WAITING'
LIMIT 1
2026-10-06 17:27:35 - INF - Executed DbCommand (2ms) [Parameters=[@p0='?' (Size = 4000), @p1='?' (Size = 4000), @p2='?' (Size = 4000), @p3='?' (DbType = Double), @p4='?' (DbType = Double), @p5='?' (Size = 4000), @p6='?' (Size = 4000), @p7='?' (Size = 4000), @p8='?' (Size = 4000), @p9='?' (Size = 4000)], CommandType='"Text"', CommandTimeout='30']
INSERT INTO `OverseasAlerts` (`AlertId`, `Classification`, `Content`, `Lat`, `Lon`, `Priority`, `Source`, `Status`, `Timestamp`, `Title`)
VALUES (@p0, @p1, @p2, @p3, @p4, @p5, @p6, @p7, @p8, @p9);
SELECT `Id`
FROM `OverseasAlerts`
WHERE ROW_COUNT() = 1 AND `Id` = LAST_INSERT_ID();
2026-10-06 17:27:35 - INF - Executed DbCommand (2ms) [Parameters=[], CommandType='"Text"', CommandTimeout='30']
SELECT `n`.`Id`, `n`.`AlertId`, `n`.`Classification`, `n`.`Content`, `n`.`Lat`, `n`.`Lon`, `n`.`Priority`, `n`.`Source`, `n`.`Status`, `n`.`Timestamp`, `n`.`Title`
FROM `NorthAlerts` AS `n`
WHERE `n`.`Status` = 'WAITING'
LIMIT 1
2026-10-06 17:27:41 - INF - Executed DbCommand (2ms) [Parameters=[@p0='?' (Size = 4000), @p1='?' (Size = 4000), @p2='?' (Size = 4000), @p3='?' (DbType = Double), @p4='?' (DbType = Double), @p5='?' (Size = 4000), @p6='?' (Size = 4000), @p7='?' (Size = 4000), @p8='?' (Size = 4000), @p9='?' (Size = 4000)], CommandType='"Text"', CommandTimeout='30']
INSERT INTO `NorthAlerts` (`AlertId`, `Classification`, `Content`, `Lat`, `Lon`, `Priority`, `Source`, `Status`, `Timestamp`, `Title`)
VALUES (@p0, @p1, @p2, @p3, @p4, @p5, @p6, @p7, @p8, @p9);
SELECT `Id`
FROM `NorthAlerts`
WHERE ROW_COUNT() = 1 AND `Id` = LAST_INSERT_ID();
2026-10-06 17:27:41 - INF - Executed DbCommand (2ms) [Parameters=[], CommandType='"Text"', CommandTimeout='30']
SELECT `c`.`Id`, `c`.`AlertId`, `c`.`Classification`, `c`.`Content`, `c`.`Lat`, `c`.`Lon`, `c`.`Priority`, `c`.`Source`, `c`.`Status`, `c`.`Timestamp`, `c`.`Title`
FROM `CenterAlerts` AS `c`
WHERE `c`.`Status` = 'WAITING'
LIMIT 1
2026-10-06 17:27:43 - INF - Executed DbCommand (15ms) [Parameters=[@p0='?' (Size = 4000), @p1='?' (Size = 4000), @p2='?' (Size = 4000), @p3='?' (DbType = Double), @p4='?' (DbType = Double), @p5='?' (Size = 4000), @p6='?' (Size = 4000), @p7='?' (Size = 4000), @p8='?' (Size = 4000), @p9='?' (Size = 4000)], CommandType='"Text"', CommandTimeout='30']
INSERT INTO `CenterAlerts` (`AlertId`, `Classification`, `Content`, `Lat`, `Lon`, `Priority`, `Source`, `Status`, `Timestamp`, `Title`)
VALUES (@p0, @p1, @p2, @p3, @p4, @p5, @p6, @p7, @p8, @p9);
SELECT `Id`
FROM `CenterAlerts`
WHERE ROW_COUNT() = 1 AND `Id` = LAST_INSERT_ID();
2026-10-06 17:27:44 - INF - Executed DbCommand (112ms) [Parameters=[], CommandType='"Text"', CommandTimeout='30']
SELECT `s`.`Id`, `s`.`AlertId`, `s`.`Classification`, `s`.`Content`, `s`.`Lat`, `s`.`Lon`, `s`.`Priority`, `s`.`Source`, `s`.`Status`, `s`.`Timestamp`, `s`.`Title`
FROM `SouthAlerts` AS `s`
WHERE `s`.`Status` = 'WAITING'
LIMIT 1
2026-10-06 17:27:51 - INF - Executed DbCommand (2ms) [Parameters=[@p0='?' (Size = 4000), @p1='?' (Size = 4000), @p2='?' (Size = 4000), @p3='?' (DbType = Double), @p4='?' (DbType = Double), @p5='?' (Size = 4000), @p6='?' (Size = 4000), @p7='?' (Size = 4000), @p8='?' (Size = 4000), @p9='?' (Size = 4000)], CommandType='"Text"', CommandTimeout='30']
INSERT INTO `SouthAlerts` (`AlertId`, `Classification`, `Content`, `Lat`, `Lon`, `Priority`, `Source`, `Status`, `Timestamp`, `Title`)
VALUES (@p0, @p1, @p2, @p3, @p4, @p5, @p6, @p7, @p8, @p9);
SELECT `Id`
FROM `SouthAlerts`
WHERE ROW_COUNT() = 1 AND `Id` = LAST_INSERT_ID();
2026-10-06 17:27:51 - INF - Executed DbCommand (2ms) [Parameters=[], CommandType='"Text"', CommandTimeout='30']
SELECT `o`.`Id`, `o`.`AlertId`, `o`.`Classification`, `o`.`Content`, `o`.`Lat`, `o`.`Lon`, `o`.`Priority`, `o`.`Source`, `o`.`Status`, `o`.`Timestamp`, `o`.`Title`
FROM `OverseasAlerts` AS `o`
WHERE `o`.`Status` = 'WAITING'
LIMIT 1
2026-10-06 17:27:58 - INF - Executed DbCommand (2ms) [Parameters=[@p0='?' (Size = 4000), @p1='?' (Size = 4000), @p2='?' (Size = 4000), @p3='?' (DbType = Double), @p4='?' (DbType = Double), @p5='?' (Size = 4000), @p6='?' (Size = 4000), @p7='?' (Size = 4000), @p8='?' (Size = 4000), @p9='?' (Size = 4000)], CommandType='"Text"', CommandTimeout='30']
INSERT INTO `OverseasAlerts` (`AlertId`, `Classification`, `Content`, `Lat`, `Lon`, `Priority`, `Source`, `Status`, `Timestamp`, `Title`)
VALUES (@p0, @p1, @p2, @p3, @p4, @p5, @p6, @p7, @p8, @p9);
SELECT `Id`
FROM `OverseasAlerts`
WHERE ROW_COUNT() = 1 AND `Id` = LAST_INSERT_ID();
2026-10-06 17:27:58 - INF - Executed DbCommand (2ms) [Parameters=[], CommandType='"Text"', CommandTimeout='30']
SELECT `n`.`Id`, `n`.`AlertId`, `n`.`Classification`, `n`.`Content`, `n`.`Lat`, `n`.`Lon`, `n`.`Priority`, `n`.`Source`, `n`.`Status`, `n`.`Timestamp`, `n`.`Title`
FROM `NorthAlerts` AS `n`
WHERE `n`.`Status` = 'WAITING'
LIMIT 1
2026-10-06 17:28:04 - INF - Executed DbCommand (3ms) [Parameters=[@p0='?' (Size = 4000), @p1='?' (Size = 4000), @p2='?' (Size = 4000), @p3='?' (DbType = Double), @p4='?' (DbType = Double), @p5='?' (Size = 4000), @p6='?' (Size = 4000), @p7='?' (Size = 4000), @p8='?' (Size = 4000), @p9='?' (Size = 4000)], CommandType='"Text"', CommandTimeout='30']
INSERT INTO `NorthAlerts` (`AlertId`, `Classification`, `Content`, `Lat`, `Lon`, `Priority`, `Source`, `Status`, `Timestamp`, `Title`)
VALUES (@p0, @p1, @p2, @p3, @p4, @p5, @p6, @p7, @p8, @p9);
SELECT `Id`
FROM `NorthAlerts`
WHERE ROW_COUNT() = 1 AND `Id` = LAST_INSERT_ID();
2026-10-06 17:28:04 - INF - Executed DbCommand (2ms) [Parameters=[], CommandType='"Text"', CommandTimeout='30']
SELECT `c`.`Id`, `c`.`AlertId`, `c`.`Classification`, `c`.`Content`, `c`.`Lat`, `c`.`Lon`, `c`.`Priority`, `c`.`Source`, `c`.`Status`, `c`.`Timestamp`, `c`.`Title`
FROM `CenterAlerts` AS `c`
WHERE `c`.`Status` = 'WAITING'
LIMIT 1
2026-10-06 17:28:06 - INF - Executed DbCommand (5ms) [Parameters=[@p0='?' (Size = 4000), @p1='?' (Size = 4000), @p2='?' (Size = 4000), @p3='?' (DbType = Double), @p4='?' (DbType = Double), @p5='?' (Size = 4000), @p6='?' (Size = 4000), @p7='?' (Size = 4000), @p8='?' (Size = 4000), @p9='?' (Size = 4000)], CommandType='"Text"', CommandTimeout='30']
INSERT INTO `CenterAlerts` (`AlertId`, `Classification`, `Content`, `Lat`, `Lon`, `Priority`, `Source`, `Status`, `Timestamp`, `Title`)
VALUES (@p0, @p1, @p2, @p3, @p4, @p5, @p6, @p7, @p8, @p9);
SELECT `Id`
FROM `CenterAlerts`
WHERE ROW_COUNT() = 1 AND `Id` = LAST_INSERT_ID();
2026-10-06 17:28:06 - INF - Executed DbCommand (3ms) [Parameters=[], CommandType='"Text"', CommandTimeout='30']
SELECT `s`.`Id`, `s`.`AlertId`, `s`.`Classification`, `s`.`Content`, `s`.`Lat`, `s`.`Lon`, `s`.`Priority`, `s`.`Source`, `s`.`Status`, `s`.`Timestamp`, `s`.`Title`
FROM `SouthAlerts` AS `s`
WHERE `s`.`Status` = 'WAITING'
LIMIT 1
2026-10-06 17:28:13 - INF - Executed DbCommand (1ms) [Parameters=[@p0='?' (Size = 4000), @p1='?' (Size = 4000), @p2='?' (Size = 4000), @p3='?' (DbType = Double), @p4='?' (DbType = Double), @p5='?' (Size = 4000), @p6='?' (Size = 4000), @p7='?' (Size = 4000), @p8='?' (Size = 4000), @p9='?' (Size = 4000)], CommandType='"Text"', CommandTimeout='30']
INSERT INTO `SouthAlerts` (`AlertId`, `Classification`, `Content`, `Lat`, `Lon`, `Priority`, `Source`, `Status`, `Timestamp`, `Title`)
VALUES (@p0, @p1, @p2, @p3, @p4, @p5, @p6, @p7, @p8, @p9);
SELECT `Id`
FROM `SouthAlerts`
WHERE ROW_COUNT() = 1 AND `Id` = LAST_INSERT_ID();
2026-10-06 17:28:13 - INF - Executed DbCommand (1ms) [Parameters=[], CommandType='"Text"', CommandTimeout='30']
SELECT `o`.`Id`, `o`.`AlertId`, `o`.`Classification`, `o`.`Content`, `o`.`Lat`, `o`.`Lon`, `o`.`Priority`, `o`.`Source`, `o`.`Status`, `o`.`Timestamp`, `o`.`Title`
FROM `OverseasAlerts` AS `o`
WHERE `o`.`Status` = 'WAITING'
LIMIT 1
2026-10-06 17:28:20 - INF - Executed DbCommand (1ms) [Parameters=[@p0='?' (Size = 4000), @p1='?' (Size = 4000), @p2='?' (Size = 4000), @p3='?' (DbType = Double), @p4='?' (DbType = Double), @p5='?' (Size = 4000), @p6='?' (Size = 4000), @p7='?' (Size = 4000), @p8='?' (Size = 4000), @p9='?' (Size = 4000)], CommandType='"Text"', CommandTimeout='30']
INSERT INTO `OverseasAlerts` (`AlertId`, `Classification`, `Content`, `Lat`, `Lon`, `Priority`, `Source`, `Status`, `Timestamp`, `Title`)
VALUES (@p0, @p1, @p2, @p3, @p4, @p5, @p6, @p7, @p8, @p9);
SELECT `Id`
FROM `OverseasAlerts`
WHERE ROW_COUNT() = 1 AND `Id` = LAST_INSERT_ID();
2026-10-06 17:28:20 - INF - Executed DbCommand (1ms) [Parameters=[], CommandType='"Text"', CommandTimeout='30']
SELECT `n`.`Id`, `n`.`AlertId`, `n`.`Classification`, `n`.`Content`, `n`.`Lat`, `n`.`Lon`, `n`.`Priority`, `n`.`Source`, `n`.`Status`, `n`.`Timestamp`, `n`.`Title`
FROM `NorthAlerts` AS `n`
WHERE `n`.`Status` = 'WAITING'
LIMIT 1
2026-10-06 17:28:26 - INF - Executed DbCommand (2ms) [Parameters=[@p0='?' (Size = 4000), @p1='?' (Size = 4000), @p2='?' (Size = 4000), @p3='?' (DbType = Double), @p4='?' (DbType = Double), @p5='?' (Size = 4000), @p6='?' (Size = 4000), @p7='?' (Size = 4000), @p8='?' (Size = 4000), @p9='?' (Size = 4000)], CommandType='"Text"', CommandTimeout='30']
INSERT INTO `NorthAlerts` (`AlertId`, `Classification`, `Content`, `Lat`, `Lon`, `Priority`, `Source`, `Status`, `Timestamp`, `Title`)
VALUES (@p0, @p1, @p2, @p3, @p4, @p5, @p6, @p7, @p8, @p9);
SELECT `Id`
FROM `NorthAlerts`
WHERE ROW_COUNT() = 1 AND `Id` = LAST_INSERT_ID();
2026-10-06 17:28:26 - INF - Executed DbCommand (2ms) [Parameters=[], CommandType='"Text"', CommandTimeout='30']
SELECT `c`.`Id`, `c`.`AlertId`, `c`.`Classification`, `c`.`Content`, `c`.`Lat`, `c`.`Lon`, `c`.`Priority`, `c`.`Source`, `c`.`Status`, `c`.`Timestamp`, `c`.`Title`
FROM `CenterAlerts` AS `c`
WHERE `c`.`Status` = 'WAITING'
LIMIT 1
2026-10-06 17:28:28 - INF - Executed DbCommand (2ms) [Parameters=[@p0='?' (Size = 4000), @p1='?' (Size = 4000), @p2='?' (Size = 4000), @p3='?' (DbType = Double), @p4='?' (DbType = Double), @p5='?' (Size = 4000), @p6='?' (Size = 4000), @p7='?' (Size = 4000), @p8='?' (Size = 4000), @p9='?' (Size = 4000)], CommandType='"Text"', CommandTimeout='30']
INSERT INTO `CenterAlerts` (`AlertId`, `Classification`, `Content`, `Lat`, `Lon`, `Priority`, `Source`, `Status`, `Timestamp`, `Title`)
VALUES (@p0, @p1, @p2, @p3, @p4, @p5, @p6, @p7, @p8, @p9);
SELECT `Id`
FROM `CenterAlerts`
WHERE ROW_COUNT() = 1 AND `Id` = LAST_INSERT_ID();
2026-10-06 17:28:28 - INF - Executed DbCommand (2ms) [Parameters=[], CommandType='"Text"', CommandTimeout='30']
SELECT `s`.`Id`, `s`.`AlertId`, `s`.`Classification`, `s`.`Content`, `s`.`Lat`, `s`.`Lon`, `s`.`Priority`, `s`.`Source`, `s`.`Status`, `s`.`Timestamp`, `s`.`Title`
FROM `SouthAlerts` AS `s`
WHERE `s`.`Status` = 'WAITING'
LIMIT 1
2026-10-06 17:28:35 - INF - Executed DbCommand (3ms) [Parameters=[@p0='?' (Size = 4000), @p1='?' (Size = 4000), @p2='?' (Size = 4000), @p3='?' (DbType = Double), @p4='?' (DbType = Double), @p5='?' (Size = 4000), @p6='?' (Size = 4000), @p7='?' (Size = 4000), @p8='?' (Size = 4000), @p9='?' (Size = 4000)], CommandType='"Text"', CommandTimeout='30']
INSERT INTO `SouthAlerts` (`AlertId`, `Classification`, `Content`, `Lat`, `Lon`, `Priority`, `Source`, `Status`, `Timestamp`, `Title`)
VALUES (@p0, @p1, @p2, @p3, @p4, @p5, @p6, @p7, @p8, @p9);
SELECT `Id`
FROM `SouthAlerts`
WHERE ROW_COUNT() = 1 AND `Id` = LAST_INSERT_ID();
2026-10-06 17:28:35 - INF - Executed DbCommand (2ms) [Parameters=[], CommandType='"Text"', CommandTimeout='30']
SELECT `o`.`Id`, `o`.`AlertId`, `o`.`Classification`, `o`.`Content`, `o`.`Lat`, `o`.`Lon`, `o`.`Priority`, `o`.`Source`, `o`.`Status`, `o`.`Timestamp`, `o`.`Title`
FROM `OverseasAlerts` AS `o`
WHERE `o`.`Status` = 'WAITING'
LIMIT 1
2026-10-06 17:28:42 - INF - Executed DbCommand (2ms) [Parameters=[@p0='?' (Size = 4000), @p1='?' (Size = 4000), @p2='?' (Size = 4000), @p3='?' (DbType = Double), @p4='?' (DbType = Double), @p5='?' (Size = 4000), @p6='?' (Size = 4000), @p7='?' (Size = 4000), @p8='?' (Size = 4000), @p9='?' (Size = 4000)], CommandType='"Text"', CommandTimeout='30']
INSERT INTO `OverseasAlerts` (`AlertId`, `Classification`, `Content`, `Lat`, `Lon`, `Priority`, `Source`, `Status`, `Timestamp`, `Title`)
VALUES (@p0, @p1, @p2, @p3, @p4, @p5, @p6, @p7, @p8, @p9);
SELECT `Id`
FROM `OverseasAlerts`
WHERE ROW_COUNT() = 1 AND `Id` = LAST_INSERT_ID();
2026-10-06 17:28:42 - INF - Executed DbCommand (1ms) [Parameters=[], CommandType='"Text"', CommandTimeout='30']
SELECT `n`.`Id`, `n`.`AlertId`, `n`.`Classification`, `n`.`Content`, `n`.`Lat`, `n`.`Lon`, `n`.`Priority`, `n`.`Source`, `n`.`Status`, `n`.`Timestamp`, `n`.`Title`
FROM `NorthAlerts` AS `n`
WHERE `n`.`Status` = 'WAITING'
LIMIT 1
2026-10-06 17:28:48 - INF - Executed DbCommand (2ms) [Parameters=[@p0='?' (Size = 4000), @p1='?' (Size = 4000), @p2='?' (Size = 4000), @p3='?' (DbType = Double), @p4='?' (DbType = Double), @p5='?' (Size = 4000), @p6='?' (Size = 4000), @p7='?' (Size = 4000), @p8='?' (Size = 4000), @p9='?' (Size = 4000)], CommandType='"Text"', CommandTimeout='30']
INSERT INTO `NorthAlerts` (`AlertId`, `Classification`, `Content`, `Lat`, `Lon`, `Priority`, `Source`, `Status`, `Timestamp`, `Title`)
VALUES (@p0, @p1, @p2, @p3, @p4, @p5, @p6, @p7, @p8, @p9);
SELECT `Id`
FROM `NorthAlerts`
WHERE ROW_COUNT() = 1 AND `Id` = LAST_INSERT_ID();
2026-10-06 17:28:48 - INF - Executed DbCommand (1ms) [Parameters=[], CommandType='"Text"', CommandTimeout='30']
SELECT `c`.`Id`, `c`.`AlertId`, `c`.`Classification`, `c`.`Content`, `c`.`Lat`, `c`.`Lon`, `c`.`Priority`, `c`.`Source`, `c`.`Status`, `c`.`Timestamp`, `c`.`Title`
FROM `CenterAlerts` AS `c`
WHERE `c`.`Status` = 'WAITING'
LIMIT 1
2026-10-06 17:28:50 - INF - Executed DbCommand (4ms) [Parameters=[@p0='?' (Size = 4000), @p1='?' (Size = 4000), @p2='?' (Size = 4000), @p3='?' (DbType = Double), @p4='?' (DbType = Double), @p5='?' (Size = 4000), @p6='?' (Size = 4000), @p7='?' (Size = 4000), @p8='?' (Size = 4000), @p9='?' (Size = 4000)], CommandType='"Text"', CommandTimeout='30']
INSERT INTO `CenterAlerts` (`AlertId`, `Classification`, `Content`, `Lat`, `Lon`, `Priority`, `Source`, `Status`, `Timestamp`, `Title`)
VALUES (@p0, @p1, @p2, @p3, @p4, @p5, @p6, @p7, @p8, @p9);
SELECT `Id`
FROM `CenterAlerts`
WHERE ROW_COUNT() = 1 AND `Id` = LAST_INSERT_ID();
2026-10-06 17:29:23 - ERR - An error occurred using a transaction.
2026-10-06 17:29:26 - ERR - An exception occurred in the database while saving changes for context type 'TaskManager.Data.TaskManegerDbContext'.
MySqlConnector.MySqlException (0x80004005): The Command Timeout expired before the operation completed.
 ---> System.IO.IOException: Unable to read data from the transport connection: The I/O operation has been aborted because of either a thread exit or an application request..
 ---> System.Net.Sockets.SocketException (995): The I/O operation has been aborted because of either a thread exit or an application request.
   --- End of inner exception stack trace ---
   at System.Net.Sockets.Socket.AwaitableSocketAsyncEventArgs.ThrowException(SocketError error, CancellationToken cancellationToken)
   at System.Net.Sockets.Socket.AwaitableSocketAsyncEventArgs.System.Threading.Tasks.Sources.IValueTaskSource<System.Int32>.GetResult(Int16 token)
   at System.Net.Security.SslStream.EnsureFullTlsFrameAsync[TIOAdapter](CancellationToken cancellationToken, Int32 estimatedSize)
   at System.Runtime.CompilerServices.PoolingAsyncValueTaskMethodBuilder`1.StateMachineBox`1.System.Threading.Tasks.Sources.IValueTaskSource<TResult>.GetResult(Int16 token)
   at System.Net.Security.SslStream.ReadAsyncInternal[TIOAdapter](Memory`1 buffer, CancellationToken cancellationToken)
   at System.Runtime.CompilerServices.PoolingAsyncValueTaskMethodBuilder`1.StateMachineBox`1.System.Threading.Tasks.Sources.IValueTaskSource<TResult>.GetResult(Int16 token)
   at MySqlConnector.Protocol.Serialization.StreamByteHandler.<ReadBytesAsync>g__DoReadBytesAsync|6_2(Memory`1 buffer) in /_/src/MySqlConnector/Protocol/Serialization/StreamByteHandler.cs:line 67
   at MySqlConnector.Protocol.Serialization.StreamByteHandler.<ReadBytesAsync>g__DoReadBytesAsync|6_2(Memory`1 buffer) in /_/src/MySqlConnector/Protocol/Serialization/StreamByteHandler.cs:line 75
   at MySqlConnector.Protocol.Serialization.BufferedByteReader.ReadBytesAsync(IByteHandler byteHandler, ArraySegment`1 buffer, Int32 totalBytesToRead, IOBehavior ioBehavior) in /_/src/MySqlConnector/Protocol/Serialization/BufferedByteReader.cs:line 34
   at MySqlConnector.Protocol.Serialization.ProtocolUtility.ReadPayloadAsync(BufferedByteReader bufferedByteReader, IByteHandler byteHandler, Func`1 getNextSequenceNumber, ArraySegmentHolder`1 previousPayloads, ProtocolErrorBehavior protocolErrorBehavior, IOBehavior ioBehavior) in /_/src/MySqlConnector/Protocol/Serialization/ProtocolUtility.cs:line 421
   at MySqlConnector.Core.ServerSession.ReceiveReplyAsync(IOBehavior ioBehavior, CancellationToken cancellationToken) in /_/src/MySqlConnector/Core/ServerSession.cs:line 882
   at MySqlConnector.Core.ResultSet.ReadResultSetHeaderAsync(IOBehavior ioBehavior) in /_/src/MySqlConnector/Core/ResultSet.cs:line 37
   at MySqlConnector.MySqlDataReader.ActivateResultSet(CancellationToken cancellationToken) in /_/src/MySqlConnector/MySqlDataReader.cs:line 130
   at MySqlConnector.MySqlDataReader.InitAsync(CommandListPosition commandListPosition, ICommandPayloadCreator payloadCreator, IDictionary`2 cachedProcedures, IMySqlCommand command, CommandBehavior behavior, Activity activity, IOBehavior ioBehavior, CancellationToken cancellationToken) in /_/src/MySqlConnector/MySqlDataReader.cs:line 483
   at MySqlConnector.Core.CommandExecutor.ExecuteReaderAsync(CommandListPosition commandListPosition, ICommandPayloadCreator payloadCreator, CommandBehavior behavior, Activity activity, IOBehavior ioBehavior, CancellationToken cancellationToken) in /_/src/MySqlConnector/Core/CommandExecutor.cs:line 56
   at MySqlConnector.MySqlCommand.ExecuteNonQueryAsync(IOBehavior ioBehavior, CancellationToken cancellationToken) in /_/src/MySqlConnector/MySqlCommand.cs:line 309
   at MySqlConnector.MySqlTransaction.CommitAsync(IOBehavior ioBehavior, CancellationToken cancellationToken) in /_/src/MySqlConnector/MySqlTransaction.cs:line 36
   at Microsoft.EntityFrameworkCore.Storage.RelationalTransaction.CommitAsync(CancellationToken cancellationToken)
   at Microsoft.EntityFrameworkCore.Storage.RelationalTransaction.CommitAsync(CancellationToken cancellationToken)
   at Microsoft.EntityFrameworkCore.Update.Internal.BatchExecutor.ExecuteAsync(IEnumerable`1 commandBatches, IRelationalConnection connection, CancellationToken cancellationToken)
   at Microsoft.EntityFrameworkCore.Update.Internal.BatchExecutor.ExecuteAsync(IEnumerable`1 commandBatches, IRelationalConnection connection, CancellationToken cancellationToken)
   at Microsoft.EntityFrameworkCore.Update.Internal.BatchExecutor.ExecuteAsync(IEnumerable`1 commandBatches, IRelationalConnection connection, CancellationToken cancellationToken)
   at Microsoft.EntityFrameworkCore.ChangeTracking.Internal.StateManager.SaveChangesAsync(IList`1 entriesToSave, CancellationToken cancellationToken)
   at Microsoft.EntityFrameworkCore.ChangeTracking.Internal.StateManager.SaveChangesAsync(StateManager stateManager, Boolean acceptAllChangesOnSuccess, CancellationToken cancellationToken)
   at Pomelo.EntityFrameworkCore.MySql.Storage.Internal.MySqlExecutionStrategy.ExecuteAsync[TState,TResult](TState state, Func`4 operation, Func`4 verifySucceeded, CancellationToken cancellationToken)
   at Microsoft.EntityFrameworkCore.DbContext.SaveChangesAsync(Boolean acceptAllChangesOnSuccess, CancellationToken cancellationToken)
MySqlConnector.MySqlException (0x80004005): The Command Timeout expired before the operation completed.
 ---> System.IO.IOException: Unable to read data from the transport connection: The I/O operation has been aborted because of either a thread exit or an application request..
 ---> System.Net.Sockets.SocketException (995): The I/O operation has been aborted because of either a thread exit or an application request.
   --- End of inner exception stack trace ---
   at System.Net.Sockets.Socket.AwaitableSocketAsyncEventArgs.ThrowException(SocketError error, CancellationToken cancellationToken)
   at System.Net.Sockets.Socket.AwaitableSocketAsyncEventArgs.System.Threading.Tasks.Sources.IValueTaskSource<System.Int32>.GetResult(Int16 token)
   at System.Net.Security.SslStream.EnsureFullTlsFrameAsync[TIOAdapter](CancellationToken cancellationToken, Int32 estimatedSize)
   at System.Runtime.CompilerServices.PoolingAsyncValueTaskMethodBuilder`1.StateMachineBox`1.System.Threading.Tasks.Sources.IValueTaskSource<TResult>.GetResult(Int16 token)
   at System.Net.Security.SslStream.ReadAsyncInternal[TIOAdapter](Memory`1 buffer, CancellationToken cancellationToken)
   at System.Runtime.CompilerServices.PoolingAsyncValueTaskMethodBuilder`1.StateMachineBox`1.System.Threading.Tasks.Sources.IValueTaskSource<TResult>.GetResult(Int16 token)
   at MySqlConnector.Protocol.Serialization.StreamByteHandler.<ReadBytesAsync>g__DoReadBytesAsync|6_2(Memory`1 buffer) in /_/src/MySqlConnector/Protocol/Serialization/StreamByteHandler.cs:line 67
   at MySqlConnector.Protocol.Serialization.StreamByteHandler.<ReadBytesAsync>g__DoReadBytesAsync|6_2(Memory`1 buffer) in /_/src/MySqlConnector/Protocol/Serialization/StreamByteHandler.cs:line 75
   at MySqlConnector.Protocol.Serialization.BufferedByteReader.ReadBytesAsync(IByteHandler byteHandler, ArraySegment`1 buffer, Int32 totalBytesToRead, IOBehavior ioBehavior) in /_/src/MySqlConnector/Protocol/Serialization/BufferedByteReader.cs:line 34
   at MySqlConnector.Protocol.Serialization.ProtocolUtility.ReadPayloadAsync(BufferedByteReader bufferedByteReader, IByteHandler byteHandler, Func`1 getNextSequenceNumber, ArraySegmentHolder`1 previousPayloads, ProtocolErrorBehavior protocolErrorBehavior, IOBehavior ioBehavior) in /_/src/MySqlConnector/Protocol/Serialization/ProtocolUtility.cs:line 421
   at MySqlConnector.Core.ServerSession.ReceiveReplyAsync(IOBehavior ioBehavior, CancellationToken cancellationToken) in /_/src/MySqlConnector/Core/ServerSession.cs:line 882
   at MySqlConnector.Core.ResultSet.ReadResultSetHeaderAsync(IOBehavior ioBehavior) in /_/src/MySqlConnector/Core/ResultSet.cs:line 37
   at MySqlConnector.MySqlDataReader.ActivateResultSet(CancellationToken cancellationToken) in /_/src/MySqlConnector/MySqlDataReader.cs:line 130
   at MySqlConnector.MySqlDataReader.InitAsync(CommandListPosition commandListPosition, ICommandPayloadCreator payloadCreator, IDictionary`2 cachedProcedures, IMySqlCommand command, CommandBehavior behavior, Activity activity, IOBehavior ioBehavior, CancellationToken cancellationToken) in /_/src/MySqlConnector/MySqlDataReader.cs:line 483
   at MySqlConnector.Core.CommandExecutor.ExecuteReaderAsync(CommandListPosition commandListPosition, ICommandPayloadCreator payloadCreator, CommandBehavior behavior, Activity activity, IOBehavior ioBehavior, CancellationToken cancellationToken) in /_/src/MySqlConnector/Core/CommandExecutor.cs:line 56
   at MySqlConnector.MySqlCommand.ExecuteNonQueryAsync(IOBehavior ioBehavior, CancellationToken cancellationToken) in /_/src/MySqlConnector/MySqlCommand.cs:line 309
   at MySqlConnector.MySqlTransaction.CommitAsync(IOBehavior ioBehavior, CancellationToken cancellationToken) in /_/src/MySqlConnector/MySqlTransaction.cs:line 36
   at Microsoft.EntityFrameworkCore.Storage.RelationalTransaction.CommitAsync(CancellationToken cancellationToken)
   at Microsoft.EntityFrameworkCore.Storage.RelationalTransaction.CommitAsync(CancellationToken cancellationToken)
   at Microsoft.EntityFrameworkCore.Update.Internal.BatchExecutor.ExecuteAsync(IEnumerable`1 commandBatches, IRelationalConnection connection, CancellationToken cancellationToken)
   at Microsoft.EntityFrameworkCore.Update.Internal.BatchExecutor.ExecuteAsync(IEnumerable`1 commandBatches, IRelationalConnection connection, CancellationToken cancellationToken)
   at Microsoft.EntityFrameworkCore.Update.Internal.BatchExecutor.ExecuteAsync(IEnumerable`1 commandBatches, IRelationalConnection connection, CancellationToken cancellationToken)
   at Microsoft.EntityFrameworkCore.ChangeTracking.Internal.StateManager.SaveChangesAsync(IList`1 entriesToSave, CancellationToken cancellationToken)
   at Microsoft.EntityFrameworkCore.ChangeTracking.Internal.StateManager.SaveChangesAsync(StateManager stateManager, Boolean acceptAllChangesOnSuccess, CancellationToken cancellationToken)
   at Pomelo.EntityFrameworkCore.MySql.Storage.Internal.MySqlExecutionStrategy.ExecuteAsync[TState,TResult](TState state, Func`4 operation, Func`4 verifySucceeded, CancellationToken cancellationToken)
   at Microsoft.EntityFrameworkCore.DbContext.SaveChangesAsync(Boolean acceptAllChangesOnSuccess, CancellationToken cancellationToken)
2026-10-06 17:29:26 - ERR - Error while processing alerts: MySqlConnector.MySqlException (0x80004005): The Command Timeout expired before the operation completed.
 ---> System.IO.IOException: Unable to read data from the transport connection: The I/O operation has been aborted because of either a thread exit or an application request..
 ---> System.Net.Sockets.SocketException (995): The I/O operation has been aborted because of either a thread exit or an application request.
   --- End of inner exception stack trace ---
   at System.Net.Sockets.Socket.AwaitableSocketAsyncEventArgs.ThrowException(SocketError error, CancellationToken cancellationToken)
   at System.Net.Sockets.Socket.AwaitableSocketAsyncEventArgs.System.Threading.Tasks.Sources.IValueTaskSource<System.Int32>.GetResult(Int16 token)
   at System.Net.Security.SslStream.EnsureFullTlsFrameAsync[TIOAdapter](CancellationToken cancellationToken, Int32 estimatedSize)
   at System.Runtime.CompilerServices.PoolingAsyncValueTaskMethodBuilder`1.StateMachineBox`1.System.Threading.Tasks.Sources.IValueTaskSource<TResult>.GetResult(Int16 token)
   at System.Net.Security.SslStream.ReadAsyncInternal[TIOAdapter](Memory`1 buffer, CancellationToken cancellationToken)
   at System.Runtime.CompilerServices.PoolingAsyncValueTaskMethodBuilder`1.StateMachineBox`1.System.Threading.Tasks.Sources.IValueTaskSource<TResult>.GetResult(Int16 token)
   at MySqlConnector.Protocol.Serialization.StreamByteHandler.<ReadBytesAsync>g__DoReadBytesAsync|6_2(Memory`1 buffer) in /_/src/MySqlConnector/Protocol/Serialization/StreamByteHandler.cs:line 67
   at MySqlConnector.Protocol.Serialization.StreamByteHandler.<ReadBytesAsync>g__DoReadBytesAsync|6_2(Memory`1 buffer) in /_/src/MySqlConnector/Protocol/Serialization/StreamByteHandler.cs:line 75
   at MySqlConnector.Protocol.Serialization.BufferedByteReader.ReadBytesAsync(IByteHandler byteHandler, ArraySegment`1 buffer, Int32 totalBytesToRead, IOBehavior ioBehavior) in /_/src/MySqlConnector/Protocol/Serialization/BufferedByteReader.cs:line 34
   at MySqlConnector.Protocol.Serialization.ProtocolUtility.ReadPayloadAsync(BufferedByteReader bufferedByteReader, IByteHandler byteHandler, Func`1 getNextSequenceNumber, ArraySegmentHolder`1 previousPayloads, ProtocolErrorBehavior protocolErrorBehavior, IOBehavior ioBehavior) in /_/src/MySqlConnector/Protocol/Serialization/ProtocolUtility.cs:line 421
   at MySqlConnector.Core.ServerSession.ReceiveReplyAsync(IOBehavior ioBehavior, CancellationToken cancellationToken) in /_/src/MySqlConnector/Core/ServerSession.cs:line 882
   at MySqlConnector.Core.ResultSet.ReadResultSetHeaderAsync(IOBehavior ioBehavior) in /_/src/MySqlConnector/Core/ResultSet.cs:line 37
   at MySqlConnector.MySqlDataReader.ActivateResultSet(CancellationToken cancellationToken) in /_/src/MySqlConnector/MySqlDataReader.cs:line 130
   at MySqlConnector.MySqlDataReader.InitAsync(CommandListPosition commandListPosition, ICommandPayloadCreator payloadCreator, IDictionary`2 cachedProcedures, IMySqlCommand command, CommandBehavior behavior, Activity activity, IOBehavior ioBehavior, CancellationToken cancellationToken) in /_/src/MySqlConnector/MySqlDataReader.cs:line 483
   at MySqlConnector.Core.CommandExecutor.ExecuteReaderAsync(CommandListPosition commandListPosition, ICommandPayloadCreator payloadCreator, CommandBehavior behavior, Activity activity, IOBehavior ioBehavior, CancellationToken cancellationToken) in /_/src/MySqlConnector/Core/CommandExecutor.cs:line 56
   at MySqlConnector.MySqlCommand.ExecuteNonQueryAsync(IOBehavior ioBehavior, CancellationToken cancellationToken) in /_/src/MySqlConnector/MySqlCommand.cs:line 309
   at MySqlConnector.MySqlTransaction.CommitAsync(IOBehavior ioBehavior, CancellationToken cancellationToken) in /_/src/MySqlConnector/MySqlTransaction.cs:line 36
   at Microsoft.EntityFrameworkCore.Storage.RelationalTransaction.CommitAsync(CancellationToken cancellationToken)
   at Microsoft.EntityFrameworkCore.Storage.RelationalTransaction.CommitAsync(CancellationToken cancellationToken)
   at Microsoft.EntityFrameworkCore.Update.Internal.BatchExecutor.ExecuteAsync(IEnumerable`1 commandBatches, IRelationalConnection connection, CancellationToken cancellationToken)
   at Microsoft.EntityFrameworkCore.Update.Internal.BatchExecutor.ExecuteAsync(IEnumerable`1 commandBatches, IRelationalConnection connection, CancellationToken cancellationToken)
   at Microsoft.EntityFrameworkCore.Update.Internal.BatchExecutor.ExecuteAsync(IEnumerable`1 commandBatches, IRelationalConnection connection, CancellationToken cancellationToken)
   at Microsoft.EntityFrameworkCore.ChangeTracking.Internal.StateManager.SaveChangesAsync(IList`1 entriesToSave, CancellationToken cancellationToken)
   at Microsoft.EntityFrameworkCore.ChangeTracking.Internal.StateManager.SaveChangesAsync(StateManager stateManager, Boolean acceptAllChangesOnSuccess, CancellationToken cancellationToken)
   at Pomelo.EntityFrameworkCore.MySql.Storage.Internal.MySqlExecutionStrategy.ExecuteAsync[TState,TResult](TState state, Func`4 operation, Func`4 verifySucceeded, CancellationToken cancellationToken)
   at Microsoft.EntityFrameworkCore.DbContext.SaveChangesAsync(Boolean acceptAllChangesOnSuccess, CancellationToken cancellationToken)
   at Microsoft.EntityFrameworkCore.DbContext.SaveChangesAsync(Boolean acceptAllChangesOnSuccess, CancellationToken cancellationToken)
   at CommandDb.Handlers.SqlHandler.Execute() in C:\Users\Yonil\source\repos\KolAman\TaskManager\Handlers\SqlHandler.cs:line 97
   at TaskManager.TaskManagerService.ManageTasksAsync.ExecuteAsync(CancellationToken stoppingToken) in C:\Users\Yonil\source\repos\KolAman\TaskManager\TaskManagerService\ManageTasksAsync.cs:line 42
2026-10-06 18:17:35 - INF - Executed DbCommand (19ms) [Parameters=[], CommandType='"Text"', CommandTimeout='30']
SELECT CASE WHEN COUNT(*) = 0 THEN FALSE ELSE TRUE END
FROM information_schema.tables
WHERE table_type = 'BASE TABLE' AND table_schema = 'CommandCenterDb'
2026-10-06 18:17:36 - INF - Executed DbCommand (16ms) [Parameters=[], CommandType='"Text"', CommandTimeout='30']
SELECT `n`.`Id`, `n`.`AlertId`, `n`.`Classification`, `n`.`Content`, `n`.`Lat`, `n`.`Lon`, `n`.`Priority`, `n`.`Source`, `n`.`Status`, `n`.`Timestamp`, `n`.`Title`
FROM `NorthAlerts` AS `n`
WHERE `n`.`Status` = 'WAITING'
LIMIT 1
2026-10-06 18:17:36 - INF - Application started. Press Ctrl+C to shut down.
2026-10-06 18:17:36 - INF - Hosting environment: Production
2026-10-06 18:17:36 - INF - Content root path: C:\Users\Yonil\source\repos\KolAman\TaskManager
2026-10-06 18:17:36 - INF - Executed DbCommand (60ms) [Parameters=[@__title_0='?' (Size = 4000)], CommandType='"Text"', CommandTimeout='30']
SELECT `s`.`Id`, `s`.`AlertId`, `s`.`Classification`, `s`.`Content`, `s`.`Lat`, `s`.`Lon`, `s`.`Priority`, `s`.`Source`, `s`.`Status`, `s`.`Timestamp`, `s`.`Title`
FROM `SouthAlerts` AS `s`
WHERE `s`.`Title` = @__title_0
LIMIT 1
2026-10-06 18:17:36 - INF - Executed DbCommand (4ms) [Parameters=[@__title_0='?' (Size = 4000)], CommandType='"Text"', CommandTimeout='30']
SELECT `c`.`Id`, `c`.`AlertId`, `c`.`Classification`, `c`.`Content`, `c`.`Lat`, `c`.`Lon`, `c`.`Priority`, `c`.`Source`, `c`.`Status`, `c`.`Timestamp`, `c`.`Title`
FROM `CenterAlerts` AS `c`
WHERE `c`.`Title` = @__title_0
LIMIT 1
2026-10-06 18:17:36 - INF - Executed DbCommand (1ms) [Parameters=[@__title_0='?' (Size = 4000)], CommandType='"Text"', CommandTimeout='30']
SELECT `o`.`Id`, `o`.`AlertId`, `o`.`Classification`, `o`.`Content`, `o`.`Lat`, `o`.`Lon`, `o`.`Priority`, `o`.`Source`, `o`.`Status`, `o`.`Timestamp`, `o`.`Title`
FROM `OverseasAlerts` AS `o`
WHERE `o`.`Title` = @__title_0
LIMIT 1
2026-10-06 18:17:36 - FTL - same Alerts to all comands! ירי רקטות וטילים
2026-10-06 18:17:42 - INF - Executed DbCommand (4ms) [Parameters=[@p0='?' (Size = 4000), @p1='?' (Size = 4000), @p2='?' (Size = 4000), @p3='?' (DbType = Double), @p4='?' (DbType = Double), @p5='?' (Size = 4000), @p6='?' (Size = 4000), @p7='?' (Size = 4000), @p8='?' (Size = 4000), @p9='?' (Size = 4000)], CommandType='"Text"', CommandTimeout='30']
INSERT INTO `NorthAlerts` (`AlertId`, `Classification`, `Content`, `Lat`, `Lon`, `Priority`, `Source`, `Status`, `Timestamp`, `Title`)
VALUES (@p0, @p1, @p2, @p3, @p4, @p5, @p6, @p7, @p8, @p9);
SELECT `Id`
FROM `NorthAlerts`
WHERE ROW_COUNT() = 1 AND `Id` = LAST_INSERT_ID();
2026-10-06 18:17:42 - INF - Executed DbCommand (2ms) [Parameters=[], CommandType='"Text"', CommandTimeout='30']
SELECT `c`.`Id`, `c`.`AlertId`, `c`.`Classification`, `c`.`Content`, `c`.`Lat`, `c`.`Lon`, `c`.`Priority`, `c`.`Source`, `c`.`Status`, `c`.`Timestamp`, `c`.`Title`
FROM `CenterAlerts` AS `c`
WHERE `c`.`Status` = 'WAITING'
LIMIT 1
2026-10-06 18:17:42 - INF - Executed DbCommand (2ms) [Parameters=[@__title_0='?' (Size = 4000)], CommandType='"Text"', CommandTimeout='30']
SELECT `s`.`Id`, `s`.`AlertId`, `s`.`Classification`, `s`.`Content`, `s`.`Lat`, `s`.`Lon`, `s`.`Priority`, `s`.`Source`, `s`.`Status`, `s`.`Timestamp`, `s`.`Title`
FROM `SouthAlerts` AS `s`
WHERE `s`.`Title` = @__title_0
LIMIT 1
2026-10-06 18:17:42 - INF - Executed DbCommand (2ms) [Parameters=[@__title_0='?' (Size = 4000)], CommandType='"Text"', CommandTimeout='30']
SELECT `n`.`Id`, `n`.`AlertId`, `n`.`Classification`, `n`.`Content`, `n`.`Lat`, `n`.`Lon`, `n`.`Priority`, `n`.`Source`, `n`.`Status`, `n`.`Timestamp`, `n`.`Title`
FROM `NorthAlerts` AS `n`
WHERE `n`.`Title` = @__title_0
LIMIT 1
2026-10-06 18:17:42 - INF - Executed DbCommand (2ms) [Parameters=[@__title_0='?' (Size = 4000)], CommandType='"Text"', CommandTimeout='30']
SELECT `o`.`Id`, `o`.`AlertId`, `o`.`Classification`, `o`.`Content`, `o`.`Lat`, `o`.`Lon`, `o`.`Priority`, `o`.`Source`, `o`.`Status`, `o`.`Timestamp`, `o`.`Title`
FROM `OverseasAlerts` AS `o`
WHERE `o`.`Title` = @__title_0
LIMIT 1
2026-10-06 18:17:44 - INF - Executed DbCommand (3ms) [Parameters=[@p0='?' (Size = 4000), @p1='?' (Size = 4000), @p2='?' (Size = 4000), @p3='?' (DbType = Double), @p4='?' (DbType = Double), @p5='?' (Size = 4000), @p6='?' (Size = 4000), @p7='?' (Size = 4000), @p8='?' (Size = 4000), @p9='?' (Size = 4000)], CommandType='"Text"', CommandTimeout='30']
INSERT INTO `CenterAlerts` (`AlertId`, `Classification`, `Content`, `Lat`, `Lon`, `Priority`, `Source`, `Status`, `Timestamp`, `Title`)
VALUES (@p0, @p1, @p2, @p3, @p4, @p5, @p6, @p7, @p8, @p9);
SELECT `Id`
FROM `CenterAlerts`
WHERE ROW_COUNT() = 1 AND `Id` = LAST_INSERT_ID();
2026-10-06 18:17:44 - INF - Executed DbCommand (1ms) [Parameters=[], CommandType='"Text"', CommandTimeout='30']
SELECT `s`.`Id`, `s`.`AlertId`, `s`.`Classification`, `s`.`Content`, `s`.`Lat`, `s`.`Lon`, `s`.`Priority`, `s`.`Source`, `s`.`Status`, `s`.`Timestamp`, `s`.`Title`
FROM `SouthAlerts` AS `s`
WHERE `s`.`Status` = 'WAITING'
LIMIT 1
2026-10-06 18:17:44 - INF - Executed DbCommand (2ms) [Parameters=[@__title_0='?' (Size = 4000)], CommandType='"Text"', CommandTimeout='30']
SELECT `c`.`Id`, `c`.`AlertId`, `c`.`Classification`, `c`.`Content`, `c`.`Lat`, `c`.`Lon`, `c`.`Priority`, `c`.`Source`, `c`.`Status`, `c`.`Timestamp`, `c`.`Title`
FROM `CenterAlerts` AS `c`
WHERE `c`.`Title` = @__title_0
LIMIT 1
2026-10-06 18:17:44 - INF - Executed DbCommand (1ms) [Parameters=[@__title_0='?' (Size = 4000)], CommandType='"Text"', CommandTimeout='30']
SELECT `n`.`Id`, `n`.`AlertId`, `n`.`Classification`, `n`.`Content`, `n`.`Lat`, `n`.`Lon`, `n`.`Priority`, `n`.`Source`, `n`.`Status`, `n`.`Timestamp`, `n`.`Title`
FROM `NorthAlerts` AS `n`
WHERE `n`.`Title` = @__title_0
LIMIT 1
2026-10-06 18:17:44 - INF - Executed DbCommand (1ms) [Parameters=[@__title_0='?' (Size = 4000)], CommandType='"Text"', CommandTimeout='30']
SELECT `o`.`Id`, `o`.`AlertId`, `o`.`Classification`, `o`.`Content`, `o`.`Lat`, `o`.`Lon`, `o`.`Priority`, `o`.`Source`, `o`.`Status`, `o`.`Timestamp`, `o`.`Title`
FROM `OverseasAlerts` AS `o`
WHERE `o`.`Title` = @__title_0
LIMIT 1
2026-10-06 18:17:51 - INF - Executed DbCommand (3ms) [Parameters=[@p0='?' (Size = 4000), @p1='?' (Size = 4000), @p2='?' (Size = 4000), @p3='?' (DbType = Double), @p4='?' (DbType = Double), @p5='?' (Size = 4000), @p6='?' (Size = 4000), @p7='?' (Size = 4000), @p8='?' (Size = 4000), @p9='?' (Size = 4000)], CommandType='"Text"', CommandTimeout='30']
INSERT INTO `SouthAlerts` (`AlertId`, `Classification`, `Content`, `Lat`, `Lon`, `Priority`, `Source`, `Status`, `Timestamp`, `Title`)
VALUES (@p0, @p1, @p2, @p3, @p4, @p5, @p6, @p7, @p8, @p9);
SELECT `Id`
FROM `SouthAlerts`
WHERE ROW_COUNT() = 1 AND `Id` = LAST_INSERT_ID();
2026-10-06 18:17:52 - INF - Executed DbCommand (12ms) [Parameters=[], CommandType='"Text"', CommandTimeout='30']
SELECT `o`.`Id`, `o`.`AlertId`, `o`.`Classification`, `o`.`Content`, `o`.`Lat`, `o`.`Lon`, `o`.`Priority`, `o`.`Source`, `o`.`Status`, `o`.`Timestamp`, `o`.`Title`
FROM `OverseasAlerts` AS `o`
WHERE `o`.`Status` = 'WAITING'
LIMIT 1
2026-10-06 18:17:52 - INF - Executed DbCommand (7ms) [Parameters=[@__title_0='?' (Size = 4000)], CommandType='"Text"', CommandTimeout='30']
SELECT `c`.`Id`, `c`.`AlertId`, `c`.`Classification`, `c`.`Content`, `c`.`Lat`, `c`.`Lon`, `c`.`Priority`, `c`.`Source`, `c`.`Status`, `c`.`Timestamp`, `c`.`Title`
FROM `CenterAlerts` AS `c`
WHERE `c`.`Title` = @__title_0
LIMIT 1
2026-10-06 18:17:52 - INF - Executed DbCommand (3ms) [Parameters=[@__title_0='?' (Size = 4000)], CommandType='"Text"', CommandTimeout='30']
SELECT `n`.`Id`, `n`.`AlertId`, `n`.`Classification`, `n`.`Content`, `n`.`Lat`, `n`.`Lon`, `n`.`Priority`, `n`.`Source`, `n`.`Status`, `n`.`Timestamp`, `n`.`Title`
FROM `NorthAlerts` AS `n`
WHERE `n`.`Title` = @__title_0
LIMIT 1
2026-10-06 18:17:52 - INF - Executed DbCommand (1ms) [Parameters=[@__title_0='?' (Size = 4000)], CommandType='"Text"', CommandTimeout='30']
SELECT `o`.`Id`, `o`.`AlertId`, `o`.`Classification`, `o`.`Content`, `o`.`Lat`, `o`.`Lon`, `o`.`Priority`, `o`.`Source`, `o`.`Status`, `o`.`Timestamp`, `o`.`Title`
FROM `OverseasAlerts` AS `o`
WHERE `o`.`Title` = @__title_0
LIMIT 1
2026-10-06 18:17:59 - INF - Executed DbCommand (2ms) [Parameters=[@p0='?' (Size = 4000), @p1='?' (Size = 4000), @p2='?' (Size = 4000), @p3='?' (DbType = Double), @p4='?' (DbType = Double), @p5='?' (Size = 4000), @p6='?' (Size = 4000), @p7='?' (Size = 4000), @p8='?' (Size = 4000), @p9='?' (Size = 4000)], CommandType='"Text"', CommandTimeout='30']
INSERT INTO `OverseasAlerts` (`AlertId`, `Classification`, `Content`, `Lat`, `Lon`, `Priority`, `Source`, `Status`, `Timestamp`, `Title`)
VALUES (@p0, @p1, @p2, @p3, @p4, @p5, @p6, @p7, @p8, @p9);
SELECT `Id`
FROM `OverseasAlerts`
WHERE ROW_COUNT() = 1 AND `Id` = LAST_INSERT_ID();
2026-10-06 18:17:59 - INF - Executed DbCommand (1ms) [Parameters=[], CommandType='"Text"', CommandTimeout='30']
SELECT `n`.`Id`, `n`.`AlertId`, `n`.`Classification`, `n`.`Content`, `n`.`Lat`, `n`.`Lon`, `n`.`Priority`, `n`.`Source`, `n`.`Status`, `n`.`Timestamp`, `n`.`Title`
FROM `NorthAlerts` AS `n`
WHERE `n`.`Status` = 'WAITING'
LIMIT 1
2026-10-06 18:17:59 - INF - Executed DbCommand (1ms) [Parameters=[@__title_0='?' (Size = 4000)], CommandType='"Text"', CommandTimeout='30']
SELECT `s`.`Id`, `s`.`AlertId`, `s`.`Classification`, `s`.`Content`, `s`.`Lat`, `s`.`Lon`, `s`.`Priority`, `s`.`Source`, `s`.`Status`, `s`.`Timestamp`, `s`.`Title`
FROM `SouthAlerts` AS `s`
WHERE `s`.`Title` = @__title_0
LIMIT 1
2026-10-06 18:17:59 - INF - Executed DbCommand (1ms) [Parameters=[@__title_0='?' (Size = 4000)], CommandType='"Text"', CommandTimeout='30']
SELECT `c`.`Id`, `c`.`AlertId`, `c`.`Classification`, `c`.`Content`, `c`.`Lat`, `c`.`Lon`, `c`.`Priority`, `c`.`Source`, `c`.`Status`, `c`.`Timestamp`, `c`.`Title`
FROM `CenterAlerts` AS `c`
WHERE `c`.`Title` = @__title_0
LIMIT 1
2026-10-06 18:17:59 - INF - Executed DbCommand (1ms) [Parameters=[@__title_0='?' (Size = 4000)], CommandType='"Text"', CommandTimeout='30']
SELECT `o`.`Id`, `o`.`AlertId`, `o`.`Classification`, `o`.`Content`, `o`.`Lat`, `o`.`Lon`, `o`.`Priority`, `o`.`Source`, `o`.`Status`, `o`.`Timestamp`, `o`.`Title`
FROM `OverseasAlerts` AS `o`
WHERE `o`.`Title` = @__title_0
LIMIT 1
2026-10-06 18:17:59 - FTL - same Alerts to all comands! ירי רקטות וטילים
2026-10-06 18:18:05 - INF - Executed DbCommand (3ms) [Parameters=[@p0='?' (Size = 4000), @p1='?' (Size = 4000), @p2='?' (Size = 4000), @p3='?' (DbType = Double), @p4='?' (DbType = Double), @p5='?' (Size = 4000), @p6='?' (Size = 4000), @p7='?' (Size = 4000), @p8='?' (Size = 4000), @p9='?' (Size = 4000)], CommandType='"Text"', CommandTimeout='30']
INSERT INTO `NorthAlerts` (`AlertId`, `Classification`, `Content`, `Lat`, `Lon`, `Priority`, `Source`, `Status`, `Timestamp`, `Title`)
VALUES (@p0, @p1, @p2, @p3, @p4, @p5, @p6, @p7, @p8, @p9);
SELECT `Id`
FROM `NorthAlerts`
WHERE ROW_COUNT() = 1 AND `Id` = LAST_INSERT_ID();
2026-10-06 18:18:05 - INF - Executed DbCommand (2ms) [Parameters=[], CommandType='"Text"', CommandTimeout='30']
SELECT `c`.`Id`, `c`.`AlertId`, `c`.`Classification`, `c`.`Content`, `c`.`Lat`, `c`.`Lon`, `c`.`Priority`, `c`.`Source`, `c`.`Status`, `c`.`Timestamp`, `c`.`Title`
FROM `CenterAlerts` AS `c`
WHERE `c`.`Status` = 'WAITING'
LIMIT 1
2026-10-06 18:18:05 - INF - Executed DbCommand (2ms) [Parameters=[@__title_0='?' (Size = 4000)], CommandType='"Text"', CommandTimeout='30']
SELECT `s`.`Id`, `s`.`AlertId`, `s`.`Classification`, `s`.`Content`, `s`.`Lat`, `s`.`Lon`, `s`.`Priority`, `s`.`Source`, `s`.`Status`, `s`.`Timestamp`, `s`.`Title`
FROM `SouthAlerts` AS `s`
WHERE `s`.`Title` = @__title_0
LIMIT 1
2026-10-06 18:18:05 - INF - Executed DbCommand (2ms) [Parameters=[@__title_0='?' (Size = 4000)], CommandType='"Text"', CommandTimeout='30']
SELECT `n`.`Id`, `n`.`AlertId`, `n`.`Classification`, `n`.`Content`, `n`.`Lat`, `n`.`Lon`, `n`.`Priority`, `n`.`Source`, `n`.`Status`, `n`.`Timestamp`, `n`.`Title`
FROM `NorthAlerts` AS `n`
WHERE `n`.`Title` = @__title_0
LIMIT 1
2026-10-06 18:18:05 - INF - Executed DbCommand (2ms) [Parameters=[@__title_0='?' (Size = 4000)], CommandType='"Text"', CommandTimeout='30']
SELECT `o`.`Id`, `o`.`AlertId`, `o`.`Classification`, `o`.`Content`, `o`.`Lat`, `o`.`Lon`, `o`.`Priority`, `o`.`Source`, `o`.`Status`, `o`.`Timestamp`, `o`.`Title`
FROM `OverseasAlerts` AS `o`
WHERE `o`.`Title` = @__title_0
LIMIT 1
2026-10-06 18:18:07 - INF - Executed DbCommand (3ms) [Parameters=[@p0='?' (Size = 4000), @p1='?' (Size = 4000), @p2='?' (Size = 4000), @p3='?' (DbType = Double), @p4='?' (DbType = Double), @p5='?' (Size = 4000), @p6='?' (Size = 4000), @p7='?' (Size = 4000), @p8='?' (Size = 4000), @p9='?' (Size = 4000)], CommandType='"Text"', CommandTimeout='30']
INSERT INTO `CenterAlerts` (`AlertId`, `Classification`, `Content`, `Lat`, `Lon`, `Priority`, `Source`, `Status`, `Timestamp`, `Title`)
VALUES (@p0, @p1, @p2, @p3, @p4, @p5, @p6, @p7, @p8, @p9);
SELECT `Id`
FROM `CenterAlerts`
WHERE ROW_COUNT() = 1 AND `Id` = LAST_INSERT_ID();
2026-10-06 18:18:07 - INF - Executed DbCommand (3ms) [Parameters=[], CommandType='"Text"', CommandTimeout='30']
SELECT `s`.`Id`, `s`.`AlertId`, `s`.`Classification`, `s`.`Content`, `s`.`Lat`, `s`.`Lon`, `s`.`Priority`, `s`.`Source`, `s`.`Status`, `s`.`Timestamp`, `s`.`Title`
FROM `SouthAlerts` AS `s`
WHERE `s`.`Status` = 'WAITING'
LIMIT 1
2026-10-06 18:18:07 - INF - Executed DbCommand (2ms) [Parameters=[@__title_0='?' (Size = 4000)], CommandType='"Text"', CommandTimeout='30']
SELECT `c`.`Id`, `c`.`AlertId`, `c`.`Classification`, `c`.`Content`, `c`.`Lat`, `c`.`Lon`, `c`.`Priority`, `c`.`Source`, `c`.`Status`, `c`.`Timestamp`, `c`.`Title`
FROM `CenterAlerts` AS `c`
WHERE `c`.`Title` = @__title_0
LIMIT 1
2026-10-06 18:18:07 - INF - Executed DbCommand (3ms) [Parameters=[@__title_0='?' (Size = 4000)], CommandType='"Text"', CommandTimeout='30']
SELECT `n`.`Id`, `n`.`AlertId`, `n`.`Classification`, `n`.`Content`, `n`.`Lat`, `n`.`Lon`, `n`.`Priority`, `n`.`Source`, `n`.`Status`, `n`.`Timestamp`, `n`.`Title`
FROM `NorthAlerts` AS `n`
WHERE `n`.`Title` = @__title_0
LIMIT 1
2026-10-06 18:18:07 - INF - Executed DbCommand (3ms) [Parameters=[@__title_0='?' (Size = 4000)], CommandType='"Text"', CommandTimeout='30']
SELECT `o`.`Id`, `o`.`AlertId`, `o`.`Classification`, `o`.`Content`, `o`.`Lat`, `o`.`Lon`, `o`.`Priority`, `o`.`Source`, `o`.`Status`, `o`.`Timestamp`, `o`.`Title`
FROM `OverseasAlerts` AS `o`
WHERE `o`.`Title` = @__title_0
LIMIT 1
2026-10-06 18:18:14 - INF - Executed DbCommand (10ms) [Parameters=[@p0='?' (Size = 4000), @p1='?' (Size = 4000), @p2='?' (Size = 4000), @p3='?' (DbType = Double), @p4='?' (DbType = Double), @p5='?' (Size = 4000), @p6='?' (Size = 4000), @p7='?' (Size = 4000), @p8='?' (Size = 4000), @p9='?' (Size = 4000)], CommandType='"Text"', CommandTimeout='30']
INSERT INTO `SouthAlerts` (`AlertId`, `Classification`, `Content`, `Lat`, `Lon`, `Priority`, `Source`, `Status`, `Timestamp`, `Title`)
VALUES (@p0, @p1, @p2, @p3, @p4, @p5, @p6, @p7, @p8, @p9);
SELECT `Id`
FROM `SouthAlerts`
WHERE ROW_COUNT() = 1 AND `Id` = LAST_INSERT_ID();
2026-10-06 18:18:14 - INF - Executed DbCommand (2ms) [Parameters=[], CommandType='"Text"', CommandTimeout='30']
SELECT `o`.`Id`, `o`.`AlertId`, `o`.`Classification`, `o`.`Content`, `o`.`Lat`, `o`.`Lon`, `o`.`Priority`, `o`.`Source`, `o`.`Status`, `o`.`Timestamp`, `o`.`Title`
FROM `OverseasAlerts` AS `o`
WHERE `o`.`Status` = 'WAITING'
LIMIT 1
2026-10-06 18:18:14 - INF - Executed DbCommand (2ms) [Parameters=[@__title_0='?' (Size = 4000)], CommandType='"Text"', CommandTimeout='30']
SELECT `c`.`Id`, `c`.`AlertId`, `c`.`Classification`, `c`.`Content`, `c`.`Lat`, `c`.`Lon`, `c`.`Priority`, `c`.`Source`, `c`.`Status`, `c`.`Timestamp`, `c`.`Title`
FROM `CenterAlerts` AS `c`
WHERE `c`.`Title` = @__title_0
LIMIT 1
2026-10-06 18:18:14 - INF - Executed DbCommand (2ms) [Parameters=[@__title_0='?' (Size = 4000)], CommandType='"Text"', CommandTimeout='30']
SELECT `n`.`Id`, `n`.`AlertId`, `n`.`Classification`, `n`.`Content`, `n`.`Lat`, `n`.`Lon`, `n`.`Priority`, `n`.`Source`, `n`.`Status`, `n`.`Timestamp`, `n`.`Title`
FROM `NorthAlerts` AS `n`
WHERE `n`.`Title` = @__title_0
LIMIT 1
2026-10-06 18:18:14 - INF - Executed DbCommand (2ms) [Parameters=[@__title_0='?' (Size = 4000)], CommandType='"Text"', CommandTimeout='30']
SELECT `o`.`Id`, `o`.`AlertId`, `o`.`Classification`, `o`.`Content`, `o`.`Lat`, `o`.`Lon`, `o`.`Priority`, `o`.`Source`, `o`.`Status`, `o`.`Timestamp`, `o`.`Title`
FROM `OverseasAlerts` AS `o`
WHERE `o`.`Title` = @__title_0
LIMIT 1
2026-10-06 18:18:21 - INF - Executed DbCommand (4ms) [Parameters=[@p0='?' (Size = 4000), @p1='?' (Size = 4000), @p2='?' (Size = 4000), @p3='?' (DbType = Double), @p4='?' (DbType = Double), @p5='?' (Size = 4000), @p6='?' (Size = 4000), @p7='?' (Size = 4000), @p8='?' (Size = 4000), @p9='?' (Size = 4000)], CommandType='"Text"', CommandTimeout='30']
INSERT INTO `OverseasAlerts` (`AlertId`, `Classification`, `Content`, `Lat`, `Lon`, `Priority`, `Source`, `Status`, `Timestamp`, `Title`)
VALUES (@p0, @p1, @p2, @p3, @p4, @p5, @p6, @p7, @p8, @p9);
SELECT `Id`
FROM `OverseasAlerts`
WHERE ROW_COUNT() = 1 AND `Id` = LAST_INSERT_ID();
2026-10-06 18:18:21 - INF - Executed DbCommand (2ms) [Parameters=[], CommandType='"Text"', CommandTimeout='30']
SELECT `n`.`Id`, `n`.`AlertId`, `n`.`Classification`, `n`.`Content`, `n`.`Lat`, `n`.`Lon`, `n`.`Priority`, `n`.`Source`, `n`.`Status`, `n`.`Timestamp`, `n`.`Title`
FROM `NorthAlerts` AS `n`
WHERE `n`.`Status` = 'WAITING'
LIMIT 1
2026-10-06 18:18:21 - INF - Executed DbCommand (2ms) [Parameters=[@__title_0='?' (Size = 4000)], CommandType='"Text"', CommandTimeout='30']
SELECT `s`.`Id`, `s`.`AlertId`, `s`.`Classification`, `s`.`Content`, `s`.`Lat`, `s`.`Lon`, `s`.`Priority`, `s`.`Source`, `s`.`Status`, `s`.`Timestamp`, `s`.`Title`
FROM `SouthAlerts` AS `s`
WHERE `s`.`Title` = @__title_0
LIMIT 1
2026-10-06 18:18:21 - INF - Executed DbCommand (2ms) [Parameters=[@__title_0='?' (Size = 4000)], CommandType='"Text"', CommandTimeout='30']
SELECT `c`.`Id`, `c`.`AlertId`, `c`.`Classification`, `c`.`Content`, `c`.`Lat`, `c`.`Lon`, `c`.`Priority`, `c`.`Source`, `c`.`Status`, `c`.`Timestamp`, `c`.`Title`
FROM `CenterAlerts` AS `c`
WHERE `c`.`Title` = @__title_0
LIMIT 1
2026-10-06 18:18:21 - INF - Executed DbCommand (3ms) [Parameters=[@__title_0='?' (Size = 4000)], CommandType='"Text"', CommandTimeout='30']
SELECT `o`.`Id`, `o`.`AlertId`, `o`.`Classification`, `o`.`Content`, `o`.`Lat`, `o`.`Lon`, `o`.`Priority`, `o`.`Source`, `o`.`Status`, `o`.`Timestamp`, `o`.`Title`
FROM `OverseasAlerts` AS `o`
WHERE `o`.`Title` = @__title_0
LIMIT 1
2026-10-06 18:18:21 - FTL - same Alerts to all comands! ירי רקטות וטילים
2026-10-06 18:18:27 - INF - Executed DbCommand (2ms) [Parameters=[@p0='?' (Size = 4000), @p1='?' (Size = 4000), @p2='?' (Size = 4000), @p3='?' (DbType = Double), @p4='?' (DbType = Double), @p5='?' (Size = 4000), @p6='?' (Size = 4000), @p7='?' (Size = 4000), @p8='?' (Size = 4000), @p9='?' (Size = 4000)], CommandType='"Text"', CommandTimeout='30']
INSERT INTO `NorthAlerts` (`AlertId`, `Classification`, `Content`, `Lat`, `Lon`, `Priority`, `Source`, `Status`, `Timestamp`, `Title`)
VALUES (@p0, @p1, @p2, @p3, @p4, @p5, @p6, @p7, @p8, @p9);
SELECT `Id`
FROM `NorthAlerts`
WHERE ROW_COUNT() = 1 AND `Id` = LAST_INSERT_ID();
2026-10-06 18:18:27 - INF - Executed DbCommand (3ms) [Parameters=[], CommandType='"Text"', CommandTimeout='30']
SELECT `c`.`Id`, `c`.`AlertId`, `c`.`Classification`, `c`.`Content`, `c`.`Lat`, `c`.`Lon`, `c`.`Priority`, `c`.`Source`, `c`.`Status`, `c`.`Timestamp`, `c`.`Title`
FROM `CenterAlerts` AS `c`
WHERE `c`.`Status` = 'WAITING'
LIMIT 1
2026-10-06 18:18:27 - INF - Executed DbCommand (3ms) [Parameters=[@__title_0='?' (Size = 4000)], CommandType='"Text"', CommandTimeout='30']
SELECT `s`.`Id`, `s`.`AlertId`, `s`.`Classification`, `s`.`Content`, `s`.`Lat`, `s`.`Lon`, `s`.`Priority`, `s`.`Source`, `s`.`Status`, `s`.`Timestamp`, `s`.`Title`
FROM `SouthAlerts` AS `s`
WHERE `s`.`Title` = @__title_0
LIMIT 1
2026-10-06 18:18:27 - INF - Executed DbCommand (3ms) [Parameters=[@__title_0='?' (Size = 4000)], CommandType='"Text"', CommandTimeout='30']
SELECT `n`.`Id`, `n`.`AlertId`, `n`.`Classification`, `n`.`Content`, `n`.`Lat`, `n`.`Lon`, `n`.`Priority`, `n`.`Source`, `n`.`Status`, `n`.`Timestamp`, `n`.`Title`
FROM `NorthAlerts` AS `n`
WHERE `n`.`Title` = @__title_0
LIMIT 1
2026-10-06 18:18:27 - INF - Executed DbCommand (5ms) [Parameters=[@__title_0='?' (Size = 4000)], CommandType='"Text"', CommandTimeout='30']
SELECT `o`.`Id`, `o`.`AlertId`, `o`.`Classification`, `o`.`Content`, `o`.`Lat`, `o`.`Lon`, `o`.`Priority`, `o`.`Source`, `o`.`Status`, `o`.`Timestamp`, `o`.`Title`
FROM `OverseasAlerts` AS `o`
WHERE `o`.`Title` = @__title_0
LIMIT 1
2026-10-06 18:18:29 - INF - Executed DbCommand (3ms) [Parameters=[@p0='?' (Size = 4000), @p1='?' (Size = 4000), @p2='?' (Size = 4000), @p3='?' (DbType = Double), @p4='?' (DbType = Double), @p5='?' (Size = 4000), @p6='?' (Size = 4000), @p7='?' (Size = 4000), @p8='?' (Size = 4000), @p9='?' (Size = 4000)], CommandType='"Text"', CommandTimeout='30']
INSERT INTO `CenterAlerts` (`AlertId`, `Classification`, `Content`, `Lat`, `Lon`, `Priority`, `Source`, `Status`, `Timestamp`, `Title`)
VALUES (@p0, @p1, @p2, @p3, @p4, @p5, @p6, @p7, @p8, @p9);
SELECT `Id`
FROM `CenterAlerts`
WHERE ROW_COUNT() = 1 AND `Id` = LAST_INSERT_ID();
2026-10-06 18:18:29 - INF - Executed DbCommand (6ms) [Parameters=[], CommandType='"Text"', CommandTimeout='30']
SELECT `s`.`Id`, `s`.`AlertId`, `s`.`Classification`, `s`.`Content`, `s`.`Lat`, `s`.`Lon`, `s`.`Priority`, `s`.`Source`, `s`.`Status`, `s`.`Timestamp`, `s`.`Title`
FROM `SouthAlerts` AS `s`
WHERE `s`.`Status` = 'WAITING'
LIMIT 1
2026-10-06 18:18:29 - INF - Executed DbCommand (2ms) [Parameters=[@__title_0='?' (Size = 4000)], CommandType='"Text"', CommandTimeout='30']
SELECT `c`.`Id`, `c`.`AlertId`, `c`.`Classification`, `c`.`Content`, `c`.`Lat`, `c`.`Lon`, `c`.`Priority`, `c`.`Source`, `c`.`Status`, `c`.`Timestamp`, `c`.`Title`
FROM `CenterAlerts` AS `c`
WHERE `c`.`Title` = @__title_0
LIMIT 1
2026-10-06 18:18:29 - INF - Executed DbCommand (2ms) [Parameters=[@__title_0='?' (Size = 4000)], CommandType='"Text"', CommandTimeout='30']
SELECT `n`.`Id`, `n`.`AlertId`, `n`.`Classification`, `n`.`Content`, `n`.`Lat`, `n`.`Lon`, `n`.`Priority`, `n`.`Source`, `n`.`Status`, `n`.`Timestamp`, `n`.`Title`
FROM `NorthAlerts` AS `n`
WHERE `n`.`Title` = @__title_0
LIMIT 1
2026-10-06 18:18:29 - INF - Executed DbCommand (2ms) [Parameters=[@__title_0='?' (Size = 4000)], CommandType='"Text"', CommandTimeout='30']
SELECT `o`.`Id`, `o`.`AlertId`, `o`.`Classification`, `o`.`Content`, `o`.`Lat`, `o`.`Lon`, `o`.`Priority`, `o`.`Source`, `o`.`Status`, `o`.`Timestamp`, `o`.`Title`
FROM `OverseasAlerts` AS `o`
WHERE `o`.`Title` = @__title_0
LIMIT 1
2026-10-06 18:18:36 - INF - Executed DbCommand (1ms) [Parameters=[@p0='?' (Size = 4000), @p1='?' (Size = 4000), @p2='?' (Size = 4000), @p3='?' (DbType = Double), @p4='?' (DbType = Double), @p5='?' (Size = 4000), @p6='?' (Size = 4000), @p7='?' (Size = 4000), @p8='?' (Size = 4000), @p9='?' (Size = 4000)], CommandType='"Text"', CommandTimeout='30']
INSERT INTO `SouthAlerts` (`AlertId`, `Classification`, `Content`, `Lat`, `Lon`, `Priority`, `Source`, `Status`, `Timestamp`, `Title`)
VALUES (@p0, @p1, @p2, @p3, @p4, @p5, @p6, @p7, @p8, @p9);
SELECT `Id`
FROM `SouthAlerts`
WHERE ROW_COUNT() = 1 AND `Id` = LAST_INSERT_ID();
2026-10-06 18:18:36 - INF - Executed DbCommand (1ms) [Parameters=[], CommandType='"Text"', CommandTimeout='30']
SELECT `o`.`Id`, `o`.`AlertId`, `o`.`Classification`, `o`.`Content`, `o`.`Lat`, `o`.`Lon`, `o`.`Priority`, `o`.`Source`, `o`.`Status`, `o`.`Timestamp`, `o`.`Title`
FROM `OverseasAlerts` AS `o`
WHERE `o`.`Status` = 'WAITING'
LIMIT 1
2026-10-06 18:18:36 - INF - Executed DbCommand (1ms) [Parameters=[@__title_0='?' (Size = 4000)], CommandType='"Text"', CommandTimeout='30']
SELECT `c`.`Id`, `c`.`AlertId`, `c`.`Classification`, `c`.`Content`, `c`.`Lat`, `c`.`Lon`, `c`.`Priority`, `c`.`Source`, `c`.`Status`, `c`.`Timestamp`, `c`.`Title`
FROM `CenterAlerts` AS `c`
WHERE `c`.`Title` = @__title_0
LIMIT 1
2026-10-06 18:18:36 - INF - Executed DbCommand (1ms) [Parameters=[@__title_0='?' (Size = 4000)], CommandType='"Text"', CommandTimeout='30']
SELECT `n`.`Id`, `n`.`AlertId`, `n`.`Classification`, `n`.`Content`, `n`.`Lat`, `n`.`Lon`, `n`.`Priority`, `n`.`Source`, `n`.`Status`, `n`.`Timestamp`, `n`.`Title`
FROM `NorthAlerts` AS `n`
WHERE `n`.`Title` = @__title_0
LIMIT 1
2026-10-06 18:18:36 - INF - Executed DbCommand (1ms) [Parameters=[@__title_0='?' (Size = 4000)], CommandType='"Text"', CommandTimeout='30']
SELECT `o`.`Id`, `o`.`AlertId`, `o`.`Classification`, `o`.`Content`, `o`.`Lat`, `o`.`Lon`, `o`.`Priority`, `o`.`Source`, `o`.`Status`, `o`.`Timestamp`, `o`.`Title`
FROM `OverseasAlerts` AS `o`
WHERE `o`.`Title` = @__title_0
LIMIT 1
2026-10-06 18:18:43 - INF - Executed DbCommand (2ms) [Parameters=[@p0='?' (Size = 4000), @p1='?' (Size = 4000), @p2='?' (Size = 4000), @p3='?' (DbType = Double), @p4='?' (DbType = Double), @p5='?' (Size = 4000), @p6='?' (Size = 4000), @p7='?' (Size = 4000), @p8='?' (Size = 4000), @p9='?' (Size = 4000)], CommandType='"Text"', CommandTimeout='30']
INSERT INTO `OverseasAlerts` (`AlertId`, `Classification`, `Content`, `Lat`, `Lon`, `Priority`, `Source`, `Status`, `Timestamp`, `Title`)
VALUES (@p0, @p1, @p2, @p3, @p4, @p5, @p6, @p7, @p8, @p9);
SELECT `Id`
FROM `OverseasAlerts`
WHERE ROW_COUNT() = 1 AND `Id` = LAST_INSERT_ID();
2026-10-06 18:18:43 - INF - Executed DbCommand (2ms) [Parameters=[], CommandType='"Text"', CommandTimeout='30']
SELECT `n`.`Id`, `n`.`AlertId`, `n`.`Classification`, `n`.`Content`, `n`.`Lat`, `n`.`Lon`, `n`.`Priority`, `n`.`Source`, `n`.`Status`, `n`.`Timestamp`, `n`.`Title`
FROM `NorthAlerts` AS `n`
WHERE `n`.`Status` = 'WAITING'
LIMIT 1
2026-10-06 18:18:43 - INF - Executed DbCommand (1ms) [Parameters=[@__title_0='?' (Size = 4000)], CommandType='"Text"', CommandTimeout='30']
SELECT `s`.`Id`, `s`.`AlertId`, `s`.`Classification`, `s`.`Content`, `s`.`Lat`, `s`.`Lon`, `s`.`Priority`, `s`.`Source`, `s`.`Status`, `s`.`Timestamp`, `s`.`Title`
FROM `SouthAlerts` AS `s`
WHERE `s`.`Title` = @__title_0
LIMIT 1
2026-10-06 18:18:43 - INF - Executed DbCommand (2ms) [Parameters=[@__title_0='?' (Size = 4000)], CommandType='"Text"', CommandTimeout='30']
SELECT `c`.`Id`, `c`.`AlertId`, `c`.`Classification`, `c`.`Content`, `c`.`Lat`, `c`.`Lon`, `c`.`Priority`, `c`.`Source`, `c`.`Status`, `c`.`Timestamp`, `c`.`Title`
FROM `CenterAlerts` AS `c`
WHERE `c`.`Title` = @__title_0
LIMIT 1
2026-10-06 18:18:43 - INF - Executed DbCommand (1ms) [Parameters=[@__title_0='?' (Size = 4000)], CommandType='"Text"', CommandTimeout='30']
SELECT `o`.`Id`, `o`.`AlertId`, `o`.`Classification`, `o`.`Content`, `o`.`Lat`, `o`.`Lon`, `o`.`Priority`, `o`.`Source`, `o`.`Status`, `o`.`Timestamp`, `o`.`Title`
FROM `OverseasAlerts` AS `o`
WHERE `o`.`Title` = @__title_0
LIMIT 1
2026-10-06 18:18:43 - FTL - same Alerts to all comands! ירי רקטות וטילים
2026-10-06 18:18:49 - INF - Executed DbCommand (6ms) [Parameters=[@p0='?' (Size = 4000), @p1='?' (Size = 4000), @p2='?' (Size = 4000), @p3='?' (DbType = Double), @p4='?' (DbType = Double), @p5='?' (Size = 4000), @p6='?' (Size = 4000), @p7='?' (Size = 4000), @p8='?' (Size = 4000), @p9='?' (Size = 4000)], CommandType='"Text"', CommandTimeout='30']
INSERT INTO `NorthAlerts` (`AlertId`, `Classification`, `Content`, `Lat`, `Lon`, `Priority`, `Source`, `Status`, `Timestamp`, `Title`)
VALUES (@p0, @p1, @p2, @p3, @p4, @p5, @p6, @p7, @p8, @p9);
SELECT `Id`
FROM `NorthAlerts`
WHERE ROW_COUNT() = 1 AND `Id` = LAST_INSERT_ID();
2026-10-06 18:18:49 - INF - Executed DbCommand (3ms) [Parameters=[], CommandType='"Text"', CommandTimeout='30']
SELECT `c`.`Id`, `c`.`AlertId`, `c`.`Classification`, `c`.`Content`, `c`.`Lat`, `c`.`Lon`, `c`.`Priority`, `c`.`Source`, `c`.`Status`, `c`.`Timestamp`, `c`.`Title`
FROM `CenterAlerts` AS `c`
WHERE `c`.`Status` = 'WAITING'
LIMIT 1
2026-10-06 18:18:49 - INF - Executed DbCommand (2ms) [Parameters=[@__title_0='?' (Size = 4000)], CommandType='"Text"', CommandTimeout='30']
SELECT `s`.`Id`, `s`.`AlertId`, `s`.`Classification`, `s`.`Content`, `s`.`Lat`, `s`.`Lon`, `s`.`Priority`, `s`.`Source`, `s`.`Status`, `s`.`Timestamp`, `s`.`Title`
FROM `SouthAlerts` AS `s`
WHERE `s`.`Title` = @__title_0
LIMIT 1
2026-10-06 18:18:49 - INF - Executed DbCommand (2ms) [Parameters=[@__title_0='?' (Size = 4000)], CommandType='"Text"', CommandTimeout='30']
SELECT `n`.`Id`, `n`.`AlertId`, `n`.`Classification`, `n`.`Content`, `n`.`Lat`, `n`.`Lon`, `n`.`Priority`, `n`.`Source`, `n`.`Status`, `n`.`Timestamp`, `n`.`Title`
FROM `NorthAlerts` AS `n`
WHERE `n`.`Title` = @__title_0
LIMIT 1
2026-10-06 18:18:49 - INF - Executed DbCommand (3ms) [Parameters=[@__title_0='?' (Size = 4000)], CommandType='"Text"', CommandTimeout='30']
SELECT `o`.`Id`, `o`.`AlertId`, `o`.`Classification`, `o`.`Content`, `o`.`Lat`, `o`.`Lon`, `o`.`Priority`, `o`.`Source`, `o`.`Status`, `o`.`Timestamp`, `o`.`Title`
FROM `OverseasAlerts` AS `o`
WHERE `o`.`Title` = @__title_0
LIMIT 1
2026-10-06 18:18:51 - INF - Executed DbCommand (6ms) [Parameters=[@p0='?' (Size = 4000), @p1='?' (Size = 4000), @p2='?' (Size = 4000), @p3='?' (DbType = Double), @p4='?' (DbType = Double), @p5='?' (Size = 4000), @p6='?' (Size = 4000), @p7='?' (Size = 4000), @p8='?' (Size = 4000), @p9='?' (Size = 4000)], CommandType='"Text"', CommandTimeout='30']
INSERT INTO `CenterAlerts` (`AlertId`, `Classification`, `Content`, `Lat`, `Lon`, `Priority`, `Source`, `Status`, `Timestamp`, `Title`)
VALUES (@p0, @p1, @p2, @p3, @p4, @p5, @p6, @p7, @p8, @p9);
SELECT `Id`
FROM `CenterAlerts`
WHERE ROW_COUNT() = 1 AND `Id` = LAST_INSERT_ID();
2026-10-06 18:18:51 - INF - Executed DbCommand (3ms) [Parameters=[], CommandType='"Text"', CommandTimeout='30']
SELECT `s`.`Id`, `s`.`AlertId`, `s`.`Classification`, `s`.`Content`, `s`.`Lat`, `s`.`Lon`, `s`.`Priority`, `s`.`Source`, `s`.`Status`, `s`.`Timestamp`, `s`.`Title`
FROM `SouthAlerts` AS `s`
WHERE `s`.`Status` = 'WAITING'
LIMIT 1
2026-10-06 18:18:51 - INF - Executed DbCommand (4ms) [Parameters=[@__title_0='?' (Size = 4000)], CommandType='"Text"', CommandTimeout='30']
SELECT `c`.`Id`, `c`.`AlertId`, `c`.`Classification`, `c`.`Content`, `c`.`Lat`, `c`.`Lon`, `c`.`Priority`, `c`.`Source`, `c`.`Status`, `c`.`Timestamp`, `c`.`Title`
FROM `CenterAlerts` AS `c`
WHERE `c`.`Title` = @__title_0
LIMIT 1
2026-10-06 18:18:51 - INF - Executed DbCommand (3ms) [Parameters=[@__title_0='?' (Size = 4000)], CommandType='"Text"', CommandTimeout='30']
SELECT `n`.`Id`, `n`.`AlertId`, `n`.`Classification`, `n`.`Content`, `n`.`Lat`, `n`.`Lon`, `n`.`Priority`, `n`.`Source`, `n`.`Status`, `n`.`Timestamp`, `n`.`Title`
FROM `NorthAlerts` AS `n`
WHERE `n`.`Title` = @__title_0
LIMIT 1
2026-10-06 18:18:51 - INF - Executed DbCommand (3ms) [Parameters=[@__title_0='?' (Size = 4000)], CommandType='"Text"', CommandTimeout='30']
SELECT `o`.`Id`, `o`.`AlertId`, `o`.`Classification`, `o`.`Content`, `o`.`Lat`, `o`.`Lon`, `o`.`Priority`, `o`.`Source`, `o`.`Status`, `o`.`Timestamp`, `o`.`Title`
FROM `OverseasAlerts` AS `o`
WHERE `o`.`Title` = @__title_0
LIMIT 1
2026-10-06 18:18:58 - INF - Executed DbCommand (5ms) [Parameters=[@p0='?' (Size = 4000), @p1='?' (Size = 4000), @p2='?' (Size = 4000), @p3='?' (DbType = Double), @p4='?' (DbType = Double), @p5='?' (Size = 4000), @p6='?' (Size = 4000), @p7='?' (Size = 4000), @p8='?' (Size = 4000), @p9='?' (Size = 4000)], CommandType='"Text"', CommandTimeout='30']
INSERT INTO `SouthAlerts` (`AlertId`, `Classification`, `Content`, `Lat`, `Lon`, `Priority`, `Source`, `Status`, `Timestamp`, `Title`)
VALUES (@p0, @p1, @p2, @p3, @p4, @p5, @p6, @p7, @p8, @p9);
SELECT `Id`
FROM `SouthAlerts`
WHERE ROW_COUNT() = 1 AND `Id` = LAST_INSERT_ID();
2026-10-06 18:18:58 - INF - Executed DbCommand (5ms) [Parameters=[], CommandType='"Text"', CommandTimeout='30']
SELECT `o`.`Id`, `o`.`AlertId`, `o`.`Classification`, `o`.`Content`, `o`.`Lat`, `o`.`Lon`, `o`.`Priority`, `o`.`Source`, `o`.`Status`, `o`.`Timestamp`, `o`.`Title`
FROM `OverseasAlerts` AS `o`
WHERE `o`.`Status` = 'WAITING'
LIMIT 1
2026-10-06 18:18:58 - INF - Executed DbCommand (8ms) [Parameters=[@__title_0='?' (Size = 4000)], CommandType='"Text"', CommandTimeout='30']
SELECT `c`.`Id`, `c`.`AlertId`, `c`.`Classification`, `c`.`Content`, `c`.`Lat`, `c`.`Lon`, `c`.`Priority`, `c`.`Source`, `c`.`Status`, `c`.`Timestamp`, `c`.`Title`
FROM `CenterAlerts` AS `c`
WHERE `c`.`Title` = @__title_0
LIMIT 1
2026-10-06 18:18:58 - INF - Executed DbCommand (4ms) [Parameters=[@__title_0='?' (Size = 4000)], CommandType='"Text"', CommandTimeout='30']
SELECT `n`.`Id`, `n`.`AlertId`, `n`.`Classification`, `n`.`Content`, `n`.`Lat`, `n`.`Lon`, `n`.`Priority`, `n`.`Source`, `n`.`Status`, `n`.`Timestamp`, `n`.`Title`
FROM `NorthAlerts` AS `n`
WHERE `n`.`Title` = @__title_0
LIMIT 1
2026-10-06 18:18:58 - INF - Executed DbCommand (3ms) [Parameters=[@__title_0='?' (Size = 4000)], CommandType='"Text"', CommandTimeout='30']
SELECT `o`.`Id`, `o`.`AlertId`, `o`.`Classification`, `o`.`Content`, `o`.`Lat`, `o`.`Lon`, `o`.`Priority`, `o`.`Source`, `o`.`Status`, `o`.`Timestamp`, `o`.`Title`
FROM `OverseasAlerts` AS `o`
WHERE `o`.`Title` = @__title_0
LIMIT 1
2026-10-06 18:19:05 - INF - Executed DbCommand (2ms) [Parameters=[@p0='?' (Size = 4000), @p1='?' (Size = 4000), @p2='?' (Size = 4000), @p3='?' (DbType = Double), @p4='?' (DbType = Double), @p5='?' (Size = 4000), @p6='?' (Size = 4000), @p7='?' (Size = 4000), @p8='?' (Size = 4000), @p9='?' (Size = 4000)], CommandType='"Text"', CommandTimeout='30']
INSERT INTO `OverseasAlerts` (`AlertId`, `Classification`, `Content`, `Lat`, `Lon`, `Priority`, `Source`, `Status`, `Timestamp`, `Title`)
VALUES (@p0, @p1, @p2, @p3, @p4, @p5, @p6, @p7, @p8, @p9);
SELECT `Id`
FROM `OverseasAlerts`
WHERE ROW_COUNT() = 1 AND `Id` = LAST_INSERT_ID();
2026-10-06 18:19:05 - INF - Executed DbCommand (2ms) [Parameters=[], CommandType='"Text"', CommandTimeout='30']
SELECT `n`.`Id`, `n`.`AlertId`, `n`.`Classification`, `n`.`Content`, `n`.`Lat`, `n`.`Lon`, `n`.`Priority`, `n`.`Source`, `n`.`Status`, `n`.`Timestamp`, `n`.`Title`
FROM `NorthAlerts` AS `n`
WHERE `n`.`Status` = 'WAITING'
LIMIT 1
2026-10-06 18:19:05 - INF - Executed DbCommand (2ms) [Parameters=[@__title_0='?' (Size = 4000)], CommandType='"Text"', CommandTimeout='30']
SELECT `s`.`Id`, `s`.`AlertId`, `s`.`Classification`, `s`.`Content`, `s`.`Lat`, `s`.`Lon`, `s`.`Priority`, `s`.`Source`, `s`.`Status`, `s`.`Timestamp`, `s`.`Title`
FROM `SouthAlerts` AS `s`
WHERE `s`.`Title` = @__title_0
LIMIT 1
2026-10-06 18:19:05 - INF - Executed DbCommand (2ms) [Parameters=[@__title_0='?' (Size = 4000)], CommandType='"Text"', CommandTimeout='30']
SELECT `c`.`Id`, `c`.`AlertId`, `c`.`Classification`, `c`.`Content`, `c`.`Lat`, `c`.`Lon`, `c`.`Priority`, `c`.`Source`, `c`.`Status`, `c`.`Timestamp`, `c`.`Title`
FROM `CenterAlerts` AS `c`
WHERE `c`.`Title` = @__title_0
LIMIT 1
2026-10-06 18:19:05 - INF - Executed DbCommand (2ms) [Parameters=[@__title_0='?' (Size = 4000)], CommandType='"Text"', CommandTimeout='30']
SELECT `o`.`Id`, `o`.`AlertId`, `o`.`Classification`, `o`.`Content`, `o`.`Lat`, `o`.`Lon`, `o`.`Priority`, `o`.`Source`, `o`.`Status`, `o`.`Timestamp`, `o`.`Title`
FROM `OverseasAlerts` AS `o`
WHERE `o`.`Title` = @__title_0
LIMIT 1
2026-10-06 18:19:05 - FTL - same Alerts to all comands! ירי רקטות וטילים
2026-10-06 18:19:12 - INF - Executed DbCommand (2ms) [Parameters=[@p0='?' (Size = 4000), @p1='?' (Size = 4000), @p2='?' (Size = 4000), @p3='?' (DbType = Double), @p4='?' (DbType = Double), @p5='?' (Size = 4000), @p6='?' (Size = 4000), @p7='?' (Size = 4000), @p8='?' (Size = 4000), @p9='?' (Size = 4000)], CommandType='"Text"', CommandTimeout='30']
INSERT INTO `NorthAlerts` (`AlertId`, `Classification`, `Content`, `Lat`, `Lon`, `Priority`, `Source`, `Status`, `Timestamp`, `Title`)
VALUES (@p0, @p1, @p2, @p3, @p4, @p5, @p6, @p7, @p8, @p9);
SELECT `Id`
FROM `NorthAlerts`
WHERE ROW_COUNT() = 1 AND `Id` = LAST_INSERT_ID();
2026-10-06 18:19:12 - INF - Executed DbCommand (1ms) [Parameters=[], CommandType='"Text"', CommandTimeout='30']
SELECT `c`.`Id`, `c`.`AlertId`, `c`.`Classification`, `c`.`Content`, `c`.`Lat`, `c`.`Lon`, `c`.`Priority`, `c`.`Source`, `c`.`Status`, `c`.`Timestamp`, `c`.`Title`
FROM `CenterAlerts` AS `c`
WHERE `c`.`Status` = 'WAITING'
LIMIT 1
2026-10-06 18:19:12 - INF - Executed DbCommand (2ms) [Parameters=[@__title_0='?' (Size = 4000)], CommandType='"Text"', CommandTimeout='30']
SELECT `s`.`Id`, `s`.`AlertId`, `s`.`Classification`, `s`.`Content`, `s`.`Lat`, `s`.`Lon`, `s`.`Priority`, `s`.`Source`, `s`.`Status`, `s`.`Timestamp`, `s`.`Title`
FROM `SouthAlerts` AS `s`
WHERE `s`.`Title` = @__title_0
LIMIT 1
2026-10-06 18:19:12 - INF - Executed DbCommand (1ms) [Parameters=[@__title_0='?' (Size = 4000)], CommandType='"Text"', CommandTimeout='30']
SELECT `n`.`Id`, `n`.`AlertId`, `n`.`Classification`, `n`.`Content`, `n`.`Lat`, `n`.`Lon`, `n`.`Priority`, `n`.`Source`, `n`.`Status`, `n`.`Timestamp`, `n`.`Title`
FROM `NorthAlerts` AS `n`
WHERE `n`.`Title` = @__title_0
LIMIT 1
2026-10-06 18:19:12 - INF - Executed DbCommand (1ms) [Parameters=[@__title_0='?' (Size = 4000)], CommandType='"Text"', CommandTimeout='30']
SELECT `o`.`Id`, `o`.`AlertId`, `o`.`Classification`, `o`.`Content`, `o`.`Lat`, `o`.`Lon`, `o`.`Priority`, `o`.`Source`, `o`.`Status`, `o`.`Timestamp`, `o`.`Title`
FROM `OverseasAlerts` AS `o`
WHERE `o`.`Title` = @__title_0
LIMIT 1
2026-10-06 18:19:14 - INF - Executed DbCommand (2ms) [Parameters=[@p0='?' (Size = 4000), @p1='?' (Size = 4000), @p2='?' (Size = 4000), @p3='?' (DbType = Double), @p4='?' (DbType = Double), @p5='?' (Size = 4000), @p6='?' (Size = 4000), @p7='?' (Size = 4000), @p8='?' (Size = 4000), @p9='?' (Size = 4000)], CommandType='"Text"', CommandTimeout='30']
INSERT INTO `CenterAlerts` (`AlertId`, `Classification`, `Content`, `Lat`, `Lon`, `Priority`, `Source`, `Status`, `Timestamp`, `Title`)
VALUES (@p0, @p1, @p2, @p3, @p4, @p5, @p6, @p7, @p8, @p9);
SELECT `Id`
FROM `CenterAlerts`
WHERE ROW_COUNT() = 1 AND `Id` = LAST_INSERT_ID();
2026-10-06 18:19:14 - INF - Executed DbCommand (2ms) [Parameters=[], CommandType='"Text"', CommandTimeout='30']
SELECT `s`.`Id`, `s`.`AlertId`, `s`.`Classification`, `s`.`Content`, `s`.`Lat`, `s`.`Lon`, `s`.`Priority`, `s`.`Source`, `s`.`Status`, `s`.`Timestamp`, `s`.`Title`
FROM `SouthAlerts` AS `s`
WHERE `s`.`Status` = 'WAITING'
LIMIT 1
2026-10-06 18:19:14 - INF - Executed DbCommand (2ms) [Parameters=[@__title_0='?' (Size = 4000)], CommandType='"Text"', CommandTimeout='30']
SELECT `c`.`Id`, `c`.`AlertId`, `c`.`Classification`, `c`.`Content`, `c`.`Lat`, `c`.`Lon`, `c`.`Priority`, `c`.`Source`, `c`.`Status`, `c`.`Timestamp`, `c`.`Title`
FROM `CenterAlerts` AS `c`
WHERE `c`.`Title` = @__title_0
LIMIT 1
2026-10-06 18:19:14 - INF - Executed DbCommand (1ms) [Parameters=[@__title_0='?' (Size = 4000)], CommandType='"Text"', CommandTimeout='30']
SELECT `n`.`Id`, `n`.`AlertId`, `n`.`Classification`, `n`.`Content`, `n`.`Lat`, `n`.`Lon`, `n`.`Priority`, `n`.`Source`, `n`.`Status`, `n`.`Timestamp`, `n`.`Title`
FROM `NorthAlerts` AS `n`
WHERE `n`.`Title` = @__title_0
LIMIT 1
2026-10-06 18:19:14 - INF - Executed DbCommand (1ms) [Parameters=[@__title_0='?' (Size = 4000)], CommandType='"Text"', CommandTimeout='30']
SELECT `o`.`Id`, `o`.`AlertId`, `o`.`Classification`, `o`.`Content`, `o`.`Lat`, `o`.`Lon`, `o`.`Priority`, `o`.`Source`, `o`.`Status`, `o`.`Timestamp`, `o`.`Title`
FROM `OverseasAlerts` AS `o`
WHERE `o`.`Title` = @__title_0
LIMIT 1
2026-10-06 18:19:21 - INF - Executed DbCommand (2ms) [Parameters=[@p0='?' (Size = 4000), @p1='?' (Size = 4000), @p2='?' (Size = 4000), @p3='?' (DbType = Double), @p4='?' (DbType = Double), @p5='?' (Size = 4000), @p6='?' (Size = 4000), @p7='?' (Size = 4000), @p8='?' (Size = 4000), @p9='?' (Size = 4000)], CommandType='"Text"', CommandTimeout='30']
INSERT INTO `SouthAlerts` (`AlertId`, `Classification`, `Content`, `Lat`, `Lon`, `Priority`, `Source`, `Status`, `Timestamp`, `Title`)
VALUES (@p0, @p1, @p2, @p3, @p4, @p5, @p6, @p7, @p8, @p9);
SELECT `Id`
FROM `SouthAlerts`
WHERE ROW_COUNT() = 1 AND `Id` = LAST_INSERT_ID();
2026-10-06 18:19:21 - INF - Executed DbCommand (1ms) [Parameters=[], CommandType='"Text"', CommandTimeout='30']
SELECT `o`.`Id`, `o`.`AlertId`, `o`.`Classification`, `o`.`Content`, `o`.`Lat`, `o`.`Lon`, `o`.`Priority`, `o`.`Source`, `o`.`Status`, `o`.`Timestamp`, `o`.`Title`
FROM `OverseasAlerts` AS `o`
WHERE `o`.`Status` = 'WAITING'
LIMIT 1
2026-10-06 18:19:21 - INF - Executed DbCommand (1ms) [Parameters=[@__title_0='?' (Size = 4000)], CommandType='"Text"', CommandTimeout='30']
SELECT `c`.`Id`, `c`.`AlertId`, `c`.`Classification`, `c`.`Content`, `c`.`Lat`, `c`.`Lon`, `c`.`Priority`, `c`.`Source`, `c`.`Status`, `c`.`Timestamp`, `c`.`Title`
FROM `CenterAlerts` AS `c`
WHERE `c`.`Title` = @__title_0
LIMIT 1
2026-10-06 18:19:21 - INF - Executed DbCommand (1ms) [Parameters=[@__title_0='?' (Size = 4000)], CommandType='"Text"', CommandTimeout='30']
SELECT `n`.`Id`, `n`.`AlertId`, `n`.`Classification`, `n`.`Content`, `n`.`Lat`, `n`.`Lon`, `n`.`Priority`, `n`.`Source`, `n`.`Status`, `n`.`Timestamp`, `n`.`Title`
FROM `NorthAlerts` AS `n`
WHERE `n`.`Title` = @__title_0
LIMIT 1
2026-10-06 18:19:21 - INF - Executed DbCommand (1ms) [Parameters=[@__title_0='?' (Size = 4000)], CommandType='"Text"', CommandTimeout='30']
SELECT `o`.`Id`, `o`.`AlertId`, `o`.`Classification`, `o`.`Content`, `o`.`Lat`, `o`.`Lon`, `o`.`Priority`, `o`.`Source`, `o`.`Status`, `o`.`Timestamp`, `o`.`Title`
FROM `OverseasAlerts` AS `o`
WHERE `o`.`Title` = @__title_0
LIMIT 1
2026-10-06 18:19:28 - INF - Executed DbCommand (3ms) [Parameters=[@p0='?' (Size = 4000), @p1='?' (Size = 4000), @p2='?' (Size = 4000), @p3='?' (DbType = Double), @p4='?' (DbType = Double), @p5='?' (Size = 4000), @p6='?' (Size = 4000), @p7='?' (Size = 4000), @p8='?' (Size = 4000), @p9='?' (Size = 4000)], CommandType='"Text"', CommandTimeout='30']
INSERT INTO `OverseasAlerts` (`AlertId`, `Classification`, `Content`, `Lat`, `Lon`, `Priority`, `Source`, `Status`, `Timestamp`, `Title`)
VALUES (@p0, @p1, @p2, @p3, @p4, @p5, @p6, @p7, @p8, @p9);
SELECT `Id`
FROM `OverseasAlerts`
WHERE ROW_COUNT() = 1 AND `Id` = LAST_INSERT_ID();
2026-10-06 18:19:28 - INF - Executed DbCommand (2ms) [Parameters=[], CommandType='"Text"', CommandTimeout='30']
SELECT `n`.`Id`, `n`.`AlertId`, `n`.`Classification`, `n`.`Content`, `n`.`Lat`, `n`.`Lon`, `n`.`Priority`, `n`.`Source`, `n`.`Status`, `n`.`Timestamp`, `n`.`Title`
FROM `NorthAlerts` AS `n`
WHERE `n`.`Status` = 'WAITING'
LIMIT 1
2026-10-06 18:19:28 - INF - Executed DbCommand (2ms) [Parameters=[@__title_0='?' (Size = 4000)], CommandType='"Text"', CommandTimeout='30']
SELECT `s`.`Id`, `s`.`AlertId`, `s`.`Classification`, `s`.`Content`, `s`.`Lat`, `s`.`Lon`, `s`.`Priority`, `s`.`Source`, `s`.`Status`, `s`.`Timestamp`, `s`.`Title`
FROM `SouthAlerts` AS `s`
WHERE `s`.`Title` = @__title_0
LIMIT 1
2026-10-06 18:19:28 - INF - Executed DbCommand (2ms) [Parameters=[@__title_0='?' (Size = 4000)], CommandType='"Text"', CommandTimeout='30']
SELECT `c`.`Id`, `c`.`AlertId`, `c`.`Classification`, `c`.`Content`, `c`.`Lat`, `c`.`Lon`, `c`.`Priority`, `c`.`Source`, `c`.`Status`, `c`.`Timestamp`, `c`.`Title`
FROM `CenterAlerts` AS `c`
WHERE `c`.`Title` = @__title_0
LIMIT 1
2026-10-06 18:19:28 - INF - Executed DbCommand (2ms) [Parameters=[@__title_0='?' (Size = 4000)], CommandType='"Text"', CommandTimeout='30']
SELECT `o`.`Id`, `o`.`AlertId`, `o`.`Classification`, `o`.`Content`, `o`.`Lat`, `o`.`Lon`, `o`.`Priority`, `o`.`Source`, `o`.`Status`, `o`.`Timestamp`, `o`.`Title`
FROM `OverseasAlerts` AS `o`
WHERE `o`.`Title` = @__title_0
LIMIT 1
2026-10-06 18:19:28 - FTL - same Alerts to all comands! ירי רקטות וטילים
2026-10-06 18:19:34 - INF - Executed DbCommand (3ms) [Parameters=[@p0='?' (Size = 4000), @p1='?' (Size = 4000), @p2='?' (Size = 4000), @p3='?' (DbType = Double), @p4='?' (DbType = Double), @p5='?' (Size = 4000), @p6='?' (Size = 4000), @p7='?' (Size = 4000), @p8='?' (Size = 4000), @p9='?' (Size = 4000)], CommandType='"Text"', CommandTimeout='30']
INSERT INTO `NorthAlerts` (`AlertId`, `Classification`, `Content`, `Lat`, `Lon`, `Priority`, `Source`, `Status`, `Timestamp`, `Title`)
VALUES (@p0, @p1, @p2, @p3, @p4, @p5, @p6, @p7, @p8, @p9);
SELECT `Id`
FROM `NorthAlerts`
WHERE ROW_COUNT() = 1 AND `Id` = LAST_INSERT_ID();
2026-10-06 18:19:34 - INF - Executed DbCommand (2ms) [Parameters=[], CommandType='"Text"', CommandTimeout='30']
SELECT `c`.`Id`, `c`.`AlertId`, `c`.`Classification`, `c`.`Content`, `c`.`Lat`, `c`.`Lon`, `c`.`Priority`, `c`.`Source`, `c`.`Status`, `c`.`Timestamp`, `c`.`Title`
FROM `CenterAlerts` AS `c`
WHERE `c`.`Status` = 'WAITING'
LIMIT 1
2026-10-06 18:19:34 - INF - Executed DbCommand (2ms) [Parameters=[@__title_0='?' (Size = 4000)], CommandType='"Text"', CommandTimeout='30']
SELECT `s`.`Id`, `s`.`AlertId`, `s`.`Classification`, `s`.`Content`, `s`.`Lat`, `s`.`Lon`, `s`.`Priority`, `s`.`Source`, `s`.`Status`, `s`.`Timestamp`, `s`.`Title`
FROM `SouthAlerts` AS `s`
WHERE `s`.`Title` = @__title_0
LIMIT 1
2026-10-06 18:19:34 - INF - Executed DbCommand (1ms) [Parameters=[@__title_0='?' (Size = 4000)], CommandType='"Text"', CommandTimeout='30']
SELECT `n`.`Id`, `n`.`AlertId`, `n`.`Classification`, `n`.`Content`, `n`.`Lat`, `n`.`Lon`, `n`.`Priority`, `n`.`Source`, `n`.`Status`, `n`.`Timestamp`, `n`.`Title`
FROM `NorthAlerts` AS `n`
WHERE `n`.`Title` = @__title_0
LIMIT 1
2026-10-06 18:19:34 - INF - Executed DbCommand (2ms) [Parameters=[@__title_0='?' (Size = 4000)], CommandType='"Text"', CommandTimeout='30']
SELECT `o`.`Id`, `o`.`AlertId`, `o`.`Classification`, `o`.`Content`, `o`.`Lat`, `o`.`Lon`, `o`.`Priority`, `o`.`Source`, `o`.`Status`, `o`.`Timestamp`, `o`.`Title`
FROM `OverseasAlerts` AS `o`
WHERE `o`.`Title` = @__title_0
LIMIT 1
2026-10-06 18:19:36 - INF - Executed DbCommand (3ms) [Parameters=[@p0='?' (Size = 4000), @p1='?' (Size = 4000), @p2='?' (Size = 4000), @p3='?' (DbType = Double), @p4='?' (DbType = Double), @p5='?' (Size = 4000), @p6='?' (Size = 4000), @p7='?' (Size = 4000), @p8='?' (Size = 4000), @p9='?' (Size = 4000)], CommandType='"Text"', CommandTimeout='30']
INSERT INTO `CenterAlerts` (`AlertId`, `Classification`, `Content`, `Lat`, `Lon`, `Priority`, `Source`, `Status`, `Timestamp`, `Title`)
VALUES (@p0, @p1, @p2, @p3, @p4, @p5, @p6, @p7, @p8, @p9);
SELECT `Id`
FROM `CenterAlerts`
WHERE ROW_COUNT() = 1 AND `Id` = LAST_INSERT_ID();
2026-10-06 18:19:36 - INF - Executed DbCommand (4ms) [Parameters=[], CommandType='"Text"', CommandTimeout='30']
SELECT `s`.`Id`, `s`.`AlertId`, `s`.`Classification`, `s`.`Content`, `s`.`Lat`, `s`.`Lon`, `s`.`Priority`, `s`.`Source`, `s`.`Status`, `s`.`Timestamp`, `s`.`Title`
FROM `SouthAlerts` AS `s`
WHERE `s`.`Status` = 'WAITING'
LIMIT 1
2026-10-06 18:19:36 - INF - Executed DbCommand (3ms) [Parameters=[@__title_0='?' (Size = 4000)], CommandType='"Text"', CommandTimeout='30']
SELECT `c`.`Id`, `c`.`AlertId`, `c`.`Classification`, `c`.`Content`, `c`.`Lat`, `c`.`Lon`, `c`.`Priority`, `c`.`Source`, `c`.`Status`, `c`.`Timestamp`, `c`.`Title`
FROM `CenterAlerts` AS `c`
WHERE `c`.`Title` = @__title_0
LIMIT 1
2026-10-06 18:19:36 - INF - Executed DbCommand (3ms) [Parameters=[@__title_0='?' (Size = 4000)], CommandType='"Text"', CommandTimeout='30']
SELECT `n`.`Id`, `n`.`AlertId`, `n`.`Classification`, `n`.`Content`, `n`.`Lat`, `n`.`Lon`, `n`.`Priority`, `n`.`Source`, `n`.`Status`, `n`.`Timestamp`, `n`.`Title`
FROM `NorthAlerts` AS `n`
WHERE `n`.`Title` = @__title_0
LIMIT 1
2026-10-06 18:19:36 - INF - Executed DbCommand (5ms) [Parameters=[@__title_0='?' (Size = 4000)], CommandType='"Text"', CommandTimeout='30']
SELECT `o`.`Id`, `o`.`AlertId`, `o`.`Classification`, `o`.`Content`, `o`.`Lat`, `o`.`Lon`, `o`.`Priority`, `o`.`Source`, `o`.`Status`, `o`.`Timestamp`, `o`.`Title`
FROM `OverseasAlerts` AS `o`
WHERE `o`.`Title` = @__title_0
LIMIT 1
2026-10-06 18:19:43 - INF - Executed DbCommand (6ms) [Parameters=[@p0='?' (Size = 4000), @p1='?' (Size = 4000), @p2='?' (Size = 4000), @p3='?' (DbType = Double), @p4='?' (DbType = Double), @p5='?' (Size = 4000), @p6='?' (Size = 4000), @p7='?' (Size = 4000), @p8='?' (Size = 4000), @p9='?' (Size = 4000)], CommandType='"Text"', CommandTimeout='30']
INSERT INTO `SouthAlerts` (`AlertId`, `Classification`, `Content`, `Lat`, `Lon`, `Priority`, `Source`, `Status`, `Timestamp`, `Title`)
VALUES (@p0, @p1, @p2, @p3, @p4, @p5, @p6, @p7, @p8, @p9);
SELECT `Id`
FROM `SouthAlerts`
WHERE ROW_COUNT() = 1 AND `Id` = LAST_INSERT_ID();
2026-10-06 18:19:43 - INF - Executed DbCommand (2ms) [Parameters=[], CommandType='"Text"', CommandTimeout='30']
SELECT `o`.`Id`, `o`.`AlertId`, `o`.`Classification`, `o`.`Content`, `o`.`Lat`, `o`.`Lon`, `o`.`Priority`, `o`.`Source`, `o`.`Status`, `o`.`Timestamp`, `o`.`Title`
FROM `OverseasAlerts` AS `o`
WHERE `o`.`Status` = 'WAITING'
LIMIT 1
2026-10-06 18:19:43 - INF - Executed DbCommand (3ms) [Parameters=[@__title_0='?' (Size = 4000)], CommandType='"Text"', CommandTimeout='30']
SELECT `c`.`Id`, `c`.`AlertId`, `c`.`Classification`, `c`.`Content`, `c`.`Lat`, `c`.`Lon`, `c`.`Priority`, `c`.`Source`, `c`.`Status`, `c`.`Timestamp`, `c`.`Title`
FROM `CenterAlerts` AS `c`
WHERE `c`.`Title` = @__title_0
LIMIT 1
2026-10-06 18:19:43 - INF - Executed DbCommand (3ms) [Parameters=[@__title_0='?' (Size = 4000)], CommandType='"Text"', CommandTimeout='30']
SELECT `n`.`Id`, `n`.`AlertId`, `n`.`Classification`, `n`.`Content`, `n`.`Lat`, `n`.`Lon`, `n`.`Priority`, `n`.`Source`, `n`.`Status`, `n`.`Timestamp`, `n`.`Title`
FROM `NorthAlerts` AS `n`
WHERE `n`.`Title` = @__title_0
LIMIT 1
2026-10-06 18:19:43 - INF - Executed DbCommand (2ms) [Parameters=[@__title_0='?' (Size = 4000)], CommandType='"Text"', CommandTimeout='30']
SELECT `o`.`Id`, `o`.`AlertId`, `o`.`Classification`, `o`.`Content`, `o`.`Lat`, `o`.`Lon`, `o`.`Priority`, `o`.`Source`, `o`.`Status`, `o`.`Timestamp`, `o`.`Title`
FROM `OverseasAlerts` AS `o`
WHERE `o`.`Title` = @__title_0
LIMIT 1
2026-10-06 18:19:50 - INF - Executed DbCommand (6ms) [Parameters=[@p0='?' (Size = 4000), @p1='?' (Size = 4000), @p2='?' (Size = 4000), @p3='?' (DbType = Double), @p4='?' (DbType = Double), @p5='?' (Size = 4000), @p6='?' (Size = 4000), @p7='?' (Size = 4000), @p8='?' (Size = 4000), @p9='?' (Size = 4000)], CommandType='"Text"', CommandTimeout='30']
INSERT INTO `OverseasAlerts` (`AlertId`, `Classification`, `Content`, `Lat`, `Lon`, `Priority`, `Source`, `Status`, `Timestamp`, `Title`)
VALUES (@p0, @p1, @p2, @p3, @p4, @p5, @p6, @p7, @p8, @p9);
SELECT `Id`
FROM `OverseasAlerts`
WHERE ROW_COUNT() = 1 AND `Id` = LAST_INSERT_ID();
2026-10-06 18:19:50 - INF - Executed DbCommand (3ms) [Parameters=[], CommandType='"Text"', CommandTimeout='30']
SELECT `n`.`Id`, `n`.`AlertId`, `n`.`Classification`, `n`.`Content`, `n`.`Lat`, `n`.`Lon`, `n`.`Priority`, `n`.`Source`, `n`.`Status`, `n`.`Timestamp`, `n`.`Title`
FROM `NorthAlerts` AS `n`
WHERE `n`.`Status` = 'WAITING'
LIMIT 1
2026-10-06 18:19:50 - INF - Executed DbCommand (2ms) [Parameters=[@__title_0='?' (Size = 4000)], CommandType='"Text"', CommandTimeout='30']
SELECT `s`.`Id`, `s`.`AlertId`, `s`.`Classification`, `s`.`Content`, `s`.`Lat`, `s`.`Lon`, `s`.`Priority`, `s`.`Source`, `s`.`Status`, `s`.`Timestamp`, `s`.`Title`
FROM `SouthAlerts` AS `s`
WHERE `s`.`Title` = @__title_0
LIMIT 1
2026-10-06 18:19:50 - INF - Executed DbCommand (3ms) [Parameters=[@__title_0='?' (Size = 4000)], CommandType='"Text"', CommandTimeout='30']
SELECT `c`.`Id`, `c`.`AlertId`, `c`.`Classification`, `c`.`Content`, `c`.`Lat`, `c`.`Lon`, `c`.`Priority`, `c`.`Source`, `c`.`Status`, `c`.`Timestamp`, `c`.`Title`
FROM `CenterAlerts` AS `c`
WHERE `c`.`Title` = @__title_0
LIMIT 1
2026-10-06 18:19:50 - INF - Executed DbCommand (3ms) [Parameters=[@__title_0='?' (Size = 4000)], CommandType='"Text"', CommandTimeout='30']
SELECT `o`.`Id`, `o`.`AlertId`, `o`.`Classification`, `o`.`Content`, `o`.`Lat`, `o`.`Lon`, `o`.`Priority`, `o`.`Source`, `o`.`Status`, `o`.`Timestamp`, `o`.`Title`
FROM `OverseasAlerts` AS `o`
WHERE `o`.`Title` = @__title_0
LIMIT 1
2026-10-06 18:19:50 - FTL - same Alerts to all comands! ירי רקטות וטילים
2026-10-06 18:19:56 - INF - Executed DbCommand (2ms) [Parameters=[@p0='?' (Size = 4000), @p1='?' (Size = 4000), @p2='?' (Size = 4000), @p3='?' (DbType = Double), @p4='?' (DbType = Double), @p5='?' (Size = 4000), @p6='?' (Size = 4000), @p7='?' (Size = 4000), @p8='?' (Size = 4000), @p9='?' (Size = 4000)], CommandType='"Text"', CommandTimeout='30']
INSERT INTO `NorthAlerts` (`AlertId`, `Classification`, `Content`, `Lat`, `Lon`, `Priority`, `Source`, `Status`, `Timestamp`, `Title`)
VALUES (@p0, @p1, @p2, @p3, @p4, @p5, @p6, @p7, @p8, @p9);
SELECT `Id`
FROM `NorthAlerts`
WHERE ROW_COUNT() = 1 AND `Id` = LAST_INSERT_ID();
2026-10-06 18:19:56 - INF - Executed DbCommand (1ms) [Parameters=[], CommandType='"Text"', CommandTimeout='30']
SELECT `c`.`Id`, `c`.`AlertId`, `c`.`Classification`, `c`.`Content`, `c`.`Lat`, `c`.`Lon`, `c`.`Priority`, `c`.`Source`, `c`.`Status`, `c`.`Timestamp`, `c`.`Title`
FROM `CenterAlerts` AS `c`
WHERE `c`.`Status` = 'WAITING'
LIMIT 1
2026-10-06 18:19:56 - INF - Executed DbCommand (1ms) [Parameters=[@__title_0='?' (Size = 4000)], CommandType='"Text"', CommandTimeout='30']
SELECT `s`.`Id`, `s`.`AlertId`, `s`.`Classification`, `s`.`Content`, `s`.`Lat`, `s`.`Lon`, `s`.`Priority`, `s`.`Source`, `s`.`Status`, `s`.`Timestamp`, `s`.`Title`
FROM `SouthAlerts` AS `s`
WHERE `s`.`Title` = @__title_0
LIMIT 1
2026-10-06 18:19:56 - INF - Executed DbCommand (1ms) [Parameters=[@__title_0='?' (Size = 4000)], CommandType='"Text"', CommandTimeout='30']
SELECT `n`.`Id`, `n`.`AlertId`, `n`.`Classification`, `n`.`Content`, `n`.`Lat`, `n`.`Lon`, `n`.`Priority`, `n`.`Source`, `n`.`Status`, `n`.`Timestamp`, `n`.`Title`
FROM `NorthAlerts` AS `n`
WHERE `n`.`Title` = @__title_0
LIMIT 1
2026-10-06 18:19:56 - INF - Executed DbCommand (1ms) [Parameters=[@__title_0='?' (Size = 4000)], CommandType='"Text"', CommandTimeout='30']
SELECT `o`.`Id`, `o`.`AlertId`, `o`.`Classification`, `o`.`Content`, `o`.`Lat`, `o`.`Lon`, `o`.`Priority`, `o`.`Source`, `o`.`Status`, `o`.`Timestamp`, `o`.`Title`
FROM `OverseasAlerts` AS `o`
WHERE `o`.`Title` = @__title_0
LIMIT 1
2026-10-06 18:19:58 - INF - Executed DbCommand (6ms) [Parameters=[@p0='?' (Size = 4000), @p1='?' (Size = 4000), @p2='?' (Size = 4000), @p3='?' (DbType = Double), @p4='?' (DbType = Double), @p5='?' (Size = 4000), @p6='?' (Size = 4000), @p7='?' (Size = 4000), @p8='?' (Size = 4000), @p9='?' (Size = 4000)], CommandType='"Text"', CommandTimeout='30']
INSERT INTO `CenterAlerts` (`AlertId`, `Classification`, `Content`, `Lat`, `Lon`, `Priority`, `Source`, `Status`, `Timestamp`, `Title`)
VALUES (@p0, @p1, @p2, @p3, @p4, @p5, @p6, @p7, @p8, @p9);
SELECT `Id`
FROM `CenterAlerts`
WHERE ROW_COUNT() = 1 AND `Id` = LAST_INSERT_ID();
2026-10-06 18:19:58 - INF - Executed DbCommand (2ms) [Parameters=[], CommandType='"Text"', CommandTimeout='30']
SELECT `s`.`Id`, `s`.`AlertId`, `s`.`Classification`, `s`.`Content`, `s`.`Lat`, `s`.`Lon`, `s`.`Priority`, `s`.`Source`, `s`.`Status`, `s`.`Timestamp`, `s`.`Title`
FROM `SouthAlerts` AS `s`
WHERE `s`.`Status` = 'WAITING'
LIMIT 1
2026-10-06 18:19:58 - INF - Executed DbCommand (2ms) [Parameters=[@__title_0='?' (Size = 4000)], CommandType='"Text"', CommandTimeout='30']
SELECT `c`.`Id`, `c`.`AlertId`, `c`.`Classification`, `c`.`Content`, `c`.`Lat`, `c`.`Lon`, `c`.`Priority`, `c`.`Source`, `c`.`Status`, `c`.`Timestamp`, `c`.`Title`
FROM `CenterAlerts` AS `c`
WHERE `c`.`Title` = @__title_0
LIMIT 1
2026-10-06 18:19:58 - INF - Executed DbCommand (2ms) [Parameters=[@__title_0='?' (Size = 4000)], CommandType='"Text"', CommandTimeout='30']
SELECT `n`.`Id`, `n`.`AlertId`, `n`.`Classification`, `n`.`Content`, `n`.`Lat`, `n`.`Lon`, `n`.`Priority`, `n`.`Source`, `n`.`Status`, `n`.`Timestamp`, `n`.`Title`
FROM `NorthAlerts` AS `n`
WHERE `n`.`Title` = @__title_0
LIMIT 1
2026-10-06 18:19:58 - INF - Executed DbCommand (2ms) [Parameters=[@__title_0='?' (Size = 4000)], CommandType='"Text"', CommandTimeout='30']
SELECT `o`.`Id`, `o`.`AlertId`, `o`.`Classification`, `o`.`Content`, `o`.`Lat`, `o`.`Lon`, `o`.`Priority`, `o`.`Source`, `o`.`Status`, `o`.`Timestamp`, `o`.`Title`
FROM `OverseasAlerts` AS `o`
WHERE `o`.`Title` = @__title_0
LIMIT 1
2026-10-06 18:20:05 - INF - Executed DbCommand (2ms) [Parameters=[@p0='?' (Size = 4000), @p1='?' (Size = 4000), @p2='?' (Size = 4000), @p3='?' (DbType = Double), @p4='?' (DbType = Double), @p5='?' (Size = 4000), @p6='?' (Size = 4000), @p7='?' (Size = 4000), @p8='?' (Size = 4000), @p9='?' (Size = 4000)], CommandType='"Text"', CommandTimeout='30']
INSERT INTO `SouthAlerts` (`AlertId`, `Classification`, `Content`, `Lat`, `Lon`, `Priority`, `Source`, `Status`, `Timestamp`, `Title`)
VALUES (@p0, @p1, @p2, @p3, @p4, @p5, @p6, @p7, @p8, @p9);
SELECT `Id`
FROM `SouthAlerts`
WHERE ROW_COUNT() = 1 AND `Id` = LAST_INSERT_ID();
2026-10-06 18:20:05 - INF - Executed DbCommand (1ms) [Parameters=[], CommandType='"Text"', CommandTimeout='30']
SELECT `o`.`Id`, `o`.`AlertId`, `o`.`Classification`, `o`.`Content`, `o`.`Lat`, `o`.`Lon`, `o`.`Priority`, `o`.`Source`, `o`.`Status`, `o`.`Timestamp`, `o`.`Title`
FROM `OverseasAlerts` AS `o`
WHERE `o`.`Status` = 'WAITING'
LIMIT 1
2026-10-06 18:20:05 - INF - Executed DbCommand (1ms) [Parameters=[@__title_0='?' (Size = 4000)], CommandType='"Text"', CommandTimeout='30']
SELECT `c`.`Id`, `c`.`AlertId`, `c`.`Classification`, `c`.`Content`, `c`.`Lat`, `c`.`Lon`, `c`.`Priority`, `c`.`Source`, `c`.`Status`, `c`.`Timestamp`, `c`.`Title`
FROM `CenterAlerts` AS `c`
WHERE `c`.`Title` = @__title_0
LIMIT 1
2026-10-06 18:20:05 - INF - Executed DbCommand (1ms) [Parameters=[@__title_0='?' (Size = 4000)], CommandType='"Text"', CommandTimeout='30']
SELECT `n`.`Id`, `n`.`AlertId`, `n`.`Classification`, `n`.`Content`, `n`.`Lat`, `n`.`Lon`, `n`.`Priority`, `n`.`Source`, `n`.`Status`, `n`.`Timestamp`, `n`.`Title`
FROM `NorthAlerts` AS `n`
WHERE `n`.`Title` = @__title_0
LIMIT 1
2026-10-06 18:20:05 - INF - Executed DbCommand (1ms) [Parameters=[@__title_0='?' (Size = 4000)], CommandType='"Text"', CommandTimeout='30']
SELECT `o`.`Id`, `o`.`AlertId`, `o`.`Classification`, `o`.`Content`, `o`.`Lat`, `o`.`Lon`, `o`.`Priority`, `o`.`Source`, `o`.`Status`, `o`.`Timestamp`, `o`.`Title`
FROM `OverseasAlerts` AS `o`
WHERE `o`.`Title` = @__title_0
LIMIT 1
2026-10-06 18:20:13 - INF - Executed DbCommand (47ms) [Parameters=[@p0='?' (Size = 4000), @p1='?' (Size = 4000), @p2='?' (Size = 4000), @p3='?' (DbType = Double), @p4='?' (DbType = Double), @p5='?' (Size = 4000), @p6='?' (Size = 4000), @p7='?' (Size = 4000), @p8='?' (Size = 4000), @p9='?' (Size = 4000)], CommandType='"Text"', CommandTimeout='30']
INSERT INTO `OverseasAlerts` (`AlertId`, `Classification`, `Content`, `Lat`, `Lon`, `Priority`, `Source`, `Status`, `Timestamp`, `Title`)
VALUES (@p0, @p1, @p2, @p3, @p4, @p5, @p6, @p7, @p8, @p9);
SELECT `Id`
FROM `OverseasAlerts`
WHERE ROW_COUNT() = 1 AND `Id` = LAST_INSERT_ID();
2026-10-06 18:20:13 - INF - Executed DbCommand (2ms) [Parameters=[], CommandType='"Text"', CommandTimeout='30']
SELECT `n`.`Id`, `n`.`AlertId`, `n`.`Classification`, `n`.`Content`, `n`.`Lat`, `n`.`Lon`, `n`.`Priority`, `n`.`Source`, `n`.`Status`, `n`.`Timestamp`, `n`.`Title`
FROM `NorthAlerts` AS `n`
WHERE `n`.`Status` = 'WAITING'
LIMIT 1
2026-10-06 18:20:13 - INF - Executed DbCommand (2ms) [Parameters=[@__title_0='?' (Size = 4000)], CommandType='"Text"', CommandTimeout='30']
SELECT `s`.`Id`, `s`.`AlertId`, `s`.`Classification`, `s`.`Content`, `s`.`Lat`, `s`.`Lon`, `s`.`Priority`, `s`.`Source`, `s`.`Status`, `s`.`Timestamp`, `s`.`Title`
FROM `SouthAlerts` AS `s`
WHERE `s`.`Title` = @__title_0
LIMIT 1
2026-10-06 18:20:13 - INF - Executed DbCommand (1ms) [Parameters=[@__title_0='?' (Size = 4000)], CommandType='"Text"', CommandTimeout='30']
SELECT `c`.`Id`, `c`.`AlertId`, `c`.`Classification`, `c`.`Content`, `c`.`Lat`, `c`.`Lon`, `c`.`Priority`, `c`.`Source`, `c`.`Status`, `c`.`Timestamp`, `c`.`Title`
FROM `CenterAlerts` AS `c`
WHERE `c`.`Title` = @__title_0
LIMIT 1
2026-10-06 18:20:13 - INF - Executed DbCommand (1ms) [Parameters=[@__title_0='?' (Size = 4000)], CommandType='"Text"', CommandTimeout='30']
SELECT `o`.`Id`, `o`.`AlertId`, `o`.`Classification`, `o`.`Content`, `o`.`Lat`, `o`.`Lon`, `o`.`Priority`, `o`.`Source`, `o`.`Status`, `o`.`Timestamp`, `o`.`Title`
FROM `OverseasAlerts` AS `o`
WHERE `o`.`Title` = @__title_0
LIMIT 1
2026-10-06 18:20:13 - FTL - same Alerts to all comands! ירי רקטות וטילים
2026-10-06 18:20:19 - INF - Executed DbCommand (3ms) [Parameters=[@p0='?' (Size = 4000), @p1='?' (Size = 4000), @p2='?' (Size = 4000), @p3='?' (DbType = Double), @p4='?' (DbType = Double), @p5='?' (Size = 4000), @p6='?' (Size = 4000), @p7='?' (Size = 4000), @p8='?' (Size = 4000), @p9='?' (Size = 4000)], CommandType='"Text"', CommandTimeout='30']
INSERT INTO `NorthAlerts` (`AlertId`, `Classification`, `Content`, `Lat`, `Lon`, `Priority`, `Source`, `Status`, `Timestamp`, `Title`)
VALUES (@p0, @p1, @p2, @p3, @p4, @p5, @p6, @p7, @p8, @p9);
SELECT `Id`
FROM `NorthAlerts`
WHERE ROW_COUNT() = 1 AND `Id` = LAST_INSERT_ID();
2026-10-06 18:20:19 - INF - Executed DbCommand (3ms) [Parameters=[], CommandType='"Text"', CommandTimeout='30']
SELECT `c`.`Id`, `c`.`AlertId`, `c`.`Classification`, `c`.`Content`, `c`.`Lat`, `c`.`Lon`, `c`.`Priority`, `c`.`Source`, `c`.`Status`, `c`.`Timestamp`, `c`.`Title`
FROM `CenterAlerts` AS `c`
WHERE `c`.`Status` = 'WAITING'
LIMIT 1
2026-10-06 18:20:19 - INF - Executed DbCommand (2ms) [Parameters=[@__title_0='?' (Size = 4000)], CommandType='"Text"', CommandTimeout='30']
SELECT `s`.`Id`, `s`.`AlertId`, `s`.`Classification`, `s`.`Content`, `s`.`Lat`, `s`.`Lon`, `s`.`Priority`, `s`.`Source`, `s`.`Status`, `s`.`Timestamp`, `s`.`Title`
FROM `SouthAlerts` AS `s`
WHERE `s`.`Title` = @__title_0
LIMIT 1
2026-10-06 18:20:19 - INF - Executed DbCommand (3ms) [Parameters=[@__title_0='?' (Size = 4000)], CommandType='"Text"', CommandTimeout='30']
SELECT `n`.`Id`, `n`.`AlertId`, `n`.`Classification`, `n`.`Content`, `n`.`Lat`, `n`.`Lon`, `n`.`Priority`, `n`.`Source`, `n`.`Status`, `n`.`Timestamp`, `n`.`Title`
FROM `NorthAlerts` AS `n`
WHERE `n`.`Title` = @__title_0
LIMIT 1
2026-10-06 18:20:19 - INF - Executed DbCommand (2ms) [Parameters=[@__title_0='?' (Size = 4000)], CommandType='"Text"', CommandTimeout='30']
SELECT `o`.`Id`, `o`.`AlertId`, `o`.`Classification`, `o`.`Content`, `o`.`Lat`, `o`.`Lon`, `o`.`Priority`, `o`.`Source`, `o`.`Status`, `o`.`Timestamp`, `o`.`Title`
FROM `OverseasAlerts` AS `o`
WHERE `o`.`Title` = @__title_0
LIMIT 1
2026-10-06 18:20:21 - INF - Executed DbCommand (2ms) [Parameters=[@p0='?' (Size = 4000), @p1='?' (Size = 4000), @p2='?' (Size = 4000), @p3='?' (DbType = Double), @p4='?' (DbType = Double), @p5='?' (Size = 4000), @p6='?' (Size = 4000), @p7='?' (Size = 4000), @p8='?' (Size = 4000), @p9='?' (Size = 4000)], CommandType='"Text"', CommandTimeout='30']
INSERT INTO `CenterAlerts` (`AlertId`, `Classification`, `Content`, `Lat`, `Lon`, `Priority`, `Source`, `Status`, `Timestamp`, `Title`)
VALUES (@p0, @p1, @p2, @p3, @p4, @p5, @p6, @p7, @p8, @p9);
SELECT `Id`
FROM `CenterAlerts`
WHERE ROW_COUNT() = 1 AND `Id` = LAST_INSERT_ID();
2026-10-06 18:20:21 - INF - Executed DbCommand (1ms) [Parameters=[], CommandType='"Text"', CommandTimeout='30']
SELECT `s`.`Id`, `s`.`AlertId`, `s`.`Classification`, `s`.`Content`, `s`.`Lat`, `s`.`Lon`, `s`.`Priority`, `s`.`Source`, `s`.`Status`, `s`.`Timestamp`, `s`.`Title`
FROM `SouthAlerts` AS `s`
WHERE `s`.`Status` = 'WAITING'
LIMIT 1
2026-10-06 18:20:21 - INF - Executed DbCommand (1ms) [Parameters=[@__title_0='?' (Size = 4000)], CommandType='"Text"', CommandTimeout='30']
SELECT `c`.`Id`, `c`.`AlertId`, `c`.`Classification`, `c`.`Content`, `c`.`Lat`, `c`.`Lon`, `c`.`Priority`, `c`.`Source`, `c`.`Status`, `c`.`Timestamp`, `c`.`Title`
FROM `CenterAlerts` AS `c`
WHERE `c`.`Title` = @__title_0
LIMIT 1
2026-10-06 18:20:21 - INF - Executed DbCommand (2ms) [Parameters=[@__title_0='?' (Size = 4000)], CommandType='"Text"', CommandTimeout='30']
SELECT `n`.`Id`, `n`.`AlertId`, `n`.`Classification`, `n`.`Content`, `n`.`Lat`, `n`.`Lon`, `n`.`Priority`, `n`.`Source`, `n`.`Status`, `n`.`Timestamp`, `n`.`Title`
FROM `NorthAlerts` AS `n`
WHERE `n`.`Title` = @__title_0
LIMIT 1
2026-10-06 18:20:21 - INF - Executed DbCommand (2ms) [Parameters=[@__title_0='?' (Size = 4000)], CommandType='"Text"', CommandTimeout='30']
SELECT `o`.`Id`, `o`.`AlertId`, `o`.`Classification`, `o`.`Content`, `o`.`Lat`, `o`.`Lon`, `o`.`Priority`, `o`.`Source`, `o`.`Status`, `o`.`Timestamp`, `o`.`Title`
FROM `OverseasAlerts` AS `o`
WHERE `o`.`Title` = @__title_0
LIMIT 1
2026-10-06 18:20:28 - INF - Executed DbCommand (3ms) [Parameters=[@p0='?' (Size = 4000), @p1='?' (Size = 4000), @p2='?' (Size = 4000), @p3='?' (DbType = Double), @p4='?' (DbType = Double), @p5='?' (Size = 4000), @p6='?' (Size = 4000), @p7='?' (Size = 4000), @p8='?' (Size = 4000), @p9='?' (Size = 4000)], CommandType='"Text"', CommandTimeout='30']
INSERT INTO `SouthAlerts` (`AlertId`, `Classification`, `Content`, `Lat`, `Lon`, `Priority`, `Source`, `Status`, `Timestamp`, `Title`)
VALUES (@p0, @p1, @p2, @p3, @p4, @p5, @p6, @p7, @p8, @p9);
SELECT `Id`
FROM `SouthAlerts`
WHERE ROW_COUNT() = 1 AND `Id` = LAST_INSERT_ID();
2026-10-06 18:20:28 - INF - Executed DbCommand (3ms) [Parameters=[], CommandType='"Text"', CommandTimeout='30']
SELECT `o`.`Id`, `o`.`AlertId`, `o`.`Classification`, `o`.`Content`, `o`.`Lat`, `o`.`Lon`, `o`.`Priority`, `o`.`Source`, `o`.`Status`, `o`.`Timestamp`, `o`.`Title`
FROM `OverseasAlerts` AS `o`
WHERE `o`.`Status` = 'WAITING'
LIMIT 1
2026-10-06 18:20:28 - INF - Executed DbCommand (1ms) [Parameters=[@__title_0='?' (Size = 4000)], CommandType='"Text"', CommandTimeout='30']
SELECT `c`.`Id`, `c`.`AlertId`, `c`.`Classification`, `c`.`Content`, `c`.`Lat`, `c`.`Lon`, `c`.`Priority`, `c`.`Source`, `c`.`Status`, `c`.`Timestamp`, `c`.`Title`
FROM `CenterAlerts` AS `c`
WHERE `c`.`Title` = @__title_0
LIMIT 1
2026-10-06 18:20:28 - INF - Executed DbCommand (1ms) [Parameters=[@__title_0='?' (Size = 4000)], CommandType='"Text"', CommandTimeout='30']
SELECT `n`.`Id`, `n`.`AlertId`, `n`.`Classification`, `n`.`Content`, `n`.`Lat`, `n`.`Lon`, `n`.`Priority`, `n`.`Source`, `n`.`Status`, `n`.`Timestamp`, `n`.`Title`
FROM `NorthAlerts` AS `n`
WHERE `n`.`Title` = @__title_0
LIMIT 1
2026-10-06 18:20:28 - INF - Executed DbCommand (1ms) [Parameters=[@__title_0='?' (Size = 4000)], CommandType='"Text"', CommandTimeout='30']
SELECT `o`.`Id`, `o`.`AlertId`, `o`.`Classification`, `o`.`Content`, `o`.`Lat`, `o`.`Lon`, `o`.`Priority`, `o`.`Source`, `o`.`Status`, `o`.`Timestamp`, `o`.`Title`
FROM `OverseasAlerts` AS `o`
WHERE `o`.`Title` = @__title_0
LIMIT 1
2026-10-06 18:20:35 - INF - Executed DbCommand (4ms) [Parameters=[@p0='?' (Size = 4000), @p1='?' (Size = 4000), @p2='?' (Size = 4000), @p3='?' (DbType = Double), @p4='?' (DbType = Double), @p5='?' (Size = 4000), @p6='?' (Size = 4000), @p7='?' (Size = 4000), @p8='?' (Size = 4000), @p9='?' (Size = 4000)], CommandType='"Text"', CommandTimeout='30']
INSERT INTO `OverseasAlerts` (`AlertId`, `Classification`, `Content`, `Lat`, `Lon`, `Priority`, `Source`, `Status`, `Timestamp`, `Title`)
VALUES (@p0, @p1, @p2, @p3, @p4, @p5, @p6, @p7, @p8, @p9);
SELECT `Id`
FROM `OverseasAlerts`
WHERE ROW_COUNT() = 1 AND `Id` = LAST_INSERT_ID();
2026-10-06 18:20:35 - INF - Executed DbCommand (4ms) [Parameters=[], CommandType='"Text"', CommandTimeout='30']
SELECT `n`.`Id`, `n`.`AlertId`, `n`.`Classification`, `n`.`Content`, `n`.`Lat`, `n`.`Lon`, `n`.`Priority`, `n`.`Source`, `n`.`Status`, `n`.`Timestamp`, `n`.`Title`
FROM `NorthAlerts` AS `n`
WHERE `n`.`Status` = 'WAITING'
LIMIT 1
2026-10-06 18:20:35 - INF - Executed DbCommand (10ms) [Parameters=[@__title_0='?' (Size = 4000)], CommandType='"Text"', CommandTimeout='30']
SELECT `s`.`Id`, `s`.`AlertId`, `s`.`Classification`, `s`.`Content`, `s`.`Lat`, `s`.`Lon`, `s`.`Priority`, `s`.`Source`, `s`.`Status`, `s`.`Timestamp`, `s`.`Title`
FROM `SouthAlerts` AS `s`
WHERE `s`.`Title` = @__title_0
LIMIT 1
2026-10-06 18:20:35 - INF - Executed DbCommand (5ms) [Parameters=[@__title_0='?' (Size = 4000)], CommandType='"Text"', CommandTimeout='30']
SELECT `c`.`Id`, `c`.`AlertId`, `c`.`Classification`, `c`.`Content`, `c`.`Lat`, `c`.`Lon`, `c`.`Priority`, `c`.`Source`, `c`.`Status`, `c`.`Timestamp`, `c`.`Title`
FROM `CenterAlerts` AS `c`
WHERE `c`.`Title` = @__title_0
LIMIT 1
2026-10-06 18:20:35 - INF - Executed DbCommand (5ms) [Parameters=[@__title_0='?' (Size = 4000)], CommandType='"Text"', CommandTimeout='30']
SELECT `o`.`Id`, `o`.`AlertId`, `o`.`Classification`, `o`.`Content`, `o`.`Lat`, `o`.`Lon`, `o`.`Priority`, `o`.`Source`, `o`.`Status`, `o`.`Timestamp`, `o`.`Title`
FROM `OverseasAlerts` AS `o`
WHERE `o`.`Title` = @__title_0
LIMIT 1
2026-10-06 18:20:35 - FTL - same Alerts to all comands! ירי רקטות וטילים
2026-10-06 18:20:41 - INF - Executed DbCommand (3ms) [Parameters=[@p0='?' (Size = 4000), @p1='?' (Size = 4000), @p2='?' (Size = 4000), @p3='?' (DbType = Double), @p4='?' (DbType = Double), @p5='?' (Size = 4000), @p6='?' (Size = 4000), @p7='?' (Size = 4000), @p8='?' (Size = 4000), @p9='?' (Size = 4000)], CommandType='"Text"', CommandTimeout='30']
INSERT INTO `NorthAlerts` (`AlertId`, `Classification`, `Content`, `Lat`, `Lon`, `Priority`, `Source`, `Status`, `Timestamp`, `Title`)
VALUES (@p0, @p1, @p2, @p3, @p4, @p5, @p6, @p7, @p8, @p9);
SELECT `Id`
FROM `NorthAlerts`
WHERE ROW_COUNT() = 1 AND `Id` = LAST_INSERT_ID();
2026-10-06 18:20:41 - INF - Executed DbCommand (3ms) [Parameters=[], CommandType='"Text"', CommandTimeout='30']
SELECT `c`.`Id`, `c`.`AlertId`, `c`.`Classification`, `c`.`Content`, `c`.`Lat`, `c`.`Lon`, `c`.`Priority`, `c`.`Source`, `c`.`Status`, `c`.`Timestamp`, `c`.`Title`
FROM `CenterAlerts` AS `c`
WHERE `c`.`Status` = 'WAITING'
LIMIT 1
2026-10-06 18:20:41 - INF - Executed DbCommand (4ms) [Parameters=[@__title_0='?' (Size = 4000)], CommandType='"Text"', CommandTimeout='30']
SELECT `s`.`Id`, `s`.`AlertId`, `s`.`Classification`, `s`.`Content`, `s`.`Lat`, `s`.`Lon`, `s`.`Priority`, `s`.`Source`, `s`.`Status`, `s`.`Timestamp`, `s`.`Title`
FROM `SouthAlerts` AS `s`
WHERE `s`.`Title` = @__title_0
LIMIT 1
2026-10-06 18:20:41 - INF - Executed DbCommand (4ms) [Parameters=[@__title_0='?' (Size = 4000)], CommandType='"Text"', CommandTimeout='30']
SELECT `n`.`Id`, `n`.`AlertId`, `n`.`Classification`, `n`.`Content`, `n`.`Lat`, `n`.`Lon`, `n`.`Priority`, `n`.`Source`, `n`.`Status`, `n`.`Timestamp`, `n`.`Title`
FROM `NorthAlerts` AS `n`
WHERE `n`.`Title` = @__title_0
LIMIT 1
2026-10-06 18:20:41 - INF - Executed DbCommand (4ms) [Parameters=[@__title_0='?' (Size = 4000)], CommandType='"Text"', CommandTimeout='30']
SELECT `o`.`Id`, `o`.`AlertId`, `o`.`Classification`, `o`.`Content`, `o`.`Lat`, `o`.`Lon`, `o`.`Priority`, `o`.`Source`, `o`.`Status`, `o`.`Timestamp`, `o`.`Title`
FROM `OverseasAlerts` AS `o`
WHERE `o`.`Title` = @__title_0
LIMIT 1
2026-10-06 18:20:43 - INF - Executed DbCommand (2ms) [Parameters=[@p0='?' (Size = 4000), @p1='?' (Size = 4000), @p2='?' (Size = 4000), @p3='?' (DbType = Double), @p4='?' (DbType = Double), @p5='?' (Size = 4000), @p6='?' (Size = 4000), @p7='?' (Size = 4000), @p8='?' (Size = 4000), @p9='?' (Size = 4000)], CommandType='"Text"', CommandTimeout='30']
INSERT INTO `CenterAlerts` (`AlertId`, `Classification`, `Content`, `Lat`, `Lon`, `Priority`, `Source`, `Status`, `Timestamp`, `Title`)
VALUES (@p0, @p1, @p2, @p3, @p4, @p5, @p6, @p7, @p8, @p9);
SELECT `Id`
FROM `CenterAlerts`
WHERE ROW_COUNT() = 1 AND `Id` = LAST_INSERT_ID();
2026-10-06 18:20:43 - INF - Executed DbCommand (2ms) [Parameters=[], CommandType='"Text"', CommandTimeout='30']
SELECT `s`.`Id`, `s`.`AlertId`, `s`.`Classification`, `s`.`Content`, `s`.`Lat`, `s`.`Lon`, `s`.`Priority`, `s`.`Source`, `s`.`Status`, `s`.`Timestamp`, `s`.`Title`
FROM `SouthAlerts` AS `s`
WHERE `s`.`Status` = 'WAITING'
LIMIT 1
2026-10-06 18:20:43 - INF - Executed DbCommand (2ms) [Parameters=[@__title_0='?' (Size = 4000)], CommandType='"Text"', CommandTimeout='30']
SELECT `c`.`Id`, `c`.`AlertId`, `c`.`Classification`, `c`.`Content`, `c`.`Lat`, `c`.`Lon`, `c`.`Priority`, `c`.`Source`, `c`.`Status`, `c`.`Timestamp`, `c`.`Title`
FROM `CenterAlerts` AS `c`
WHERE `c`.`Title` = @__title_0
LIMIT 1
2026-10-06 18:20:43 - INF - Executed DbCommand (2ms) [Parameters=[@__title_0='?' (Size = 4000)], CommandType='"Text"', CommandTimeout='30']
SELECT `n`.`Id`, `n`.`AlertId`, `n`.`Classification`, `n`.`Content`, `n`.`Lat`, `n`.`Lon`, `n`.`Priority`, `n`.`Source`, `n`.`Status`, `n`.`Timestamp`, `n`.`Title`
FROM `NorthAlerts` AS `n`
WHERE `n`.`Title` = @__title_0
LIMIT 1
2026-10-06 18:20:43 - INF - Executed DbCommand (2ms) [Parameters=[@__title_0='?' (Size = 4000)], CommandType='"Text"', CommandTimeout='30']
SELECT `o`.`Id`, `o`.`AlertId`, `o`.`Classification`, `o`.`Content`, `o`.`Lat`, `o`.`Lon`, `o`.`Priority`, `o`.`Source`, `o`.`Status`, `o`.`Timestamp`, `o`.`Title`
FROM `OverseasAlerts` AS `o`
WHERE `o`.`Title` = @__title_0
LIMIT 1
2026-10-06 18:20:50 - INF - Executed DbCommand (2ms) [Parameters=[@p0='?' (Size = 4000), @p1='?' (Size = 4000), @p2='?' (Size = 4000), @p3='?' (DbType = Double), @p4='?' (DbType = Double), @p5='?' (Size = 4000), @p6='?' (Size = 4000), @p7='?' (Size = 4000), @p8='?' (Size = 4000), @p9='?' (Size = 4000)], CommandType='"Text"', CommandTimeout='30']
INSERT INTO `SouthAlerts` (`AlertId`, `Classification`, `Content`, `Lat`, `Lon`, `Priority`, `Source`, `Status`, `Timestamp`, `Title`)
VALUES (@p0, @p1, @p2, @p3, @p4, @p5, @p6, @p7, @p8, @p9);
SELECT `Id`
FROM `SouthAlerts`
WHERE ROW_COUNT() = 1 AND `Id` = LAST_INSERT_ID();
2026-10-06 18:20:50 - INF - Executed DbCommand (2ms) [Parameters=[], CommandType='"Text"', CommandTimeout='30']
SELECT `o`.`Id`, `o`.`AlertId`, `o`.`Classification`, `o`.`Content`, `o`.`Lat`, `o`.`Lon`, `o`.`Priority`, `o`.`Source`, `o`.`Status`, `o`.`Timestamp`, `o`.`Title`
FROM `OverseasAlerts` AS `o`
WHERE `o`.`Status` = 'WAITING'
LIMIT 1
2026-10-06 18:20:50 - INF - Executed DbCommand (2ms) [Parameters=[@__title_0='?' (Size = 4000)], CommandType='"Text"', CommandTimeout='30']
SELECT `c`.`Id`, `c`.`AlertId`, `c`.`Classification`, `c`.`Content`, `c`.`Lat`, `c`.`Lon`, `c`.`Priority`, `c`.`Source`, `c`.`Status`, `c`.`Timestamp`, `c`.`Title`
FROM `CenterAlerts` AS `c`
WHERE `c`.`Title` = @__title_0
LIMIT 1
2026-10-06 18:20:50 - INF - Executed DbCommand (2ms) [Parameters=[@__title_0='?' (Size = 4000)], CommandType='"Text"', CommandTimeout='30']
SELECT `n`.`Id`, `n`.`AlertId`, `n`.`Classification`, `n`.`Content`, `n`.`Lat`, `n`.`Lon`, `n`.`Priority`, `n`.`Source`, `n`.`Status`, `n`.`Timestamp`, `n`.`Title`
FROM `NorthAlerts` AS `n`
WHERE `n`.`Title` = @__title_0
LIMIT 1
2026-10-06 18:20:50 - INF - Executed DbCommand (2ms) [Parameters=[@__title_0='?' (Size = 4000)], CommandType='"Text"', CommandTimeout='30']
SELECT `o`.`Id`, `o`.`AlertId`, `o`.`Classification`, `o`.`Content`, `o`.`Lat`, `o`.`Lon`, `o`.`Priority`, `o`.`Source`, `o`.`Status`, `o`.`Timestamp`, `o`.`Title`
FROM `OverseasAlerts` AS `o`
WHERE `o`.`Title` = @__title_0
LIMIT 1
2026-10-06 18:20:57 - INF - Executed DbCommand (3ms) [Parameters=[@p0='?' (Size = 4000), @p1='?' (Size = 4000), @p2='?' (Size = 4000), @p3='?' (DbType = Double), @p4='?' (DbType = Double), @p5='?' (Size = 4000), @p6='?' (Size = 4000), @p7='?' (Size = 4000), @p8='?' (Size = 4000), @p9='?' (Size = 4000)], CommandType='"Text"', CommandTimeout='30']
INSERT INTO `OverseasAlerts` (`AlertId`, `Classification`, `Content`, `Lat`, `Lon`, `Priority`, `Source`, `Status`, `Timestamp`, `Title`)
VALUES (@p0, @p1, @p2, @p3, @p4, @p5, @p6, @p7, @p8, @p9);
SELECT `Id`
FROM `OverseasAlerts`
WHERE ROW_COUNT() = 1 AND `Id` = LAST_INSERT_ID();
2026-10-06 18:20:57 - INF - Executed DbCommand (14ms) [Parameters=[], CommandType='"Text"', CommandTimeout='30']
SELECT `n`.`Id`, `n`.`AlertId`, `n`.`Classification`, `n`.`Content`, `n`.`Lat`, `n`.`Lon`, `n`.`Priority`, `n`.`Source`, `n`.`Status`, `n`.`Timestamp`, `n`.`Title`
FROM `NorthAlerts` AS `n`
WHERE `n`.`Status` = 'WAITING'
LIMIT 1
2026-10-06 18:20:57 - INF - Executed DbCommand (4ms) [Parameters=[@__title_0='?' (Size = 4000)], CommandType='"Text"', CommandTimeout='30']
SELECT `s`.`Id`, `s`.`AlertId`, `s`.`Classification`, `s`.`Content`, `s`.`Lat`, `s`.`Lon`, `s`.`Priority`, `s`.`Source`, `s`.`Status`, `s`.`Timestamp`, `s`.`Title`
FROM `SouthAlerts` AS `s`
WHERE `s`.`Title` = @__title_0
LIMIT 1
2026-10-06 18:20:57 - INF - Executed DbCommand (3ms) [Parameters=[@__title_0='?' (Size = 4000)], CommandType='"Text"', CommandTimeout='30']
SELECT `c`.`Id`, `c`.`AlertId`, `c`.`Classification`, `c`.`Content`, `c`.`Lat`, `c`.`Lon`, `c`.`Priority`, `c`.`Source`, `c`.`Status`, `c`.`Timestamp`, `c`.`Title`
FROM `CenterAlerts` AS `c`
WHERE `c`.`Title` = @__title_0
LIMIT 1
2026-10-06 18:20:57 - INF - Executed DbCommand (3ms) [Parameters=[@__title_0='?' (Size = 4000)], CommandType='"Text"', CommandTimeout='30']
SELECT `o`.`Id`, `o`.`AlertId`, `o`.`Classification`, `o`.`Content`, `o`.`Lat`, `o`.`Lon`, `o`.`Priority`, `o`.`Source`, `o`.`Status`, `o`.`Timestamp`, `o`.`Title`
FROM `OverseasAlerts` AS `o`
WHERE `o`.`Title` = @__title_0
LIMIT 1
2026-10-06 18:20:57 - FTL - same Alerts to all comands! ירי רקטות וטילים
2026-10-06 18:21:03 - INF - Executed DbCommand (2ms) [Parameters=[@p0='?' (Size = 4000), @p1='?' (Size = 4000), @p2='?' (Size = 4000), @p3='?' (DbType = Double), @p4='?' (DbType = Double), @p5='?' (Size = 4000), @p6='?' (Size = 4000), @p7='?' (Size = 4000), @p8='?' (Size = 4000), @p9='?' (Size = 4000)], CommandType='"Text"', CommandTimeout='30']
INSERT INTO `NorthAlerts` (`AlertId`, `Classification`, `Content`, `Lat`, `Lon`, `Priority`, `Source`, `Status`, `Timestamp`, `Title`)
VALUES (@p0, @p1, @p2, @p3, @p4, @p5, @p6, @p7, @p8, @p9);
SELECT `Id`
FROM `NorthAlerts`
WHERE ROW_COUNT() = 1 AND `Id` = LAST_INSERT_ID();
2026-10-06 18:21:03 - INF - Executed DbCommand (2ms) [Parameters=[], CommandType='"Text"', CommandTimeout='30']
SELECT `c`.`Id`, `c`.`AlertId`, `c`.`Classification`, `c`.`Content`, `c`.`Lat`, `c`.`Lon`, `c`.`Priority`, `c`.`Source`, `c`.`Status`, `c`.`Timestamp`, `c`.`Title`
FROM `CenterAlerts` AS `c`
WHERE `c`.`Status` = 'WAITING'
LIMIT 1
2026-10-06 18:21:03 - INF - Executed DbCommand (2ms) [Parameters=[@__title_0='?' (Size = 4000)], CommandType='"Text"', CommandTimeout='30']
SELECT `s`.`Id`, `s`.`AlertId`, `s`.`Classification`, `s`.`Content`, `s`.`Lat`, `s`.`Lon`, `s`.`Priority`, `s`.`Source`, `s`.`Status`, `s`.`Timestamp`, `s`.`Title`
FROM `SouthAlerts` AS `s`
WHERE `s`.`Title` = @__title_0
LIMIT 1
2026-10-06 18:21:03 - INF - Executed DbCommand (2ms) [Parameters=[@__title_0='?' (Size = 4000)], CommandType='"Text"', CommandTimeout='30']
SELECT `n`.`Id`, `n`.`AlertId`, `n`.`Classification`, `n`.`Content`, `n`.`Lat`, `n`.`Lon`, `n`.`Priority`, `n`.`Source`, `n`.`Status`, `n`.`Timestamp`, `n`.`Title`
FROM `NorthAlerts` AS `n`
WHERE `n`.`Title` = @__title_0
LIMIT 1
2026-10-06 18:21:03 - INF - Executed DbCommand (2ms) [Parameters=[@__title_0='?' (Size = 4000)], CommandType='"Text"', CommandTimeout='30']
SELECT `o`.`Id`, `o`.`AlertId`, `o`.`Classification`, `o`.`Content`, `o`.`Lat`, `o`.`Lon`, `o`.`Priority`, `o`.`Source`, `o`.`Status`, `o`.`Timestamp`, `o`.`Title`
FROM `OverseasAlerts` AS `o`
WHERE `o`.`Title` = @__title_0
LIMIT 1
2026-10-06 18:21:05 - INF - Executed DbCommand (2ms) [Parameters=[@p0='?' (Size = 4000), @p1='?' (Size = 4000), @p2='?' (Size = 4000), @p3='?' (DbType = Double), @p4='?' (DbType = Double), @p5='?' (Size = 4000), @p6='?' (Size = 4000), @p7='?' (Size = 4000), @p8='?' (Size = 4000), @p9='?' (Size = 4000)], CommandType='"Text"', CommandTimeout='30']
INSERT INTO `CenterAlerts` (`AlertId`, `Classification`, `Content`, `Lat`, `Lon`, `Priority`, `Source`, `Status`, `Timestamp`, `Title`)
VALUES (@p0, @p1, @p2, @p3, @p4, @p5, @p6, @p7, @p8, @p9);
SELECT `Id`
FROM `CenterAlerts`
WHERE ROW_COUNT() = 1 AND `Id` = LAST_INSERT_ID();
2026-10-06 18:21:05 - INF - Executed DbCommand (2ms) [Parameters=[], CommandType='"Text"', CommandTimeout='30']
SELECT `s`.`Id`, `s`.`AlertId`, `s`.`Classification`, `s`.`Content`, `s`.`Lat`, `s`.`Lon`, `s`.`Priority`, `s`.`Source`, `s`.`Status`, `s`.`Timestamp`, `s`.`Title`
FROM `SouthAlerts` AS `s`
WHERE `s`.`Status` = 'WAITING'
LIMIT 1
2026-10-06 18:21:05 - INF - Executed DbCommand (2ms) [Parameters=[@__title_0='?' (Size = 4000)], CommandType='"Text"', CommandTimeout='30']
SELECT `c`.`Id`, `c`.`AlertId`, `c`.`Classification`, `c`.`Content`, `c`.`Lat`, `c`.`Lon`, `c`.`Priority`, `c`.`Source`, `c`.`Status`, `c`.`Timestamp`, `c`.`Title`
FROM `CenterAlerts` AS `c`
WHERE `c`.`Title` = @__title_0
LIMIT 1
2026-10-06 18:21:05 - INF - Executed DbCommand (2ms) [Parameters=[@__title_0='?' (Size = 4000)], CommandType='"Text"', CommandTimeout='30']
SELECT `n`.`Id`, `n`.`AlertId`, `n`.`Classification`, `n`.`Content`, `n`.`Lat`, `n`.`Lon`, `n`.`Priority`, `n`.`Source`, `n`.`Status`, `n`.`Timestamp`, `n`.`Title`
FROM `NorthAlerts` AS `n`
WHERE `n`.`Title` = @__title_0
LIMIT 1
2026-10-06 18:21:05 - INF - Executed DbCommand (2ms) [Parameters=[@__title_0='?' (Size = 4000)], CommandType='"Text"', CommandTimeout='30']
SELECT `o`.`Id`, `o`.`AlertId`, `o`.`Classification`, `o`.`Content`, `o`.`Lat`, `o`.`Lon`, `o`.`Priority`, `o`.`Source`, `o`.`Status`, `o`.`Timestamp`, `o`.`Title`
FROM `OverseasAlerts` AS `o`
WHERE `o`.`Title` = @__title_0
LIMIT 1
2026-10-06 18:21:12 - INF - Executed DbCommand (3ms) [Parameters=[@p0='?' (Size = 4000), @p1='?' (Size = 4000), @p2='?' (Size = 4000), @p3='?' (DbType = Double), @p4='?' (DbType = Double), @p5='?' (Size = 4000), @p6='?' (Size = 4000), @p7='?' (Size = 4000), @p8='?' (Size = 4000), @p9='?' (Size = 4000)], CommandType='"Text"', CommandTimeout='30']
INSERT INTO `SouthAlerts` (`AlertId`, `Classification`, `Content`, `Lat`, `Lon`, `Priority`, `Source`, `Status`, `Timestamp`, `Title`)
VALUES (@p0, @p1, @p2, @p3, @p4, @p5, @p6, @p7, @p8, @p9);
SELECT `Id`
FROM `SouthAlerts`
WHERE ROW_COUNT() = 1 AND `Id` = LAST_INSERT_ID();
2026-10-06 18:21:12 - INF - Executed DbCommand (2ms) [Parameters=[], CommandType='"Text"', CommandTimeout='30']
SELECT `o`.`Id`, `o`.`AlertId`, `o`.`Classification`, `o`.`Content`, `o`.`Lat`, `o`.`Lon`, `o`.`Priority`, `o`.`Source`, `o`.`Status`, `o`.`Timestamp`, `o`.`Title`
FROM `OverseasAlerts` AS `o`
WHERE `o`.`Status` = 'WAITING'
LIMIT 1
2026-10-06 18:21:12 - INF - Executed DbCommand (3ms) [Parameters=[@__title_0='?' (Size = 4000)], CommandType='"Text"', CommandTimeout='30']
SELECT `c`.`Id`, `c`.`AlertId`, `c`.`Classification`, `c`.`Content`, `c`.`Lat`, `c`.`Lon`, `c`.`Priority`, `c`.`Source`, `c`.`Status`, `c`.`Timestamp`, `c`.`Title`
FROM `CenterAlerts` AS `c`
WHERE `c`.`Title` = @__title_0
LIMIT 1
2026-10-06 18:21:12 - INF - Executed DbCommand (5ms) [Parameters=[@__title_0='?' (Size = 4000)], CommandType='"Text"', CommandTimeout='30']
SELECT `n`.`Id`, `n`.`AlertId`, `n`.`Classification`, `n`.`Content`, `n`.`Lat`, `n`.`Lon`, `n`.`Priority`, `n`.`Source`, `n`.`Status`, `n`.`Timestamp`, `n`.`Title`
FROM `NorthAlerts` AS `n`
WHERE `n`.`Title` = @__title_0
LIMIT 1
2026-10-06 18:21:12 - INF - Executed DbCommand (4ms) [Parameters=[@__title_0='?' (Size = 4000)], CommandType='"Text"', CommandTimeout='30']
SELECT `o`.`Id`, `o`.`AlertId`, `o`.`Classification`, `o`.`Content`, `o`.`Lat`, `o`.`Lon`, `o`.`Priority`, `o`.`Source`, `o`.`Status`, `o`.`Timestamp`, `o`.`Title`
FROM `OverseasAlerts` AS `o`
WHERE `o`.`Title` = @__title_0
LIMIT 1
2026-10-06 18:21:19 - INF - Executed DbCommand (1ms) [Parameters=[@p0='?' (Size = 4000), @p1='?' (Size = 4000), @p2='?' (Size = 4000), @p3='?' (DbType = Double), @p4='?' (DbType = Double), @p5='?' (Size = 4000), @p6='?' (Size = 4000), @p7='?' (Size = 4000), @p8='?' (Size = 4000), @p9='?' (Size = 4000)], CommandType='"Text"', CommandTimeout='30']
INSERT INTO `OverseasAlerts` (`AlertId`, `Classification`, `Content`, `Lat`, `Lon`, `Priority`, `Source`, `Status`, `Timestamp`, `Title`)
VALUES (@p0, @p1, @p2, @p3, @p4, @p5, @p6, @p7, @p8, @p9);
SELECT `Id`
FROM `OverseasAlerts`
WHERE ROW_COUNT() = 1 AND `Id` = LAST_INSERT_ID();
2026-10-06 18:21:19 - INF - Executed DbCommand (1ms) [Parameters=[], CommandType='"Text"', CommandTimeout='30']
SELECT `n`.`Id`, `n`.`AlertId`, `n`.`Classification`, `n`.`Content`, `n`.`Lat`, `n`.`Lon`, `n`.`Priority`, `n`.`Source`, `n`.`Status`, `n`.`Timestamp`, `n`.`Title`
FROM `NorthAlerts` AS `n`
WHERE `n`.`Status` = 'WAITING'
LIMIT 1
2026-10-06 18:21:19 - INF - Executed DbCommand (1ms) [Parameters=[@__title_0='?' (Size = 4000)], CommandType='"Text"', CommandTimeout='30']
SELECT `s`.`Id`, `s`.`AlertId`, `s`.`Classification`, `s`.`Content`, `s`.`Lat`, `s`.`Lon`, `s`.`Priority`, `s`.`Source`, `s`.`Status`, `s`.`Timestamp`, `s`.`Title`
FROM `SouthAlerts` AS `s`
WHERE `s`.`Title` = @__title_0
LIMIT 1
2026-10-06 18:21:19 - INF - Executed DbCommand (1ms) [Parameters=[@__title_0='?' (Size = 4000)], CommandType='"Text"', CommandTimeout='30']
SELECT `c`.`Id`, `c`.`AlertId`, `c`.`Classification`, `c`.`Content`, `c`.`Lat`, `c`.`Lon`, `c`.`Priority`, `c`.`Source`, `c`.`Status`, `c`.`Timestamp`, `c`.`Title`
FROM `CenterAlerts` AS `c`
WHERE `c`.`Title` = @__title_0
LIMIT 1
2026-10-06 18:21:19 - INF - Executed DbCommand (1ms) [Parameters=[@__title_0='?' (Size = 4000)], CommandType='"Text"', CommandTimeout='30']
SELECT `o`.`Id`, `o`.`AlertId`, `o`.`Classification`, `o`.`Content`, `o`.`Lat`, `o`.`Lon`, `o`.`Priority`, `o`.`Source`, `o`.`Status`, `o`.`Timestamp`, `o`.`Title`
FROM `OverseasAlerts` AS `o`
WHERE `o`.`Title` = @__title_0
LIMIT 1
2026-10-06 18:21:19 - FTL - same Alerts to all comands! ירי רקטות וטילים
2026-10-06 18:21:25 - INF - Executed DbCommand (4ms) [Parameters=[@p0='?' (Size = 4000), @p1='?' (Size = 4000), @p2='?' (Size = 4000), @p3='?' (DbType = Double), @p4='?' (DbType = Double), @p5='?' (Size = 4000), @p6='?' (Size = 4000), @p7='?' (Size = 4000), @p8='?' (Size = 4000), @p9='?' (Size = 4000)], CommandType='"Text"', CommandTimeout='30']
INSERT INTO `NorthAlerts` (`AlertId`, `Classification`, `Content`, `Lat`, `Lon`, `Priority`, `Source`, `Status`, `Timestamp`, `Title`)
VALUES (@p0, @p1, @p2, @p3, @p4, @p5, @p6, @p7, @p8, @p9);
SELECT `Id`
FROM `NorthAlerts`
WHERE ROW_COUNT() = 1 AND `Id` = LAST_INSERT_ID();
2026-10-06 18:21:25 - INF - Executed DbCommand (5ms) [Parameters=[], CommandType='"Text"', CommandTimeout='30']
SELECT `c`.`Id`, `c`.`AlertId`, `c`.`Classification`, `c`.`Content`, `c`.`Lat`, `c`.`Lon`, `c`.`Priority`, `c`.`Source`, `c`.`Status`, `c`.`Timestamp`, `c`.`Title`
FROM `CenterAlerts` AS `c`
WHERE `c`.`Status` = 'WAITING'
LIMIT 1
2026-10-06 18:21:25 - INF - Executed DbCommand (4ms) [Parameters=[@__title_0='?' (Size = 4000)], CommandType='"Text"', CommandTimeout='30']
SELECT `s`.`Id`, `s`.`AlertId`, `s`.`Classification`, `s`.`Content`, `s`.`Lat`, `s`.`Lon`, `s`.`Priority`, `s`.`Source`, `s`.`Status`, `s`.`Timestamp`, `s`.`Title`
FROM `SouthAlerts` AS `s`
WHERE `s`.`Title` = @__title_0
LIMIT 1
2026-10-06 18:21:25 - INF - Executed DbCommand (4ms) [Parameters=[@__title_0='?' (Size = 4000)], CommandType='"Text"', CommandTimeout='30']
SELECT `n`.`Id`, `n`.`AlertId`, `n`.`Classification`, `n`.`Content`, `n`.`Lat`, `n`.`Lon`, `n`.`Priority`, `n`.`Source`, `n`.`Status`, `n`.`Timestamp`, `n`.`Title`
FROM `NorthAlerts` AS `n`
WHERE `n`.`Title` = @__title_0
LIMIT 1
2026-10-06 18:21:25 - INF - Executed DbCommand (5ms) [Parameters=[@__title_0='?' (Size = 4000)], CommandType='"Text"', CommandTimeout='30']
SELECT `o`.`Id`, `o`.`AlertId`, `o`.`Classification`, `o`.`Content`, `o`.`Lat`, `o`.`Lon`, `o`.`Priority`, `o`.`Source`, `o`.`Status`, `o`.`Timestamp`, `o`.`Title`
FROM `OverseasAlerts` AS `o`
WHERE `o`.`Title` = @__title_0
LIMIT 1
2026-10-06 18:21:27 - INF - Executed DbCommand (2ms) [Parameters=[@p0='?' (Size = 4000), @p1='?' (Size = 4000), @p2='?' (Size = 4000), @p3='?' (DbType = Double), @p4='?' (DbType = Double), @p5='?' (Size = 4000), @p6='?' (Size = 4000), @p7='?' (Size = 4000), @p8='?' (Size = 4000), @p9='?' (Size = 4000)], CommandType='"Text"', CommandTimeout='30']
INSERT INTO `CenterAlerts` (`AlertId`, `Classification`, `Content`, `Lat`, `Lon`, `Priority`, `Source`, `Status`, `Timestamp`, `Title`)
VALUES (@p0, @p1, @p2, @p3, @p4, @p5, @p6, @p7, @p8, @p9);
SELECT `Id`
FROM `CenterAlerts`
WHERE ROW_COUNT() = 1 AND `Id` = LAST_INSERT_ID();
2026-10-06 18:21:27 - INF - Executed DbCommand (2ms) [Parameters=[], CommandType='"Text"', CommandTimeout='30']
SELECT `s`.`Id`, `s`.`AlertId`, `s`.`Classification`, `s`.`Content`, `s`.`Lat`, `s`.`Lon`, `s`.`Priority`, `s`.`Source`, `s`.`Status`, `s`.`Timestamp`, `s`.`Title`
FROM `SouthAlerts` AS `s`
WHERE `s`.`Status` = 'WAITING'
LIMIT 1
2026-10-06 18:21:27 - INF - Executed DbCommand (25ms) [Parameters=[@__title_0='?' (Size = 4000)], CommandType='"Text"', CommandTimeout='30']
SELECT `c`.`Id`, `c`.`AlertId`, `c`.`Classification`, `c`.`Content`, `c`.`Lat`, `c`.`Lon`, `c`.`Priority`, `c`.`Source`, `c`.`Status`, `c`.`Timestamp`, `c`.`Title`
FROM `CenterAlerts` AS `c`
WHERE `c`.`Title` = @__title_0
LIMIT 1
2026-10-06 18:21:27 - INF - Executed DbCommand (4ms) [Parameters=[@__title_0='?' (Size = 4000)], CommandType='"Text"', CommandTimeout='30']
SELECT `n`.`Id`, `n`.`AlertId`, `n`.`Classification`, `n`.`Content`, `n`.`Lat`, `n`.`Lon`, `n`.`Priority`, `n`.`Source`, `n`.`Status`, `n`.`Timestamp`, `n`.`Title`
FROM `NorthAlerts` AS `n`
WHERE `n`.`Title` = @__title_0
LIMIT 1
2026-10-06 18:21:27 - INF - Executed DbCommand (5ms) [Parameters=[@__title_0='?' (Size = 4000)], CommandType='"Text"', CommandTimeout='30']
SELECT `o`.`Id`, `o`.`AlertId`, `o`.`Classification`, `o`.`Content`, `o`.`Lat`, `o`.`Lon`, `o`.`Priority`, `o`.`Source`, `o`.`Status`, `o`.`Timestamp`, `o`.`Title`
FROM `OverseasAlerts` AS `o`
WHERE `o`.`Title` = @__title_0
LIMIT 1
2026-10-06 18:21:34 - INF - Executed DbCommand (1ms) [Parameters=[@p0='?' (Size = 4000), @p1='?' (Size = 4000), @p2='?' (Size = 4000), @p3='?' (DbType = Double), @p4='?' (DbType = Double), @p5='?' (Size = 4000), @p6='?' (Size = 4000), @p7='?' (Size = 4000), @p8='?' (Size = 4000), @p9='?' (Size = 4000)], CommandType='"Text"', CommandTimeout='30']
INSERT INTO `SouthAlerts` (`AlertId`, `Classification`, `Content`, `Lat`, `Lon`, `Priority`, `Source`, `Status`, `Timestamp`, `Title`)
VALUES (@p0, @p1, @p2, @p3, @p4, @p5, @p6, @p7, @p8, @p9);
SELECT `Id`
FROM `SouthAlerts`
WHERE ROW_COUNT() = 1 AND `Id` = LAST_INSERT_ID();
2026-10-06 18:21:34 - INF - Executed DbCommand (2ms) [Parameters=[], CommandType='"Text"', CommandTimeout='30']
SELECT `o`.`Id`, `o`.`AlertId`, `o`.`Classification`, `o`.`Content`, `o`.`Lat`, `o`.`Lon`, `o`.`Priority`, `o`.`Source`, `o`.`Status`, `o`.`Timestamp`, `o`.`Title`
FROM `OverseasAlerts` AS `o`
WHERE `o`.`Status` = 'WAITING'
LIMIT 1
2026-10-06 18:21:34 - INF - Executed DbCommand (1ms) [Parameters=[@__title_0='?' (Size = 4000)], CommandType='"Text"', CommandTimeout='30']
SELECT `c`.`Id`, `c`.`AlertId`, `c`.`Classification`, `c`.`Content`, `c`.`Lat`, `c`.`Lon`, `c`.`Priority`, `c`.`Source`, `c`.`Status`, `c`.`Timestamp`, `c`.`Title`
FROM `CenterAlerts` AS `c`
WHERE `c`.`Title` = @__title_0
LIMIT 1
2026-10-06 18:21:34 - INF - Executed DbCommand (1ms) [Parameters=[@__title_0='?' (Size = 4000)], CommandType='"Text"', CommandTimeout='30']
SELECT `n`.`Id`, `n`.`AlertId`, `n`.`Classification`, `n`.`Content`, `n`.`Lat`, `n`.`Lon`, `n`.`Priority`, `n`.`Source`, `n`.`Status`, `n`.`Timestamp`, `n`.`Title`
FROM `NorthAlerts` AS `n`
WHERE `n`.`Title` = @__title_0
LIMIT 1
2026-10-06 18:21:34 - INF - Executed DbCommand (1ms) [Parameters=[@__title_0='?' (Size = 4000)], CommandType='"Text"', CommandTimeout='30']
SELECT `o`.`Id`, `o`.`AlertId`, `o`.`Classification`, `o`.`Content`, `o`.`Lat`, `o`.`Lon`, `o`.`Priority`, `o`.`Source`, `o`.`Status`, `o`.`Timestamp`, `o`.`Title`
FROM `OverseasAlerts` AS `o`
WHERE `o`.`Title` = @__title_0
LIMIT 1
2026-10-06 18:21:41 - INF - Executed DbCommand (2ms) [Parameters=[@p0='?' (Size = 4000), @p1='?' (Size = 4000), @p2='?' (Size = 4000), @p3='?' (DbType = Double), @p4='?' (DbType = Double), @p5='?' (Size = 4000), @p6='?' (Size = 4000), @p7='?' (Size = 4000), @p8='?' (Size = 4000), @p9='?' (Size = 4000)], CommandType='"Text"', CommandTimeout='30']
INSERT INTO `OverseasAlerts` (`AlertId`, `Classification`, `Content`, `Lat`, `Lon`, `Priority`, `Source`, `Status`, `Timestamp`, `Title`)
VALUES (@p0, @p1, @p2, @p3, @p4, @p5, @p6, @p7, @p8, @p9);
SELECT `Id`
FROM `OverseasAlerts`
WHERE ROW_COUNT() = 1 AND `Id` = LAST_INSERT_ID();
2026-10-06 18:21:41 - INF - Executed DbCommand (3ms) [Parameters=[], CommandType='"Text"', CommandTimeout='30']
SELECT `n`.`Id`, `n`.`AlertId`, `n`.`Classification`, `n`.`Content`, `n`.`Lat`, `n`.`Lon`, `n`.`Priority`, `n`.`Source`, `n`.`Status`, `n`.`Timestamp`, `n`.`Title`
FROM `NorthAlerts` AS `n`
WHERE `n`.`Status` = 'WAITING'
LIMIT 1
2026-10-06 18:21:42 - INF - Executed DbCommand (2ms) [Parameters=[@__title_0='?' (Size = 4000)], CommandType='"Text"', CommandTimeout='30']
SELECT `s`.`Id`, `s`.`AlertId`, `s`.`Classification`, `s`.`Content`, `s`.`Lat`, `s`.`Lon`, `s`.`Priority`, `s`.`Source`, `s`.`Status`, `s`.`Timestamp`, `s`.`Title`
FROM `SouthAlerts` AS `s`
WHERE `s`.`Title` = @__title_0
LIMIT 1
2026-10-06 18:21:42 - INF - Executed DbCommand (2ms) [Parameters=[@__title_0='?' (Size = 4000)], CommandType='"Text"', CommandTimeout='30']
SELECT `c`.`Id`, `c`.`AlertId`, `c`.`Classification`, `c`.`Content`, `c`.`Lat`, `c`.`Lon`, `c`.`Priority`, `c`.`Source`, `c`.`Status`, `c`.`Timestamp`, `c`.`Title`
FROM `CenterAlerts` AS `c`
WHERE `c`.`Title` = @__title_0
LIMIT 1
2026-10-06 18:21:42 - INF - Executed DbCommand (2ms) [Parameters=[@__title_0='?' (Size = 4000)], CommandType='"Text"', CommandTimeout='30']
SELECT `o`.`Id`, `o`.`AlertId`, `o`.`Classification`, `o`.`Content`, `o`.`Lat`, `o`.`Lon`, `o`.`Priority`, `o`.`Source`, `o`.`Status`, `o`.`Timestamp`, `o`.`Title`
FROM `OverseasAlerts` AS `o`
WHERE `o`.`Title` = @__title_0
LIMIT 1
2026-10-06 18:21:42 - FTL - same Alerts to all comands! ירי רקטות וטילים
2026-10-06 18:21:48 - INF - Executed DbCommand (2ms) [Parameters=[@p0='?' (Size = 4000), @p1='?' (Size = 4000), @p2='?' (Size = 4000), @p3='?' (DbType = Double), @p4='?' (DbType = Double), @p5='?' (Size = 4000), @p6='?' (Size = 4000), @p7='?' (Size = 4000), @p8='?' (Size = 4000), @p9='?' (Size = 4000)], CommandType='"Text"', CommandTimeout='30']
INSERT INTO `NorthAlerts` (`AlertId`, `Classification`, `Content`, `Lat`, `Lon`, `Priority`, `Source`, `Status`, `Timestamp`, `Title`)
VALUES (@p0, @p1, @p2, @p3, @p4, @p5, @p6, @p7, @p8, @p9);
SELECT `Id`
FROM `NorthAlerts`
WHERE ROW_COUNT() = 1 AND `Id` = LAST_INSERT_ID();
2026-10-06 18:21:48 - INF - Executed DbCommand (4ms) [Parameters=[], CommandType='"Text"', CommandTimeout='30']
SELECT `c`.`Id`, `c`.`AlertId`, `c`.`Classification`, `c`.`Content`, `c`.`Lat`, `c`.`Lon`, `c`.`Priority`, `c`.`Source`, `c`.`Status`, `c`.`Timestamp`, `c`.`Title`
FROM `CenterAlerts` AS `c`
WHERE `c`.`Status` = 'WAITING'
LIMIT 1
2026-10-06 18:21:48 - INF - Executed DbCommand (3ms) [Parameters=[@__title_0='?' (Size = 4000)], CommandType='"Text"', CommandTimeout='30']
SELECT `s`.`Id`, `s`.`AlertId`, `s`.`Classification`, `s`.`Content`, `s`.`Lat`, `s`.`Lon`, `s`.`Priority`, `s`.`Source`, `s`.`Status`, `s`.`Timestamp`, `s`.`Title`
FROM `SouthAlerts` AS `s`
WHERE `s`.`Title` = @__title_0
LIMIT 1
2026-10-06 18:21:48 - INF - Executed DbCommand (5ms) [Parameters=[@__title_0='?' (Size = 4000)], CommandType='"Text"', CommandTimeout='30']
SELECT `n`.`Id`, `n`.`AlertId`, `n`.`Classification`, `n`.`Content`, `n`.`Lat`, `n`.`Lon`, `n`.`Priority`, `n`.`Source`, `n`.`Status`, `n`.`Timestamp`, `n`.`Title`
FROM `NorthAlerts` AS `n`
WHERE `n`.`Title` = @__title_0
LIMIT 1
2026-10-06 18:21:48 - INF - Executed DbCommand (2ms) [Parameters=[@__title_0='?' (Size = 4000)], CommandType='"Text"', CommandTimeout='30']
SELECT `o`.`Id`, `o`.`AlertId`, `o`.`Classification`, `o`.`Content`, `o`.`Lat`, `o`.`Lon`, `o`.`Priority`, `o`.`Source`, `o`.`Status`, `o`.`Timestamp`, `o`.`Title`
FROM `OverseasAlerts` AS `o`
WHERE `o`.`Title` = @__title_0
LIMIT 1
2026-10-06 18:21:50 - INF - Executed DbCommand (2ms) [Parameters=[@p0='?' (Size = 4000), @p1='?' (Size = 4000), @p2='?' (Size = 4000), @p3='?' (DbType = Double), @p4='?' (DbType = Double), @p5='?' (Size = 4000), @p6='?' (Size = 4000), @p7='?' (Size = 4000), @p8='?' (Size = 4000), @p9='?' (Size = 4000)], CommandType='"Text"', CommandTimeout='30']
INSERT INTO `CenterAlerts` (`AlertId`, `Classification`, `Content`, `Lat`, `Lon`, `Priority`, `Source`, `Status`, `Timestamp`, `Title`)
VALUES (@p0, @p1, @p2, @p3, @p4, @p5, @p6, @p7, @p8, @p9);
SELECT `Id`
FROM `CenterAlerts`
WHERE ROW_COUNT() = 1 AND `Id` = LAST_INSERT_ID();
2026-10-06 18:21:50 - INF - Executed DbCommand (2ms) [Parameters=[], CommandType='"Text"', CommandTimeout='30']
SELECT `s`.`Id`, `s`.`AlertId`, `s`.`Classification`, `s`.`Content`, `s`.`Lat`, `s`.`Lon`, `s`.`Priority`, `s`.`Source`, `s`.`Status`, `s`.`Timestamp`, `s`.`Title`
FROM `SouthAlerts` AS `s`
WHERE `s`.`Status` = 'WAITING'
LIMIT 1
2026-10-06 18:21:50 - INF - Executed DbCommand (1ms) [Parameters=[@__title_0='?' (Size = 4000)], CommandType='"Text"', CommandTimeout='30']
SELECT `c`.`Id`, `c`.`AlertId`, `c`.`Classification`, `c`.`Content`, `c`.`Lat`, `c`.`Lon`, `c`.`Priority`, `c`.`Source`, `c`.`Status`, `c`.`Timestamp`, `c`.`Title`
FROM `CenterAlerts` AS `c`
WHERE `c`.`Title` = @__title_0
LIMIT 1
2026-10-06 18:21:50 - INF - Executed DbCommand (6ms) [Parameters=[@__title_0='?' (Size = 4000)], CommandType='"Text"', CommandTimeout='30']
SELECT `n`.`Id`, `n`.`AlertId`, `n`.`Classification`, `n`.`Content`, `n`.`Lat`, `n`.`Lon`, `n`.`Priority`, `n`.`Source`, `n`.`Status`, `n`.`Timestamp`, `n`.`Title`
FROM `NorthAlerts` AS `n`
WHERE `n`.`Title` = @__title_0
LIMIT 1
2026-10-06 18:21:50 - INF - Executed DbCommand (3ms) [Parameters=[@__title_0='?' (Size = 4000)], CommandType='"Text"', CommandTimeout='30']
SELECT `o`.`Id`, `o`.`AlertId`, `o`.`Classification`, `o`.`Content`, `o`.`Lat`, `o`.`Lon`, `o`.`Priority`, `o`.`Source`, `o`.`Status`, `o`.`Timestamp`, `o`.`Title`
FROM `OverseasAlerts` AS `o`
WHERE `o`.`Title` = @__title_0
LIMIT 1
2026-10-06 18:21:57 - INF - Executed DbCommand (5ms) [Parameters=[@p0='?' (Size = 4000), @p1='?' (Size = 4000), @p2='?' (Size = 4000), @p3='?' (DbType = Double), @p4='?' (DbType = Double), @p5='?' (Size = 4000), @p6='?' (Size = 4000), @p7='?' (Size = 4000), @p8='?' (Size = 4000), @p9='?' (Size = 4000)], CommandType='"Text"', CommandTimeout='30']
INSERT INTO `SouthAlerts` (`AlertId`, `Classification`, `Content`, `Lat`, `Lon`, `Priority`, `Source`, `Status`, `Timestamp`, `Title`)
VALUES (@p0, @p1, @p2, @p3, @p4, @p5, @p6, @p7, @p8, @p9);
SELECT `Id`
FROM `SouthAlerts`
WHERE ROW_COUNT() = 1 AND `Id` = LAST_INSERT_ID();
2026-10-06 18:21:57 - INF - Executed DbCommand (3ms) [Parameters=[], CommandType='"Text"', CommandTimeout='30']
SELECT `o`.`Id`, `o`.`AlertId`, `o`.`Classification`, `o`.`Content`, `o`.`Lat`, `o`.`Lon`, `o`.`Priority`, `o`.`Source`, `o`.`Status`, `o`.`Timestamp`, `o`.`Title`
FROM `OverseasAlerts` AS `o`
WHERE `o`.`Status` = 'WAITING'
LIMIT 1
2026-10-06 18:21:57 - INF - Executed DbCommand (4ms) [Parameters=[@__title_0='?' (Size = 4000)], CommandType='"Text"', CommandTimeout='30']
SELECT `c`.`Id`, `c`.`AlertId`, `c`.`Classification`, `c`.`Content`, `c`.`Lat`, `c`.`Lon`, `c`.`Priority`, `c`.`Source`, `c`.`Status`, `c`.`Timestamp`, `c`.`Title`
FROM `CenterAlerts` AS `c`
WHERE `c`.`Title` = @__title_0
LIMIT 1
2026-10-06 18:21:57 - INF - Executed DbCommand (4ms) [Parameters=[@__title_0='?' (Size = 4000)], CommandType='"Text"', CommandTimeout='30']
SELECT `n`.`Id`, `n`.`AlertId`, `n`.`Classification`, `n`.`Content`, `n`.`Lat`, `n`.`Lon`, `n`.`Priority`, `n`.`Source`, `n`.`Status`, `n`.`Timestamp`, `n`.`Title`
FROM `NorthAlerts` AS `n`
WHERE `n`.`Title` = @__title_0
LIMIT 1
2026-10-06 18:21:57 - INF - Executed DbCommand (2ms) [Parameters=[@__title_0='?' (Size = 4000)], CommandType='"Text"', CommandTimeout='30']
SELECT `o`.`Id`, `o`.`AlertId`, `o`.`Classification`, `o`.`Content`, `o`.`Lat`, `o`.`Lon`, `o`.`Priority`, `o`.`Source`, `o`.`Status`, `o`.`Timestamp`, `o`.`Title`
FROM `OverseasAlerts` AS `o`
WHERE `o`.`Title` = @__title_0
LIMIT 1
2026-10-06 18:22:04 - INF - Executed DbCommand (2ms) [Parameters=[@p0='?' (Size = 4000), @p1='?' (Size = 4000), @p2='?' (Size = 4000), @p3='?' (DbType = Double), @p4='?' (DbType = Double), @p5='?' (Size = 4000), @p6='?' (Size = 4000), @p7='?' (Size = 4000), @p8='?' (Size = 4000), @p9='?' (Size = 4000)], CommandType='"Text"', CommandTimeout='30']
INSERT INTO `OverseasAlerts` (`AlertId`, `Classification`, `Content`, `Lat`, `Lon`, `Priority`, `Source`, `Status`, `Timestamp`, `Title`)
VALUES (@p0, @p1, @p2, @p3, @p4, @p5, @p6, @p7, @p8, @p9);
SELECT `Id`
FROM `OverseasAlerts`
WHERE ROW_COUNT() = 1 AND `Id` = LAST_INSERT_ID();
2026-10-06 18:22:04 - INF - Executed DbCommand (2ms) [Parameters=[], CommandType='"Text"', CommandTimeout='30']
SELECT `n`.`Id`, `n`.`AlertId`, `n`.`Classification`, `n`.`Content`, `n`.`Lat`, `n`.`Lon`, `n`.`Priority`, `n`.`Source`, `n`.`Status`, `n`.`Timestamp`, `n`.`Title`
FROM `NorthAlerts` AS `n`
WHERE `n`.`Status` = 'WAITING'
LIMIT 1
2026-10-06 18:22:04 - INF - Executed DbCommand (1ms) [Parameters=[@__title_0='?' (Size = 4000)], CommandType='"Text"', CommandTimeout='30']
SELECT `s`.`Id`, `s`.`AlertId`, `s`.`Classification`, `s`.`Content`, `s`.`Lat`, `s`.`Lon`, `s`.`Priority`, `s`.`Source`, `s`.`Status`, `s`.`Timestamp`, `s`.`Title`
FROM `SouthAlerts` AS `s`
WHERE `s`.`Title` = @__title_0
LIMIT 1
2026-10-06 18:22:04 - INF - Executed DbCommand (1ms) [Parameters=[@__title_0='?' (Size = 4000)], CommandType='"Text"', CommandTimeout='30']
SELECT `c`.`Id`, `c`.`AlertId`, `c`.`Classification`, `c`.`Content`, `c`.`Lat`, `c`.`Lon`, `c`.`Priority`, `c`.`Source`, `c`.`Status`, `c`.`Timestamp`, `c`.`Title`
FROM `CenterAlerts` AS `c`
WHERE `c`.`Title` = @__title_0
LIMIT 1
2026-10-06 18:22:04 - INF - Executed DbCommand (1ms) [Parameters=[@__title_0='?' (Size = 4000)], CommandType='"Text"', CommandTimeout='30']
SELECT `o`.`Id`, `o`.`AlertId`, `o`.`Classification`, `o`.`Content`, `o`.`Lat`, `o`.`Lon`, `o`.`Priority`, `o`.`Source`, `o`.`Status`, `o`.`Timestamp`, `o`.`Title`
FROM `OverseasAlerts` AS `o`
WHERE `o`.`Title` = @__title_0
LIMIT 1
2026-10-06 18:22:04 - FTL - same Alerts to all comands! ירי רקטות וטילים
2026-10-06 18:22:10 - INF - Executed DbCommand (4ms) [Parameters=[@p0='?' (Size = 4000), @p1='?' (Size = 4000), @p2='?' (Size = 4000), @p3='?' (DbType = Double), @p4='?' (DbType = Double), @p5='?' (Size = 4000), @p6='?' (Size = 4000), @p7='?' (Size = 4000), @p8='?' (Size = 4000), @p9='?' (Size = 4000)], CommandType='"Text"', CommandTimeout='30']
INSERT INTO `NorthAlerts` (`AlertId`, `Classification`, `Content`, `Lat`, `Lon`, `Priority`, `Source`, `Status`, `Timestamp`, `Title`)
VALUES (@p0, @p1, @p2, @p3, @p4, @p5, @p6, @p7, @p8, @p9);
SELECT `Id`
FROM `NorthAlerts`
WHERE ROW_COUNT() = 1 AND `Id` = LAST_INSERT_ID();
2026-10-06 18:22:10 - INF - Executed DbCommand (4ms) [Parameters=[], CommandType='"Text"', CommandTimeout='30']
SELECT `c`.`Id`, `c`.`AlertId`, `c`.`Classification`, `c`.`Content`, `c`.`Lat`, `c`.`Lon`, `c`.`Priority`, `c`.`Source`, `c`.`Status`, `c`.`Timestamp`, `c`.`Title`
FROM `CenterAlerts` AS `c`
WHERE `c`.`Status` = 'WAITING'
LIMIT 1
2026-10-06 18:22:10 - INF - Executed DbCommand (3ms) [Parameters=[@__title_0='?' (Size = 4000)], CommandType='"Text"', CommandTimeout='30']
SELECT `s`.`Id`, `s`.`AlertId`, `s`.`Classification`, `s`.`Content`, `s`.`Lat`, `s`.`Lon`, `s`.`Priority`, `s`.`Source`, `s`.`Status`, `s`.`Timestamp`, `s`.`Title`
FROM `SouthAlerts` AS `s`
WHERE `s`.`Title` = @__title_0
LIMIT 1
2026-10-06 18:22:10 - INF - Executed DbCommand (3ms) [Parameters=[@__title_0='?' (Size = 4000)], CommandType='"Text"', CommandTimeout='30']
SELECT `n`.`Id`, `n`.`AlertId`, `n`.`Classification`, `n`.`Content`, `n`.`Lat`, `n`.`Lon`, `n`.`Priority`, `n`.`Source`, `n`.`Status`, `n`.`Timestamp`, `n`.`Title`
FROM `NorthAlerts` AS `n`
WHERE `n`.`Title` = @__title_0
LIMIT 1
2026-10-06 18:22:10 - INF - Executed DbCommand (4ms) [Parameters=[@__title_0='?' (Size = 4000)], CommandType='"Text"', CommandTimeout='30']
SELECT `o`.`Id`, `o`.`AlertId`, `o`.`Classification`, `o`.`Content`, `o`.`Lat`, `o`.`Lon`, `o`.`Priority`, `o`.`Source`, `o`.`Status`, `o`.`Timestamp`, `o`.`Title`
FROM `OverseasAlerts` AS `o`
WHERE `o`.`Title` = @__title_0
LIMIT 1
2026-10-06 18:22:12 - INF - Executed DbCommand (3ms) [Parameters=[@p0='?' (Size = 4000), @p1='?' (Size = 4000), @p2='?' (Size = 4000), @p3='?' (DbType = Double), @p4='?' (DbType = Double), @p5='?' (Size = 4000), @p6='?' (Size = 4000), @p7='?' (Size = 4000), @p8='?' (Size = 4000), @p9='?' (Size = 4000)], CommandType='"Text"', CommandTimeout='30']
INSERT INTO `CenterAlerts` (`AlertId`, `Classification`, `Content`, `Lat`, `Lon`, `Priority`, `Source`, `Status`, `Timestamp`, `Title`)
VALUES (@p0, @p1, @p2, @p3, @p4, @p5, @p6, @p7, @p8, @p9);
SELECT `Id`
FROM `CenterAlerts`
WHERE ROW_COUNT() = 1 AND `Id` = LAST_INSERT_ID();
2026-10-06 18:22:12 - INF - Executed DbCommand (3ms) [Parameters=[], CommandType='"Text"', CommandTimeout='30']
SELECT `s`.`Id`, `s`.`AlertId`, `s`.`Classification`, `s`.`Content`, `s`.`Lat`, `s`.`Lon`, `s`.`Priority`, `s`.`Source`, `s`.`Status`, `s`.`Timestamp`, `s`.`Title`
FROM `SouthAlerts` AS `s`
WHERE `s`.`Status` = 'WAITING'
LIMIT 1
2026-10-06 18:22:12 - INF - Executed DbCommand (3ms) [Parameters=[@__title_0='?' (Size = 4000)], CommandType='"Text"', CommandTimeout='30']
SELECT `c`.`Id`, `c`.`AlertId`, `c`.`Classification`, `c`.`Content`, `c`.`Lat`, `c`.`Lon`, `c`.`Priority`, `c`.`Source`, `c`.`Status`, `c`.`Timestamp`, `c`.`Title`
FROM `CenterAlerts` AS `c`
WHERE `c`.`Title` = @__title_0
LIMIT 1
2026-10-06 18:22:12 - INF - Executed DbCommand (2ms) [Parameters=[@__title_0='?' (Size = 4000)], CommandType='"Text"', CommandTimeout='30']
SELECT `n`.`Id`, `n`.`AlertId`, `n`.`Classification`, `n`.`Content`, `n`.`Lat`, `n`.`Lon`, `n`.`Priority`, `n`.`Source`, `n`.`Status`, `n`.`Timestamp`, `n`.`Title`
FROM `NorthAlerts` AS `n`
WHERE `n`.`Title` = @__title_0
LIMIT 1
2026-10-06 18:22:12 - INF - Executed DbCommand (3ms) [Parameters=[@__title_0='?' (Size = 4000)], CommandType='"Text"', CommandTimeout='30']
SELECT `o`.`Id`, `o`.`AlertId`, `o`.`Classification`, `o`.`Content`, `o`.`Lat`, `o`.`Lon`, `o`.`Priority`, `o`.`Source`, `o`.`Status`, `o`.`Timestamp`, `o`.`Title`
FROM `OverseasAlerts` AS `o`
WHERE `o`.`Title` = @__title_0
LIMIT 1
2026-10-06 18:22:19 - INF - Executed DbCommand (5ms) [Parameters=[@p0='?' (Size = 4000), @p1='?' (Size = 4000), @p2='?' (Size = 4000), @p3='?' (DbType = Double), @p4='?' (DbType = Double), @p5='?' (Size = 4000), @p6='?' (Size = 4000), @p7='?' (Size = 4000), @p8='?' (Size = 4000), @p9='?' (Size = 4000)], CommandType='"Text"', CommandTimeout='30']
INSERT INTO `SouthAlerts` (`AlertId`, `Classification`, `Content`, `Lat`, `Lon`, `Priority`, `Source`, `Status`, `Timestamp`, `Title`)
VALUES (@p0, @p1, @p2, @p3, @p4, @p5, @p6, @p7, @p8, @p9);
SELECT `Id`
FROM `SouthAlerts`
WHERE ROW_COUNT() = 1 AND `Id` = LAST_INSERT_ID();
2026-10-06 18:22:19 - INF - Executed DbCommand (3ms) [Parameters=[], CommandType='"Text"', CommandTimeout='30']
SELECT `o`.`Id`, `o`.`AlertId`, `o`.`Classification`, `o`.`Content`, `o`.`Lat`, `o`.`Lon`, `o`.`Priority`, `o`.`Source`, `o`.`Status`, `o`.`Timestamp`, `o`.`Title`
FROM `OverseasAlerts` AS `o`
WHERE `o`.`Status` = 'WAITING'
LIMIT 1
2026-10-06 18:22:19 - INF - Executed DbCommand (4ms) [Parameters=[@__title_0='?' (Size = 4000)], CommandType='"Text"', CommandTimeout='30']
SELECT `c`.`Id`, `c`.`AlertId`, `c`.`Classification`, `c`.`Content`, `c`.`Lat`, `c`.`Lon`, `c`.`Priority`, `c`.`Source`, `c`.`Status`, `c`.`Timestamp`, `c`.`Title`
FROM `CenterAlerts` AS `c`
WHERE `c`.`Title` = @__title_0
LIMIT 1
2026-10-06 18:22:19 - INF - Executed DbCommand (4ms) [Parameters=[@__title_0='?' (Size = 4000)], CommandType='"Text"', CommandTimeout='30']
SELECT `n`.`Id`, `n`.`AlertId`, `n`.`Classification`, `n`.`Content`, `n`.`Lat`, `n`.`Lon`, `n`.`Priority`, `n`.`Source`, `n`.`Status`, `n`.`Timestamp`, `n`.`Title`
FROM `NorthAlerts` AS `n`
WHERE `n`.`Title` = @__title_0
LIMIT 1
2026-10-06 18:22:19 - INF - Executed DbCommand (3ms) [Parameters=[@__title_0='?' (Size = 4000)], CommandType='"Text"', CommandTimeout='30']
SELECT `o`.`Id`, `o`.`AlertId`, `o`.`Classification`, `o`.`Content`, `o`.`Lat`, `o`.`Lon`, `o`.`Priority`, `o`.`Source`, `o`.`Status`, `o`.`Timestamp`, `o`.`Title`
FROM `OverseasAlerts` AS `o`
WHERE `o`.`Title` = @__title_0
LIMIT 1
2026-10-06 18:22:26 - INF - Executed DbCommand (2ms) [Parameters=[@p0='?' (Size = 4000), @p1='?' (Size = 4000), @p2='?' (Size = 4000), @p3='?' (DbType = Double), @p4='?' (DbType = Double), @p5='?' (Size = 4000), @p6='?' (Size = 4000), @p7='?' (Size = 4000), @p8='?' (Size = 4000), @p9='?' (Size = 4000)], CommandType='"Text"', CommandTimeout='30']
INSERT INTO `OverseasAlerts` (`AlertId`, `Classification`, `Content`, `Lat`, `Lon`, `Priority`, `Source`, `Status`, `Timestamp`, `Title`)
VALUES (@p0, @p1, @p2, @p3, @p4, @p5, @p6, @p7, @p8, @p9);
SELECT `Id`
FROM `OverseasAlerts`
WHERE ROW_COUNT() = 1 AND `Id` = LAST_INSERT_ID();
2026-10-06 18:22:26 - INF - Executed DbCommand (2ms) [Parameters=[], CommandType='"Text"', CommandTimeout='30']
SELECT `n`.`Id`, `n`.`AlertId`, `n`.`Classification`, `n`.`Content`, `n`.`Lat`, `n`.`Lon`, `n`.`Priority`, `n`.`Source`, `n`.`Status`, `n`.`Timestamp`, `n`.`Title`
FROM `NorthAlerts` AS `n`
WHERE `n`.`Status` = 'WAITING'
LIMIT 1
2026-10-06 18:22:26 - INF - Executed DbCommand (2ms) [Parameters=[@__title_0='?' (Size = 4000)], CommandType='"Text"', CommandTimeout='30']
SELECT `s`.`Id`, `s`.`AlertId`, `s`.`Classification`, `s`.`Content`, `s`.`Lat`, `s`.`Lon`, `s`.`Priority`, `s`.`Source`, `s`.`Status`, `s`.`Timestamp`, `s`.`Title`
FROM `SouthAlerts` AS `s`
WHERE `s`.`Title` = @__title_0
LIMIT 1
2026-10-06 18:22:26 - INF - Executed DbCommand (2ms) [Parameters=[@__title_0='?' (Size = 4000)], CommandType='"Text"', CommandTimeout='30']
SELECT `c`.`Id`, `c`.`AlertId`, `c`.`Classification`, `c`.`Content`, `c`.`Lat`, `c`.`Lon`, `c`.`Priority`, `c`.`Source`, `c`.`Status`, `c`.`Timestamp`, `c`.`Title`
FROM `CenterAlerts` AS `c`
WHERE `c`.`Title` = @__title_0
LIMIT 1
2026-10-06 18:22:26 - INF - Executed DbCommand (2ms) [Parameters=[@__title_0='?' (Size = 4000)], CommandType='"Text"', CommandTimeout='30']
SELECT `o`.`Id`, `o`.`AlertId`, `o`.`Classification`, `o`.`Content`, `o`.`Lat`, `o`.`Lon`, `o`.`Priority`, `o`.`Source`, `o`.`Status`, `o`.`Timestamp`, `o`.`Title`
FROM `OverseasAlerts` AS `o`
WHERE `o`.`Title` = @__title_0
LIMIT 1
2026-10-06 18:22:26 - FTL - same Alerts to all comands! ירי רקטות וטילים
2026-10-06 18:22:32 - INF - Executed DbCommand (1ms) [Parameters=[@p0='?' (Size = 4000), @p1='?' (Size = 4000), @p2='?' (Size = 4000), @p3='?' (DbType = Double), @p4='?' (DbType = Double), @p5='?' (Size = 4000), @p6='?' (Size = 4000), @p7='?' (Size = 4000), @p8='?' (Size = 4000), @p9='?' (Size = 4000)], CommandType='"Text"', CommandTimeout='30']
INSERT INTO `NorthAlerts` (`AlertId`, `Classification`, `Content`, `Lat`, `Lon`, `Priority`, `Source`, `Status`, `Timestamp`, `Title`)
VALUES (@p0, @p1, @p2, @p3, @p4, @p5, @p6, @p7, @p8, @p9);
SELECT `Id`
FROM `NorthAlerts`
WHERE ROW_COUNT() = 1 AND `Id` = LAST_INSERT_ID();
2026-10-06 18:22:32 - INF - Executed DbCommand (1ms) [Parameters=[], CommandType='"Text"', CommandTimeout='30']
SELECT `c`.`Id`, `c`.`AlertId`, `c`.`Classification`, `c`.`Content`, `c`.`Lat`, `c`.`Lon`, `c`.`Priority`, `c`.`Source`, `c`.`Status`, `c`.`Timestamp`, `c`.`Title`
FROM `CenterAlerts` AS `c`
WHERE `c`.`Status` = 'WAITING'
LIMIT 1
2026-10-06 18:22:32 - INF - Executed DbCommand (3ms) [Parameters=[@__title_0='?' (Size = 4000)], CommandType='"Text"', CommandTimeout='30']
SELECT `s`.`Id`, `s`.`AlertId`, `s`.`Classification`, `s`.`Content`, `s`.`Lat`, `s`.`Lon`, `s`.`Priority`, `s`.`Source`, `s`.`Status`, `s`.`Timestamp`, `s`.`Title`
FROM `SouthAlerts` AS `s`
WHERE `s`.`Title` = @__title_0
LIMIT 1
2026-10-06 18:22:32 - INF - Executed DbCommand (3ms) [Parameters=[@__title_0='?' (Size = 4000)], CommandType='"Text"', CommandTimeout='30']
SELECT `n`.`Id`, `n`.`AlertId`, `n`.`Classification`, `n`.`Content`, `n`.`Lat`, `n`.`Lon`, `n`.`Priority`, `n`.`Source`, `n`.`Status`, `n`.`Timestamp`, `n`.`Title`
FROM `NorthAlerts` AS `n`
WHERE `n`.`Title` = @__title_0
LIMIT 1
2026-10-06 18:22:32 - INF - Executed DbCommand (3ms) [Parameters=[@__title_0='?' (Size = 4000)], CommandType='"Text"', CommandTimeout='30']
SELECT `o`.`Id`, `o`.`AlertId`, `o`.`Classification`, `o`.`Content`, `o`.`Lat`, `o`.`Lon`, `o`.`Priority`, `o`.`Source`, `o`.`Status`, `o`.`Timestamp`, `o`.`Title`
FROM `OverseasAlerts` AS `o`
WHERE `o`.`Title` = @__title_0
LIMIT 1
2026-10-06 18:22:34 - INF - Executed DbCommand (6ms) [Parameters=[@p0='?' (Size = 4000), @p1='?' (Size = 4000), @p2='?' (Size = 4000), @p3='?' (DbType = Double), @p4='?' (DbType = Double), @p5='?' (Size = 4000), @p6='?' (Size = 4000), @p7='?' (Size = 4000), @p8='?' (Size = 4000), @p9='?' (Size = 4000)], CommandType='"Text"', CommandTimeout='30']
INSERT INTO `CenterAlerts` (`AlertId`, `Classification`, `Content`, `Lat`, `Lon`, `Priority`, `Source`, `Status`, `Timestamp`, `Title`)
VALUES (@p0, @p1, @p2, @p3, @p4, @p5, @p6, @p7, @p8, @p9);
SELECT `Id`
FROM `CenterAlerts`
WHERE ROW_COUNT() = 1 AND `Id` = LAST_INSERT_ID();
2026-10-06 18:22:34 - INF - Executed DbCommand (3ms) [Parameters=[], CommandType='"Text"', CommandTimeout='30']
SELECT `s`.`Id`, `s`.`AlertId`, `s`.`Classification`, `s`.`Content`, `s`.`Lat`, `s`.`Lon`, `s`.`Priority`, `s`.`Source`, `s`.`Status`, `s`.`Timestamp`, `s`.`Title`
FROM `SouthAlerts` AS `s`
WHERE `s`.`Status` = 'WAITING'
LIMIT 1
2026-10-06 18:22:34 - INF - Executed DbCommand (3ms) [Parameters=[@__title_0='?' (Size = 4000)], CommandType='"Text"', CommandTimeout='30']
SELECT `c`.`Id`, `c`.`AlertId`, `c`.`Classification`, `c`.`Content`, `c`.`Lat`, `c`.`Lon`, `c`.`Priority`, `c`.`Source`, `c`.`Status`, `c`.`Timestamp`, `c`.`Title`
FROM `CenterAlerts` AS `c`
WHERE `c`.`Title` = @__title_0
LIMIT 1
2026-10-06 18:22:34 - INF - Executed DbCommand (3ms) [Parameters=[@__title_0='?' (Size = 4000)], CommandType='"Text"', CommandTimeout='30']
SELECT `n`.`Id`, `n`.`AlertId`, `n`.`Classification`, `n`.`Content`, `n`.`Lat`, `n`.`Lon`, `n`.`Priority`, `n`.`Source`, `n`.`Status`, `n`.`Timestamp`, `n`.`Title`
FROM `NorthAlerts` AS `n`
WHERE `n`.`Title` = @__title_0
LIMIT 1
2026-10-06 18:22:34 - INF - Executed DbCommand (4ms) [Parameters=[@__title_0='?' (Size = 4000)], CommandType='"Text"', CommandTimeout='30']
SELECT `o`.`Id`, `o`.`AlertId`, `o`.`Classification`, `o`.`Content`, `o`.`Lat`, `o`.`Lon`, `o`.`Priority`, `o`.`Source`, `o`.`Status`, `o`.`Timestamp`, `o`.`Title`
FROM `OverseasAlerts` AS `o`
WHERE `o`.`Title` = @__title_0
LIMIT 1
2026-10-06 18:22:41 - INF - Executed DbCommand (2ms) [Parameters=[@p0='?' (Size = 4000), @p1='?' (Size = 4000), @p2='?' (Size = 4000), @p3='?' (DbType = Double), @p4='?' (DbType = Double), @p5='?' (Size = 4000), @p6='?' (Size = 4000), @p7='?' (Size = 4000), @p8='?' (Size = 4000), @p9='?' (Size = 4000)], CommandType='"Text"', CommandTimeout='30']
INSERT INTO `SouthAlerts` (`AlertId`, `Classification`, `Content`, `Lat`, `Lon`, `Priority`, `Source`, `Status`, `Timestamp`, `Title`)
VALUES (@p0, @p1, @p2, @p3, @p4, @p5, @p6, @p7, @p8, @p9);
SELECT `Id`
FROM `SouthAlerts`
WHERE ROW_COUNT() = 1 AND `Id` = LAST_INSERT_ID();
2026-10-06 18:22:41 - INF - Executed DbCommand (1ms) [Parameters=[], CommandType='"Text"', CommandTimeout='30']
SELECT `o`.`Id`, `o`.`AlertId`, `o`.`Classification`, `o`.`Content`, `o`.`Lat`, `o`.`Lon`, `o`.`Priority`, `o`.`Source`, `o`.`Status`, `o`.`Timestamp`, `o`.`Title`
FROM `OverseasAlerts` AS `o`
WHERE `o`.`Status` = 'WAITING'
LIMIT 1
2026-10-06 18:22:41 - INF - Executed DbCommand (2ms) [Parameters=[@__title_0='?' (Size = 4000)], CommandType='"Text"', CommandTimeout='30']
SELECT `c`.`Id`, `c`.`AlertId`, `c`.`Classification`, `c`.`Content`, `c`.`Lat`, `c`.`Lon`, `c`.`Priority`, `c`.`Source`, `c`.`Status`, `c`.`Timestamp`, `c`.`Title`
FROM `CenterAlerts` AS `c`
WHERE `c`.`Title` = @__title_0
LIMIT 1
2026-10-06 18:22:41 - INF - Executed DbCommand (2ms) [Parameters=[@__title_0='?' (Size = 4000)], CommandType='"Text"', CommandTimeout='30']
SELECT `n`.`Id`, `n`.`AlertId`, `n`.`Classification`, `n`.`Content`, `n`.`Lat`, `n`.`Lon`, `n`.`Priority`, `n`.`Source`, `n`.`Status`, `n`.`Timestamp`, `n`.`Title`
FROM `NorthAlerts` AS `n`
WHERE `n`.`Title` = @__title_0
LIMIT 1
2026-10-06 18:22:41 - INF - Executed DbCommand (1ms) [Parameters=[@__title_0='?' (Size = 4000)], CommandType='"Text"', CommandTimeout='30']
SELECT `o`.`Id`, `o`.`AlertId`, `o`.`Classification`, `o`.`Content`, `o`.`Lat`, `o`.`Lon`, `o`.`Priority`, `o`.`Source`, `o`.`Status`, `o`.`Timestamp`, `o`.`Title`
FROM `OverseasAlerts` AS `o`
WHERE `o`.`Title` = @__title_0
LIMIT 1
2026-10-06 18:22:48 - INF - Executed DbCommand (4ms) [Parameters=[@p0='?' (Size = 4000), @p1='?' (Size = 4000), @p2='?' (Size = 4000), @p3='?' (DbType = Double), @p4='?' (DbType = Double), @p5='?' (Size = 4000), @p6='?' (Size = 4000), @p7='?' (Size = 4000), @p8='?' (Size = 4000), @p9='?' (Size = 4000)], CommandType='"Text"', CommandTimeout='30']
INSERT INTO `OverseasAlerts` (`AlertId`, `Classification`, `Content`, `Lat`, `Lon`, `Priority`, `Source`, `Status`, `Timestamp`, `Title`)
VALUES (@p0, @p1, @p2, @p3, @p4, @p5, @p6, @p7, @p8, @p9);
SELECT `Id`
FROM `OverseasAlerts`
WHERE ROW_COUNT() = 1 AND `Id` = LAST_INSERT_ID();
2026-10-06 18:22:48 - INF - Executed DbCommand (2ms) [Parameters=[], CommandType='"Text"', CommandTimeout='30']
SELECT `n`.`Id`, `n`.`AlertId`, `n`.`Classification`, `n`.`Content`, `n`.`Lat`, `n`.`Lon`, `n`.`Priority`, `n`.`Source`, `n`.`Status`, `n`.`Timestamp`, `n`.`Title`
FROM `NorthAlerts` AS `n`
WHERE `n`.`Status` = 'WAITING'
LIMIT 1
2026-10-06 18:22:48 - INF - Executed DbCommand (2ms) [Parameters=[@__title_0='?' (Size = 4000)], CommandType='"Text"', CommandTimeout='30']
SELECT `s`.`Id`, `s`.`AlertId`, `s`.`Classification`, `s`.`Content`, `s`.`Lat`, `s`.`Lon`, `s`.`Priority`, `s`.`Source`, `s`.`Status`, `s`.`Timestamp`, `s`.`Title`
FROM `SouthAlerts` AS `s`
WHERE `s`.`Title` = @__title_0
LIMIT 1
2026-10-06 18:22:48 - INF - Executed DbCommand (1ms) [Parameters=[@__title_0='?' (Size = 4000)], CommandType='"Text"', CommandTimeout='30']
SELECT `c`.`Id`, `c`.`AlertId`, `c`.`Classification`, `c`.`Content`, `c`.`Lat`, `c`.`Lon`, `c`.`Priority`, `c`.`Source`, `c`.`Status`, `c`.`Timestamp`, `c`.`Title`
FROM `CenterAlerts` AS `c`
WHERE `c`.`Title` = @__title_0
LIMIT 1
2026-10-06 18:22:48 - INF - Executed DbCommand (1ms) [Parameters=[@__title_0='?' (Size = 4000)], CommandType='"Text"', CommandTimeout='30']
SELECT `o`.`Id`, `o`.`AlertId`, `o`.`Classification`, `o`.`Content`, `o`.`Lat`, `o`.`Lon`, `o`.`Priority`, `o`.`Source`, `o`.`Status`, `o`.`Timestamp`, `o`.`Title`
FROM `OverseasAlerts` AS `o`
WHERE `o`.`Title` = @__title_0
LIMIT 1
2026-10-06 18:22:48 - FTL - same Alerts to all comands! ירי רקטות וטילים
2026-10-06 18:22:54 - INF - Executed DbCommand (4ms) [Parameters=[@p0='?' (Size = 4000), @p1='?' (Size = 4000), @p2='?' (Size = 4000), @p3='?' (DbType = Double), @p4='?' (DbType = Double), @p5='?' (Size = 4000), @p6='?' (Size = 4000), @p7='?' (Size = 4000), @p8='?' (Size = 4000), @p9='?' (Size = 4000)], CommandType='"Text"', CommandTimeout='30']
INSERT INTO `NorthAlerts` (`AlertId`, `Classification`, `Content`, `Lat`, `Lon`, `Priority`, `Source`, `Status`, `Timestamp`, `Title`)
VALUES (@p0, @p1, @p2, @p3, @p4, @p5, @p6, @p7, @p8, @p9);
SELECT `Id`
FROM `NorthAlerts`
WHERE ROW_COUNT() = 1 AND `Id` = LAST_INSERT_ID();
2026-10-06 18:22:54 - INF - Executed DbCommand (3ms) [Parameters=[], CommandType='"Text"', CommandTimeout='30']
SELECT `c`.`Id`, `c`.`AlertId`, `c`.`Classification`, `c`.`Content`, `c`.`Lat`, `c`.`Lon`, `c`.`Priority`, `c`.`Source`, `c`.`Status`, `c`.`Timestamp`, `c`.`Title`
FROM `CenterAlerts` AS `c`
WHERE `c`.`Status` = 'WAITING'
LIMIT 1
2026-10-06 18:22:54 - INF - Executed DbCommand (3ms) [Parameters=[@__title_0='?' (Size = 4000)], CommandType='"Text"', CommandTimeout='30']
SELECT `s`.`Id`, `s`.`AlertId`, `s`.`Classification`, `s`.`Content`, `s`.`Lat`, `s`.`Lon`, `s`.`Priority`, `s`.`Source`, `s`.`Status`, `s`.`Timestamp`, `s`.`Title`
FROM `SouthAlerts` AS `s`
WHERE `s`.`Title` = @__title_0
LIMIT 1
2026-10-06 18:22:54 - INF - Executed DbCommand (2ms) [Parameters=[@__title_0='?' (Size = 4000)], CommandType='"Text"', CommandTimeout='30']
SELECT `n`.`Id`, `n`.`AlertId`, `n`.`Classification`, `n`.`Content`, `n`.`Lat`, `n`.`Lon`, `n`.`Priority`, `n`.`Source`, `n`.`Status`, `n`.`Timestamp`, `n`.`Title`
FROM `NorthAlerts` AS `n`
WHERE `n`.`Title` = @__title_0
LIMIT 1
2026-10-06 18:22:54 - INF - Executed DbCommand (3ms) [Parameters=[@__title_0='?' (Size = 4000)], CommandType='"Text"', CommandTimeout='30']
SELECT `o`.`Id`, `o`.`AlertId`, `o`.`Classification`, `o`.`Content`, `o`.`Lat`, `o`.`Lon`, `o`.`Priority`, `o`.`Source`, `o`.`Status`, `o`.`Timestamp`, `o`.`Title`
FROM `OverseasAlerts` AS `o`
WHERE `o`.`Title` = @__title_0
LIMIT 1
2026-10-06 18:22:56 - INF - Executed DbCommand (2ms) [Parameters=[@p0='?' (Size = 4000), @p1='?' (Size = 4000), @p2='?' (Size = 4000), @p3='?' (DbType = Double), @p4='?' (DbType = Double), @p5='?' (Size = 4000), @p6='?' (Size = 4000), @p7='?' (Size = 4000), @p8='?' (Size = 4000), @p9='?' (Size = 4000)], CommandType='"Text"', CommandTimeout='30']
INSERT INTO `CenterAlerts` (`AlertId`, `Classification`, `Content`, `Lat`, `Lon`, `Priority`, `Source`, `Status`, `Timestamp`, `Title`)
VALUES (@p0, @p1, @p2, @p3, @p4, @p5, @p6, @p7, @p8, @p9);
SELECT `Id`
FROM `CenterAlerts`
WHERE ROW_COUNT() = 1 AND `Id` = LAST_INSERT_ID();
2026-10-06 18:22:56 - INF - Executed DbCommand (2ms) [Parameters=[], CommandType='"Text"', CommandTimeout='30']
SELECT `s`.`Id`, `s`.`AlertId`, `s`.`Classification`, `s`.`Content`, `s`.`Lat`, `s`.`Lon`, `s`.`Priority`, `s`.`Source`, `s`.`Status`, `s`.`Timestamp`, `s`.`Title`
FROM `SouthAlerts` AS `s`
WHERE `s`.`Status` = 'WAITING'
LIMIT 1
2026-10-06 18:22:56 - INF - Executed DbCommand (2ms) [Parameters=[@__title_0='?' (Size = 4000)], CommandType='"Text"', CommandTimeout='30']
SELECT `c`.`Id`, `c`.`AlertId`, `c`.`Classification`, `c`.`Content`, `c`.`Lat`, `c`.`Lon`, `c`.`Priority`, `c`.`Source`, `c`.`Status`, `c`.`Timestamp`, `c`.`Title`
FROM `CenterAlerts` AS `c`
WHERE `c`.`Title` = @__title_0
LIMIT 1
2026-10-06 18:22:56 - INF - Executed DbCommand (2ms) [Parameters=[@__title_0='?' (Size = 4000)], CommandType='"Text"', CommandTimeout='30']
SELECT `n`.`Id`, `n`.`AlertId`, `n`.`Classification`, `n`.`Content`, `n`.`Lat`, `n`.`Lon`, `n`.`Priority`, `n`.`Source`, `n`.`Status`, `n`.`Timestamp`, `n`.`Title`
FROM `NorthAlerts` AS `n`
WHERE `n`.`Title` = @__title_0
LIMIT 1
2026-10-06 18:22:56 - INF - Executed DbCommand (2ms) [Parameters=[@__title_0='?' (Size = 4000)], CommandType='"Text"', CommandTimeout='30']
SELECT `o`.`Id`, `o`.`AlertId`, `o`.`Classification`, `o`.`Content`, `o`.`Lat`, `o`.`Lon`, `o`.`Priority`, `o`.`Source`, `o`.`Status`, `o`.`Timestamp`, `o`.`Title`
FROM `OverseasAlerts` AS `o`
WHERE `o`.`Title` = @__title_0
LIMIT 1
2026-10-06 18:23:03 - INF - Executed DbCommand (3ms) [Parameters=[@p0='?' (Size = 4000), @p1='?' (Size = 4000), @p2='?' (Size = 4000), @p3='?' (DbType = Double), @p4='?' (DbType = Double), @p5='?' (Size = 4000), @p6='?' (Size = 4000), @p7='?' (Size = 4000), @p8='?' (Size = 4000), @p9='?' (Size = 4000)], CommandType='"Text"', CommandTimeout='30']
INSERT INTO `SouthAlerts` (`AlertId`, `Classification`, `Content`, `Lat`, `Lon`, `Priority`, `Source`, `Status`, `Timestamp`, `Title`)
VALUES (@p0, @p1, @p2, @p3, @p4, @p5, @p6, @p7, @p8, @p9);
SELECT `Id`
FROM `SouthAlerts`
WHERE ROW_COUNT() = 1 AND `Id` = LAST_INSERT_ID();
2026-10-06 18:23:03 - INF - Executed DbCommand (3ms) [Parameters=[], CommandType='"Text"', CommandTimeout='30']
SELECT `o`.`Id`, `o`.`AlertId`, `o`.`Classification`, `o`.`Content`, `o`.`Lat`, `o`.`Lon`, `o`.`Priority`, `o`.`Source`, `o`.`Status`, `o`.`Timestamp`, `o`.`Title`
FROM `OverseasAlerts` AS `o`
WHERE `o`.`Status` = 'WAITING'
LIMIT 1
2026-10-06 18:23:03 - INF - Executed DbCommand (2ms) [Parameters=[@__title_0='?' (Size = 4000)], CommandType='"Text"', CommandTimeout='30']
SELECT `c`.`Id`, `c`.`AlertId`, `c`.`Classification`, `c`.`Content`, `c`.`Lat`, `c`.`Lon`, `c`.`Priority`, `c`.`Source`, `c`.`Status`, `c`.`Timestamp`, `c`.`Title`
FROM `CenterAlerts` AS `c`
WHERE `c`.`Title` = @__title_0
LIMIT 1
2026-10-06 18:23:03 - INF - Executed DbCommand (3ms) [Parameters=[@__title_0='?' (Size = 4000)], CommandType='"Text"', CommandTimeout='30']
SELECT `n`.`Id`, `n`.`AlertId`, `n`.`Classification`, `n`.`Content`, `n`.`Lat`, `n`.`Lon`, `n`.`Priority`, `n`.`Source`, `n`.`Status`, `n`.`Timestamp`, `n`.`Title`
FROM `NorthAlerts` AS `n`
WHERE `n`.`Title` = @__title_0
LIMIT 1
2026-10-06 18:23:03 - INF - Executed DbCommand (3ms) [Parameters=[@__title_0='?' (Size = 4000)], CommandType='"Text"', CommandTimeout='30']
SELECT `o`.`Id`, `o`.`AlertId`, `o`.`Classification`, `o`.`Content`, `o`.`Lat`, `o`.`Lon`, `o`.`Priority`, `o`.`Source`, `o`.`Status`, `o`.`Timestamp`, `o`.`Title`
FROM `OverseasAlerts` AS `o`
WHERE `o`.`Title` = @__title_0
LIMIT 1
2026-10-06 18:23:10 - INF - Executed DbCommand (1ms) [Parameters=[@p0='?' (Size = 4000), @p1='?' (Size = 4000), @p2='?' (Size = 4000), @p3='?' (DbType = Double), @p4='?' (DbType = Double), @p5='?' (Size = 4000), @p6='?' (Size = 4000), @p7='?' (Size = 4000), @p8='?' (Size = 4000), @p9='?' (Size = 4000)], CommandType='"Text"', CommandTimeout='30']
INSERT INTO `OverseasAlerts` (`AlertId`, `Classification`, `Content`, `Lat`, `Lon`, `Priority`, `Source`, `Status`, `Timestamp`, `Title`)
VALUES (@p0, @p1, @p2, @p3, @p4, @p5, @p6, @p7, @p8, @p9);
SELECT `Id`
FROM `OverseasAlerts`
WHERE ROW_COUNT() = 1 AND `Id` = LAST_INSERT_ID();
2026-10-06 18:23:10 - INF - Executed DbCommand (1ms) [Parameters=[], CommandType='"Text"', CommandTimeout='30']
SELECT `n`.`Id`, `n`.`AlertId`, `n`.`Classification`, `n`.`Content`, `n`.`Lat`, `n`.`Lon`, `n`.`Priority`, `n`.`Source`, `n`.`Status`, `n`.`Timestamp`, `n`.`Title`
FROM `NorthAlerts` AS `n`
WHERE `n`.`Status` = 'WAITING'
LIMIT 1
2026-10-06 18:23:10 - INF - Executed DbCommand (1ms) [Parameters=[@__title_0='?' (Size = 4000)], CommandType='"Text"', CommandTimeout='30']
SELECT `s`.`Id`, `s`.`AlertId`, `s`.`Classification`, `s`.`Content`, `s`.`Lat`, `s`.`Lon`, `s`.`Priority`, `s`.`Source`, `s`.`Status`, `s`.`Timestamp`, `s`.`Title`
FROM `SouthAlerts` AS `s`
WHERE `s`.`Title` = @__title_0
LIMIT 1
2026-10-06 18:23:10 - INF - Executed DbCommand (1ms) [Parameters=[@__title_0='?' (Size = 4000)], CommandType='"Text"', CommandTimeout='30']
SELECT `c`.`Id`, `c`.`AlertId`, `c`.`Classification`, `c`.`Content`, `c`.`Lat`, `c`.`Lon`, `c`.`Priority`, `c`.`Source`, `c`.`Status`, `c`.`Timestamp`, `c`.`Title`
FROM `CenterAlerts` AS `c`
WHERE `c`.`Title` = @__title_0
LIMIT 1
2026-10-06 18:23:10 - INF - Executed DbCommand (1ms) [Parameters=[@__title_0='?' (Size = 4000)], CommandType='"Text"', CommandTimeout='30']
SELECT `o`.`Id`, `o`.`AlertId`, `o`.`Classification`, `o`.`Content`, `o`.`Lat`, `o`.`Lon`, `o`.`Priority`, `o`.`Source`, `o`.`Status`, `o`.`Timestamp`, `o`.`Title`
FROM `OverseasAlerts` AS `o`
WHERE `o`.`Title` = @__title_0
LIMIT 1
2026-10-06 18:23:10 - FTL - same Alerts to all comands! ירי רקטות וטילים
2026-10-06 18:23:16 - INF - Executed DbCommand (1ms) [Parameters=[@p0='?' (Size = 4000), @p1='?' (Size = 4000), @p2='?' (Size = 4000), @p3='?' (DbType = Double), @p4='?' (DbType = Double), @p5='?' (Size = 4000), @p6='?' (Size = 4000), @p7='?' (Size = 4000), @p8='?' (Size = 4000), @p9='?' (Size = 4000)], CommandType='"Text"', CommandTimeout='30']
INSERT INTO `NorthAlerts` (`AlertId`, `Classification`, `Content`, `Lat`, `Lon`, `Priority`, `Source`, `Status`, `Timestamp`, `Title`)
VALUES (@p0, @p1, @p2, @p3, @p4, @p5, @p6, @p7, @p8, @p9);
SELECT `Id`
FROM `NorthAlerts`
WHERE ROW_COUNT() = 1 AND `Id` = LAST_INSERT_ID();
2026-10-06 18:23:16 - INF - Executed DbCommand (1ms) [Parameters=[], CommandType='"Text"', CommandTimeout='30']
SELECT `c`.`Id`, `c`.`AlertId`, `c`.`Classification`, `c`.`Content`, `c`.`Lat`, `c`.`Lon`, `c`.`Priority`, `c`.`Source`, `c`.`Status`, `c`.`Timestamp`, `c`.`Title`
FROM `CenterAlerts` AS `c`
WHERE `c`.`Status` = 'WAITING'
LIMIT 1
2026-10-06 18:23:16 - INF - Executed DbCommand (1ms) [Parameters=[@__title_0='?' (Size = 4000)], CommandType='"Text"', CommandTimeout='30']
SELECT `s`.`Id`, `s`.`AlertId`, `s`.`Classification`, `s`.`Content`, `s`.`Lat`, `s`.`Lon`, `s`.`Priority`, `s`.`Source`, `s`.`Status`, `s`.`Timestamp`, `s`.`Title`
FROM `SouthAlerts` AS `s`
WHERE `s`.`Title` = @__title_0
LIMIT 1
2026-10-06 18:23:16 - INF - Executed DbCommand (1ms) [Parameters=[@__title_0='?' (Size = 4000)], CommandType='"Text"', CommandTimeout='30']
SELECT `n`.`Id`, `n`.`AlertId`, `n`.`Classification`, `n`.`Content`, `n`.`Lat`, `n`.`Lon`, `n`.`Priority`, `n`.`Source`, `n`.`Status`, `n`.`Timestamp`, `n`.`Title`
FROM `NorthAlerts` AS `n`
WHERE `n`.`Title` = @__title_0
LIMIT 1
2026-10-06 18:23:16 - INF - Executed DbCommand (1ms) [Parameters=[@__title_0='?' (Size = 4000)], CommandType='"Text"', CommandTimeout='30']
SELECT `o`.`Id`, `o`.`AlertId`, `o`.`Classification`, `o`.`Content`, `o`.`Lat`, `o`.`Lon`, `o`.`Priority`, `o`.`Source`, `o`.`Status`, `o`.`Timestamp`, `o`.`Title`
FROM `OverseasAlerts` AS `o`
WHERE `o`.`Title` = @__title_0
LIMIT 1
2026-10-06 18:23:18 - INF - Executed DbCommand (1ms) [Parameters=[@p0='?' (Size = 4000), @p1='?' (Size = 4000), @p2='?' (Size = 4000), @p3='?' (DbType = Double), @p4='?' (DbType = Double), @p5='?' (Size = 4000), @p6='?' (Size = 4000), @p7='?' (Size = 4000), @p8='?' (Size = 4000), @p9='?' (Size = 4000)], CommandType='"Text"', CommandTimeout='30']
INSERT INTO `CenterAlerts` (`AlertId`, `Classification`, `Content`, `Lat`, `Lon`, `Priority`, `Source`, `Status`, `Timestamp`, `Title`)
VALUES (@p0, @p1, @p2, @p3, @p4, @p5, @p6, @p7, @p8, @p9);
SELECT `Id`
FROM `CenterAlerts`
WHERE ROW_COUNT() = 1 AND `Id` = LAST_INSERT_ID();
2026-10-06 18:23:19 - INF - Executed DbCommand (1ms) [Parameters=[], CommandType='"Text"', CommandTimeout='30']
SELECT `s`.`Id`, `s`.`AlertId`, `s`.`Classification`, `s`.`Content`, `s`.`Lat`, `s`.`Lon`, `s`.`Priority`, `s`.`Source`, `s`.`Status`, `s`.`Timestamp`, `s`.`Title`
FROM `SouthAlerts` AS `s`
WHERE `s`.`Status` = 'WAITING'
LIMIT 1
2026-10-06 18:23:19 - INF - Executed DbCommand (1ms) [Parameters=[@__title_0='?' (Size = 4000)], CommandType='"Text"', CommandTimeout='30']
SELECT `c`.`Id`, `c`.`AlertId`, `c`.`Classification`, `c`.`Content`, `c`.`Lat`, `c`.`Lon`, `c`.`Priority`, `c`.`Source`, `c`.`Status`, `c`.`Timestamp`, `c`.`Title`
FROM `CenterAlerts` AS `c`
WHERE `c`.`Title` = @__title_0
LIMIT 1
2026-10-06 18:23:19 - INF - Executed DbCommand (1ms) [Parameters=[@__title_0='?' (Size = 4000)], CommandType='"Text"', CommandTimeout='30']
SELECT `n`.`Id`, `n`.`AlertId`, `n`.`Classification`, `n`.`Content`, `n`.`Lat`, `n`.`Lon`, `n`.`Priority`, `n`.`Source`, `n`.`Status`, `n`.`Timestamp`, `n`.`Title`
FROM `NorthAlerts` AS `n`
WHERE `n`.`Title` = @__title_0
LIMIT 1
2026-10-06 18:23:19 - INF - Executed DbCommand (1ms) [Parameters=[@__title_0='?' (Size = 4000)], CommandType='"Text"', CommandTimeout='30']
SELECT `o`.`Id`, `o`.`AlertId`, `o`.`Classification`, `o`.`Content`, `o`.`Lat`, `o`.`Lon`, `o`.`Priority`, `o`.`Source`, `o`.`Status`, `o`.`Timestamp`, `o`.`Title`
FROM `OverseasAlerts` AS `o`
WHERE `o`.`Title` = @__title_0
LIMIT 1
2026-10-06 18:23:26 - INF - Executed DbCommand (1ms) [Parameters=[@p0='?' (Size = 4000), @p1='?' (Size = 4000), @p2='?' (Size = 4000), @p3='?' (DbType = Double), @p4='?' (DbType = Double), @p5='?' (Size = 4000), @p6='?' (Size = 4000), @p7='?' (Size = 4000), @p8='?' (Size = 4000), @p9='?' (Size = 4000)], CommandType='"Text"', CommandTimeout='30']
INSERT INTO `SouthAlerts` (`AlertId`, `Classification`, `Content`, `Lat`, `Lon`, `Priority`, `Source`, `Status`, `Timestamp`, `Title`)
VALUES (@p0, @p1, @p2, @p3, @p4, @p5, @p6, @p7, @p8, @p9);
SELECT `Id`
FROM `SouthAlerts`
WHERE ROW_COUNT() = 1 AND `Id` = LAST_INSERT_ID();
2026-10-06 18:23:26 - INF - Executed DbCommand (1ms) [Parameters=[], CommandType='"Text"', CommandTimeout='30']
SELECT `o`.`Id`, `o`.`AlertId`, `o`.`Classification`, `o`.`Content`, `o`.`Lat`, `o`.`Lon`, `o`.`Priority`, `o`.`Source`, `o`.`Status`, `o`.`Timestamp`, `o`.`Title`
FROM `OverseasAlerts` AS `o`
WHERE `o`.`Status` = 'WAITING'
LIMIT 1
2026-10-06 18:23:26 - INF - Executed DbCommand (1ms) [Parameters=[@__title_0='?' (Size = 4000)], CommandType='"Text"', CommandTimeout='30']
SELECT `c`.`Id`, `c`.`AlertId`, `c`.`Classification`, `c`.`Content`, `c`.`Lat`, `c`.`Lon`, `c`.`Priority`, `c`.`Source`, `c`.`Status`, `c`.`Timestamp`, `c`.`Title`
FROM `CenterAlerts` AS `c`
WHERE `c`.`Title` = @__title_0
LIMIT 1
2026-10-06 18:23:26 - INF - Executed DbCommand (1ms) [Parameters=[@__title_0='?' (Size = 4000)], CommandType='"Text"', CommandTimeout='30']
SELECT `n`.`Id`, `n`.`AlertId`, `n`.`Classification`, `n`.`Content`, `n`.`Lat`, `n`.`Lon`, `n`.`Priority`, `n`.`Source`, `n`.`Status`, `n`.`Timestamp`, `n`.`Title`
FROM `NorthAlerts` AS `n`
WHERE `n`.`Title` = @__title_0
LIMIT 1
2026-10-06 18:23:26 - INF - Executed DbCommand (1ms) [Parameters=[@__title_0='?' (Size = 4000)], CommandType='"Text"', CommandTimeout='30']
SELECT `o`.`Id`, `o`.`AlertId`, `o`.`Classification`, `o`.`Content`, `o`.`Lat`, `o`.`Lon`, `o`.`Priority`, `o`.`Source`, `o`.`Status`, `o`.`Timestamp`, `o`.`Title`
FROM `OverseasAlerts` AS `o`
WHERE `o`.`Title` = @__title_0
LIMIT 1
2026-10-06 18:23:33 - INF - Executed DbCommand (1ms) [Parameters=[@p0='?' (Size = 4000), @p1='?' (Size = 4000), @p2='?' (Size = 4000), @p3='?' (DbType = Double), @p4='?' (DbType = Double), @p5='?' (Size = 4000), @p6='?' (Size = 4000), @p7='?' (Size = 4000), @p8='?' (Size = 4000), @p9='?' (Size = 4000)], CommandType='"Text"', CommandTimeout='30']
INSERT INTO `OverseasAlerts` (`AlertId`, `Classification`, `Content`, `Lat`, `Lon`, `Priority`, `Source`, `Status`, `Timestamp`, `Title`)
VALUES (@p0, @p1, @p2, @p3, @p4, @p5, @p6, @p7, @p8, @p9);
SELECT `Id`
FROM `OverseasAlerts`
WHERE ROW_COUNT() = 1 AND `Id` = LAST_INSERT_ID();
2026-10-06 18:23:33 - INF - Executed DbCommand (1ms) [Parameters=[], CommandType='"Text"', CommandTimeout='30']
SELECT `n`.`Id`, `n`.`AlertId`, `n`.`Classification`, `n`.`Content`, `n`.`Lat`, `n`.`Lon`, `n`.`Priority`, `n`.`Source`, `n`.`Status`, `n`.`Timestamp`, `n`.`Title`
FROM `NorthAlerts` AS `n`
WHERE `n`.`Status` = 'WAITING'
LIMIT 1
2026-10-06 18:23:33 - INF - Executed DbCommand (1ms) [Parameters=[@__title_0='?' (Size = 4000)], CommandType='"Text"', CommandTimeout='30']
SELECT `s`.`Id`, `s`.`AlertId`, `s`.`Classification`, `s`.`Content`, `s`.`Lat`, `s`.`Lon`, `s`.`Priority`, `s`.`Source`, `s`.`Status`, `s`.`Timestamp`, `s`.`Title`
FROM `SouthAlerts` AS `s`
WHERE `s`.`Title` = @__title_0
LIMIT 1
2026-10-06 18:23:33 - INF - Executed DbCommand (1ms) [Parameters=[@__title_0='?' (Size = 4000)], CommandType='"Text"', CommandTimeout='30']
SELECT `c`.`Id`, `c`.`AlertId`, `c`.`Classification`, `c`.`Content`, `c`.`Lat`, `c`.`Lon`, `c`.`Priority`, `c`.`Source`, `c`.`Status`, `c`.`Timestamp`, `c`.`Title`
FROM `CenterAlerts` AS `c`
WHERE `c`.`Title` = @__title_0
LIMIT 1
2026-10-06 18:23:33 - INF - Executed DbCommand (1ms) [Parameters=[@__title_0='?' (Size = 4000)], CommandType='"Text"', CommandTimeout='30']
SELECT `o`.`Id`, `o`.`AlertId`, `o`.`Classification`, `o`.`Content`, `o`.`Lat`, `o`.`Lon`, `o`.`Priority`, `o`.`Source`, `o`.`Status`, `o`.`Timestamp`, `o`.`Title`
FROM `OverseasAlerts` AS `o`
WHERE `o`.`Title` = @__title_0
LIMIT 1
2026-10-06 18:23:33 - FTL - same Alerts to all comands! ירי רקטות וטילים
2026-10-06 18:23:39 - INF - Executed DbCommand (2ms) [Parameters=[@p0='?' (Size = 4000), @p1='?' (Size = 4000), @p2='?' (Size = 4000), @p3='?' (DbType = Double), @p4='?' (DbType = Double), @p5='?' (Size = 4000), @p6='?' (Size = 4000), @p7='?' (Size = 4000), @p8='?' (Size = 4000), @p9='?' (Size = 4000)], CommandType='"Text"', CommandTimeout='30']
INSERT INTO `NorthAlerts` (`AlertId`, `Classification`, `Content`, `Lat`, `Lon`, `Priority`, `Source`, `Status`, `Timestamp`, `Title`)
VALUES (@p0, @p1, @p2, @p3, @p4, @p5, @p6, @p7, @p8, @p9);
SELECT `Id`
FROM `NorthAlerts`
WHERE ROW_COUNT() = 1 AND `Id` = LAST_INSERT_ID();
2026-10-06 18:23:39 - INF - Executed DbCommand (2ms) [Parameters=[], CommandType='"Text"', CommandTimeout='30']
SELECT `c`.`Id`, `c`.`AlertId`, `c`.`Classification`, `c`.`Content`, `c`.`Lat`, `c`.`Lon`, `c`.`Priority`, `c`.`Source`, `c`.`Status`, `c`.`Timestamp`, `c`.`Title`
FROM `CenterAlerts` AS `c`
WHERE `c`.`Status` = 'WAITING'
LIMIT 1
2026-10-06 18:23:39 - INF - Executed DbCommand (1ms) [Parameters=[@__title_0='?' (Size = 4000)], CommandType='"Text"', CommandTimeout='30']
SELECT `s`.`Id`, `s`.`AlertId`, `s`.`Classification`, `s`.`Content`, `s`.`Lat`, `s`.`Lon`, `s`.`Priority`, `s`.`Source`, `s`.`Status`, `s`.`Timestamp`, `s`.`Title`
FROM `SouthAlerts` AS `s`
WHERE `s`.`Title` = @__title_0
LIMIT 1
2026-10-06 18:23:39 - INF - Executed DbCommand (1ms) [Parameters=[@__title_0='?' (Size = 4000)], CommandType='"Text"', CommandTimeout='30']
SELECT `n`.`Id`, `n`.`AlertId`, `n`.`Classification`, `n`.`Content`, `n`.`Lat`, `n`.`Lon`, `n`.`Priority`, `n`.`Source`, `n`.`Status`, `n`.`Timestamp`, `n`.`Title`
FROM `NorthAlerts` AS `n`
WHERE `n`.`Title` = @__title_0
LIMIT 1
2026-10-06 18:23:39 - INF - Executed DbCommand (2ms) [Parameters=[@__title_0='?' (Size = 4000)], CommandType='"Text"', CommandTimeout='30']
SELECT `o`.`Id`, `o`.`AlertId`, `o`.`Classification`, `o`.`Content`, `o`.`Lat`, `o`.`Lon`, `o`.`Priority`, `o`.`Source`, `o`.`Status`, `o`.`Timestamp`, `o`.`Title`
FROM `OverseasAlerts` AS `o`
WHERE `o`.`Title` = @__title_0
LIMIT 1
2026-10-06 18:23:41 - INF - Executed DbCommand (2ms) [Parameters=[@p0='?' (Size = 4000), @p1='?' (Size = 4000), @p2='?' (Size = 4000), @p3='?' (DbType = Double), @p4='?' (DbType = Double), @p5='?' (Size = 4000), @p6='?' (Size = 4000), @p7='?' (Size = 4000), @p8='?' (Size = 4000), @p9='?' (Size = 4000)], CommandType='"Text"', CommandTimeout='30']
INSERT INTO `CenterAlerts` (`AlertId`, `Classification`, `Content`, `Lat`, `Lon`, `Priority`, `Source`, `Status`, `Timestamp`, `Title`)
VALUES (@p0, @p1, @p2, @p3, @p4, @p5, @p6, @p7, @p8, @p9);
SELECT `Id`
FROM `CenterAlerts`
WHERE ROW_COUNT() = 1 AND `Id` = LAST_INSERT_ID();
2026-10-06 18:23:41 - INF - Executed DbCommand (1ms) [Parameters=[], CommandType='"Text"', CommandTimeout='30']
SELECT `s`.`Id`, `s`.`AlertId`, `s`.`Classification`, `s`.`Content`, `s`.`Lat`, `s`.`Lon`, `s`.`Priority`, `s`.`Source`, `s`.`Status`, `s`.`Timestamp`, `s`.`Title`
FROM `SouthAlerts` AS `s`
WHERE `s`.`Status` = 'WAITING'
LIMIT 1
2026-10-06 18:23:41 - INF - Executed DbCommand (1ms) [Parameters=[@__title_0='?' (Size = 4000)], CommandType='"Text"', CommandTimeout='30']
SELECT `c`.`Id`, `c`.`AlertId`, `c`.`Classification`, `c`.`Content`, `c`.`Lat`, `c`.`Lon`, `c`.`Priority`, `c`.`Source`, `c`.`Status`, `c`.`Timestamp`, `c`.`Title`
FROM `CenterAlerts` AS `c`
WHERE `c`.`Title` = @__title_0
LIMIT 1
2026-10-06 18:23:41 - INF - Executed DbCommand (1ms) [Parameters=[@__title_0='?' (Size = 4000)], CommandType='"Text"', CommandTimeout='30']
SELECT `n`.`Id`, `n`.`AlertId`, `n`.`Classification`, `n`.`Content`, `n`.`Lat`, `n`.`Lon`, `n`.`Priority`, `n`.`Source`, `n`.`Status`, `n`.`Timestamp`, `n`.`Title`
FROM `NorthAlerts` AS `n`
WHERE `n`.`Title` = @__title_0
LIMIT 1
2026-10-06 18:23:41 - INF - Executed DbCommand (1ms) [Parameters=[@__title_0='?' (Size = 4000)], CommandType='"Text"', CommandTimeout='30']
SELECT `o`.`Id`, `o`.`AlertId`, `o`.`Classification`, `o`.`Content`, `o`.`Lat`, `o`.`Lon`, `o`.`Priority`, `o`.`Source`, `o`.`Status`, `o`.`Timestamp`, `o`.`Title`
FROM `OverseasAlerts` AS `o`
WHERE `o`.`Title` = @__title_0
LIMIT 1
2026-10-06 18:23:48 - INF - Executed DbCommand (1ms) [Parameters=[@p0='?' (Size = 4000), @p1='?' (Size = 4000), @p2='?' (Size = 4000), @p3='?' (DbType = Double), @p4='?' (DbType = Double), @p5='?' (Size = 4000), @p6='?' (Size = 4000), @p7='?' (Size = 4000), @p8='?' (Size = 4000), @p9='?' (Size = 4000)], CommandType='"Text"', CommandTimeout='30']
INSERT INTO `SouthAlerts` (`AlertId`, `Classification`, `Content`, `Lat`, `Lon`, `Priority`, `Source`, `Status`, `Timestamp`, `Title`)
VALUES (@p0, @p1, @p2, @p3, @p4, @p5, @p6, @p7, @p8, @p9);
SELECT `Id`
FROM `SouthAlerts`
WHERE ROW_COUNT() = 1 AND `Id` = LAST_INSERT_ID();
2026-10-06 18:23:48 - INF - Executed DbCommand (1ms) [Parameters=[], CommandType='"Text"', CommandTimeout='30']
SELECT `o`.`Id`, `o`.`AlertId`, `o`.`Classification`, `o`.`Content`, `o`.`Lat`, `o`.`Lon`, `o`.`Priority`, `o`.`Source`, `o`.`Status`, `o`.`Timestamp`, `o`.`Title`
FROM `OverseasAlerts` AS `o`
WHERE `o`.`Status` = 'WAITING'
LIMIT 1
2026-10-06 18:23:48 - INF - Executed DbCommand (1ms) [Parameters=[@__title_0='?' (Size = 4000)], CommandType='"Text"', CommandTimeout='30']
SELECT `c`.`Id`, `c`.`AlertId`, `c`.`Classification`, `c`.`Content`, `c`.`Lat`, `c`.`Lon`, `c`.`Priority`, `c`.`Source`, `c`.`Status`, `c`.`Timestamp`, `c`.`Title`
FROM `CenterAlerts` AS `c`
WHERE `c`.`Title` = @__title_0
LIMIT 1
2026-10-06 18:23:48 - INF - Executed DbCommand (1ms) [Parameters=[@__title_0='?' (Size = 4000)], CommandType='"Text"', CommandTimeout='30']
SELECT `n`.`Id`, `n`.`AlertId`, `n`.`Classification`, `n`.`Content`, `n`.`Lat`, `n`.`Lon`, `n`.`Priority`, `n`.`Source`, `n`.`Status`, `n`.`Timestamp`, `n`.`Title`
FROM `NorthAlerts` AS `n`
WHERE `n`.`Title` = @__title_0
LIMIT 1
2026-10-06 18:23:48 - INF - Executed DbCommand (1ms) [Parameters=[@__title_0='?' (Size = 4000)], CommandType='"Text"', CommandTimeout='30']
SELECT `o`.`Id`, `o`.`AlertId`, `o`.`Classification`, `o`.`Content`, `o`.`Lat`, `o`.`Lon`, `o`.`Priority`, `o`.`Source`, `o`.`Status`, `o`.`Timestamp`, `o`.`Title`
FROM `OverseasAlerts` AS `o`
WHERE `o`.`Title` = @__title_0
LIMIT 1
2026-10-06 18:23:55 - INF - Executed DbCommand (3ms) [Parameters=[@p0='?' (Size = 4000), @p1='?' (Size = 4000), @p2='?' (Size = 4000), @p3='?' (DbType = Double), @p4='?' (DbType = Double), @p5='?' (Size = 4000), @p6='?' (Size = 4000), @p7='?' (Size = 4000), @p8='?' (Size = 4000), @p9='?' (Size = 4000)], CommandType='"Text"', CommandTimeout='30']
INSERT INTO `OverseasAlerts` (`AlertId`, `Classification`, `Content`, `Lat`, `Lon`, `Priority`, `Source`, `Status`, `Timestamp`, `Title`)
VALUES (@p0, @p1, @p2, @p3, @p4, @p5, @p6, @p7, @p8, @p9);
SELECT `Id`
FROM `OverseasAlerts`
WHERE ROW_COUNT() = 1 AND `Id` = LAST_INSERT_ID();
2026-10-06 18:23:55 - INF - Executed DbCommand (2ms) [Parameters=[], CommandType='"Text"', CommandTimeout='30']
SELECT `n`.`Id`, `n`.`AlertId`, `n`.`Classification`, `n`.`Content`, `n`.`Lat`, `n`.`Lon`, `n`.`Priority`, `n`.`Source`, `n`.`Status`, `n`.`Timestamp`, `n`.`Title`
FROM `NorthAlerts` AS `n`
WHERE `n`.`Status` = 'WAITING'
LIMIT 1
2026-10-06 18:23:55 - INF - Executed DbCommand (4ms) [Parameters=[@__title_0='?' (Size = 4000)], CommandType='"Text"', CommandTimeout='30']
SELECT `s`.`Id`, `s`.`AlertId`, `s`.`Classification`, `s`.`Content`, `s`.`Lat`, `s`.`Lon`, `s`.`Priority`, `s`.`Source`, `s`.`Status`, `s`.`Timestamp`, `s`.`Title`
FROM `SouthAlerts` AS `s`
WHERE `s`.`Title` = @__title_0
LIMIT 1
2026-10-06 18:23:55 - INF - Executed DbCommand (2ms) [Parameters=[@__title_0='?' (Size = 4000)], CommandType='"Text"', CommandTimeout='30']
SELECT `c`.`Id`, `c`.`AlertId`, `c`.`Classification`, `c`.`Content`, `c`.`Lat`, `c`.`Lon`, `c`.`Priority`, `c`.`Source`, `c`.`Status`, `c`.`Timestamp`, `c`.`Title`
FROM `CenterAlerts` AS `c`
WHERE `c`.`Title` = @__title_0
LIMIT 1
2026-10-06 18:23:55 - INF - Executed DbCommand (2ms) [Parameters=[@__title_0='?' (Size = 4000)], CommandType='"Text"', CommandTimeout='30']
SELECT `o`.`Id`, `o`.`AlertId`, `o`.`Classification`, `o`.`Content`, `o`.`Lat`, `o`.`Lon`, `o`.`Priority`, `o`.`Source`, `o`.`Status`, `o`.`Timestamp`, `o`.`Title`
FROM `OverseasAlerts` AS `o`
WHERE `o`.`Title` = @__title_0
LIMIT 1
2026-10-06 18:23:55 - FTL - same Alerts to all comands! ירי רקטות וטילים
2026-10-06 18:24:01 - INF - Executed DbCommand (2ms) [Parameters=[@p0='?' (Size = 4000), @p1='?' (Size = 4000), @p2='?' (Size = 4000), @p3='?' (DbType = Double), @p4='?' (DbType = Double), @p5='?' (Size = 4000), @p6='?' (Size = 4000), @p7='?' (Size = 4000), @p8='?' (Size = 4000), @p9='?' (Size = 4000)], CommandType='"Text"', CommandTimeout='30']
INSERT INTO `NorthAlerts` (`AlertId`, `Classification`, `Content`, `Lat`, `Lon`, `Priority`, `Source`, `Status`, `Timestamp`, `Title`)
VALUES (@p0, @p1, @p2, @p3, @p4, @p5, @p6, @p7, @p8, @p9);
SELECT `Id`
FROM `NorthAlerts`
WHERE ROW_COUNT() = 1 AND `Id` = LAST_INSERT_ID();
2026-10-06 18:24:01 - INF - Executed DbCommand (1ms) [Parameters=[], CommandType='"Text"', CommandTimeout='30']
SELECT `c`.`Id`, `c`.`AlertId`, `c`.`Classification`, `c`.`Content`, `c`.`Lat`, `c`.`Lon`, `c`.`Priority`, `c`.`Source`, `c`.`Status`, `c`.`Timestamp`, `c`.`Title`
FROM `CenterAlerts` AS `c`
WHERE `c`.`Status` = 'WAITING'
LIMIT 1
2026-10-06 18:24:01 - INF - Executed DbCommand (1ms) [Parameters=[@__title_0='?' (Size = 4000)], CommandType='"Text"', CommandTimeout='30']
SELECT `s`.`Id`, `s`.`AlertId`, `s`.`Classification`, `s`.`Content`, `s`.`Lat`, `s`.`Lon`, `s`.`Priority`, `s`.`Source`, `s`.`Status`, `s`.`Timestamp`, `s`.`Title`
FROM `SouthAlerts` AS `s`
WHERE `s`.`Title` = @__title_0
LIMIT 1
2026-10-06 18:24:01 - INF - Executed DbCommand (1ms) [Parameters=[@__title_0='?' (Size = 4000)], CommandType='"Text"', CommandTimeout='30']
SELECT `n`.`Id`, `n`.`AlertId`, `n`.`Classification`, `n`.`Content`, `n`.`Lat`, `n`.`Lon`, `n`.`Priority`, `n`.`Source`, `n`.`Status`, `n`.`Timestamp`, `n`.`Title`
FROM `NorthAlerts` AS `n`
WHERE `n`.`Title` = @__title_0
LIMIT 1
2026-10-06 18:24:01 - INF - Executed DbCommand (1ms) [Parameters=[@__title_0='?' (Size = 4000)], CommandType='"Text"', CommandTimeout='30']
SELECT `o`.`Id`, `o`.`AlertId`, `o`.`Classification`, `o`.`Content`, `o`.`Lat`, `o`.`Lon`, `o`.`Priority`, `o`.`Source`, `o`.`Status`, `o`.`Timestamp`, `o`.`Title`
FROM `OverseasAlerts` AS `o`
WHERE `o`.`Title` = @__title_0
LIMIT 1
2026-10-06 18:24:03 - INF - Executed DbCommand (2ms) [Parameters=[@p0='?' (Size = 4000), @p1='?' (Size = 4000), @p2='?' (Size = 4000), @p3='?' (DbType = Double), @p4='?' (DbType = Double), @p5='?' (Size = 4000), @p6='?' (Size = 4000), @p7='?' (Size = 4000), @p8='?' (Size = 4000), @p9='?' (Size = 4000)], CommandType='"Text"', CommandTimeout='30']
INSERT INTO `CenterAlerts` (`AlertId`, `Classification`, `Content`, `Lat`, `Lon`, `Priority`, `Source`, `Status`, `Timestamp`, `Title`)
VALUES (@p0, @p1, @p2, @p3, @p4, @p5, @p6, @p7, @p8, @p9);
SELECT `Id`
FROM `CenterAlerts`
WHERE ROW_COUNT() = 1 AND `Id` = LAST_INSERT_ID();
2026-10-06 18:24:03 - INF - Executed DbCommand (1ms) [Parameters=[], CommandType='"Text"', CommandTimeout='30']
SELECT `s`.`Id`, `s`.`AlertId`, `s`.`Classification`, `s`.`Content`, `s`.`Lat`, `s`.`Lon`, `s`.`Priority`, `s`.`Source`, `s`.`Status`, `s`.`Timestamp`, `s`.`Title`
FROM `SouthAlerts` AS `s`
WHERE `s`.`Status` = 'WAITING'
LIMIT 1
2026-10-06 18:24:03 - INF - Executed DbCommand (1ms) [Parameters=[@__title_0='?' (Size = 4000)], CommandType='"Text"', CommandTimeout='30']
SELECT `c`.`Id`, `c`.`AlertId`, `c`.`Classification`, `c`.`Content`, `c`.`Lat`, `c`.`Lon`, `c`.`Priority`, `c`.`Source`, `c`.`Status`, `c`.`Timestamp`, `c`.`Title`
FROM `CenterAlerts` AS `c`
WHERE `c`.`Title` = @__title_0
LIMIT 1
2026-10-06 18:24:03 - INF - Executed DbCommand (1ms) [Parameters=[@__title_0='?' (Size = 4000)], CommandType='"Text"', CommandTimeout='30']
SELECT `n`.`Id`, `n`.`AlertId`, `n`.`Classification`, `n`.`Content`, `n`.`Lat`, `n`.`Lon`, `n`.`Priority`, `n`.`Source`, `n`.`Status`, `n`.`Timestamp`, `n`.`Title`
FROM `NorthAlerts` AS `n`
WHERE `n`.`Title` = @__title_0
LIMIT 1
2026-10-06 18:24:03 - INF - Executed DbCommand (1ms) [Parameters=[@__title_0='?' (Size = 4000)], CommandType='"Text"', CommandTimeout='30']
SELECT `o`.`Id`, `o`.`AlertId`, `o`.`Classification`, `o`.`Content`, `o`.`Lat`, `o`.`Lon`, `o`.`Priority`, `o`.`Source`, `o`.`Status`, `o`.`Timestamp`, `o`.`Title`
FROM `OverseasAlerts` AS `o`
WHERE `o`.`Title` = @__title_0
LIMIT 1
2026-10-06 18:24:10 - INF - Executed DbCommand (1ms) [Parameters=[@p0='?' (Size = 4000), @p1='?' (Size = 4000), @p2='?' (Size = 4000), @p3='?' (DbType = Double), @p4='?' (DbType = Double), @p5='?' (Size = 4000), @p6='?' (Size = 4000), @p7='?' (Size = 4000), @p8='?' (Size = 4000), @p9='?' (Size = 4000)], CommandType='"Text"', CommandTimeout='30']
INSERT INTO `SouthAlerts` (`AlertId`, `Classification`, `Content`, `Lat`, `Lon`, `Priority`, `Source`, `Status`, `Timestamp`, `Title`)
VALUES (@p0, @p1, @p2, @p3, @p4, @p5, @p6, @p7, @p8, @p9);
SELECT `Id`
FROM `SouthAlerts`
WHERE ROW_COUNT() = 1 AND `Id` = LAST_INSERT_ID();
2026-10-06 18:24:10 - INF - Executed DbCommand (1ms) [Parameters=[], CommandType='"Text"', CommandTimeout='30']
SELECT `o`.`Id`, `o`.`AlertId`, `o`.`Classification`, `o`.`Content`, `o`.`Lat`, `o`.`Lon`, `o`.`Priority`, `o`.`Source`, `o`.`Status`, `o`.`Timestamp`, `o`.`Title`
FROM `OverseasAlerts` AS `o`
WHERE `o`.`Status` = 'WAITING'
LIMIT 1
2026-10-06 18:24:10 - INF - Executed DbCommand (1ms) [Parameters=[@__title_0='?' (Size = 4000)], CommandType='"Text"', CommandTimeout='30']
SELECT `c`.`Id`, `c`.`AlertId`, `c`.`Classification`, `c`.`Content`, `c`.`Lat`, `c`.`Lon`, `c`.`Priority`, `c`.`Source`, `c`.`Status`, `c`.`Timestamp`, `c`.`Title`
FROM `CenterAlerts` AS `c`
WHERE `c`.`Title` = @__title_0
LIMIT 1
2026-10-06 18:24:10 - INF - Executed DbCommand (1ms) [Parameters=[@__title_0='?' (Size = 4000)], CommandType='"Text"', CommandTimeout='30']
SELECT `n`.`Id`, `n`.`AlertId`, `n`.`Classification`, `n`.`Content`, `n`.`Lat`, `n`.`Lon`, `n`.`Priority`, `n`.`Source`, `n`.`Status`, `n`.`Timestamp`, `n`.`Title`
FROM `NorthAlerts` AS `n`
WHERE `n`.`Title` = @__title_0
LIMIT 1
2026-10-06 18:24:10 - INF - Executed DbCommand (1ms) [Parameters=[@__title_0='?' (Size = 4000)], CommandType='"Text"', CommandTimeout='30']
SELECT `o`.`Id`, `o`.`AlertId`, `o`.`Classification`, `o`.`Content`, `o`.`Lat`, `o`.`Lon`, `o`.`Priority`, `o`.`Source`, `o`.`Status`, `o`.`Timestamp`, `o`.`Title`
FROM `OverseasAlerts` AS `o`
WHERE `o`.`Title` = @__title_0
LIMIT 1
2026-10-06 18:24:17 - INF - Executed DbCommand (1ms) [Parameters=[@p0='?' (Size = 4000), @p1='?' (Size = 4000), @p2='?' (Size = 4000), @p3='?' (DbType = Double), @p4='?' (DbType = Double), @p5='?' (Size = 4000), @p6='?' (Size = 4000), @p7='?' (Size = 4000), @p8='?' (Size = 4000), @p9='?' (Size = 4000)], CommandType='"Text"', CommandTimeout='30']
INSERT INTO `OverseasAlerts` (`AlertId`, `Classification`, `Content`, `Lat`, `Lon`, `Priority`, `Source`, `Status`, `Timestamp`, `Title`)
VALUES (@p0, @p1, @p2, @p3, @p4, @p5, @p6, @p7, @p8, @p9);
SELECT `Id`
FROM `OverseasAlerts`
WHERE ROW_COUNT() = 1 AND `Id` = LAST_INSERT_ID();
2026-10-06 18:24:17 - INF - Executed DbCommand (1ms) [Parameters=[], CommandType='"Text"', CommandTimeout='30']
SELECT `n`.`Id`, `n`.`AlertId`, `n`.`Classification`, `n`.`Content`, `n`.`Lat`, `n`.`Lon`, `n`.`Priority`, `n`.`Source`, `n`.`Status`, `n`.`Timestamp`, `n`.`Title`
FROM `NorthAlerts` AS `n`
WHERE `n`.`Status` = 'WAITING'
LIMIT 1
2026-10-06 18:24:17 - INF - Executed DbCommand (1ms) [Parameters=[@__title_0='?' (Size = 4000)], CommandType='"Text"', CommandTimeout='30']
SELECT `s`.`Id`, `s`.`AlertId`, `s`.`Classification`, `s`.`Content`, `s`.`Lat`, `s`.`Lon`, `s`.`Priority`, `s`.`Source`, `s`.`Status`, `s`.`Timestamp`, `s`.`Title`
FROM `SouthAlerts` AS `s`
WHERE `s`.`Title` = @__title_0
LIMIT 1
2026-10-06 18:24:17 - INF - Executed DbCommand (1ms) [Parameters=[@__title_0='?' (Size = 4000)], CommandType='"Text"', CommandTimeout='30']
SELECT `c`.`Id`, `c`.`AlertId`, `c`.`Classification`, `c`.`Content`, `c`.`Lat`, `c`.`Lon`, `c`.`Priority`, `c`.`Source`, `c`.`Status`, `c`.`Timestamp`, `c`.`Title`
FROM `CenterAlerts` AS `c`
WHERE `c`.`Title` = @__title_0
LIMIT 1
2026-10-06 18:24:17 - INF - Executed DbCommand (1ms) [Parameters=[@__title_0='?' (Size = 4000)], CommandType='"Text"', CommandTimeout='30']
SELECT `o`.`Id`, `o`.`AlertId`, `o`.`Classification`, `o`.`Content`, `o`.`Lat`, `o`.`Lon`, `o`.`Priority`, `o`.`Source`, `o`.`Status`, `o`.`Timestamp`, `o`.`Title`
FROM `OverseasAlerts` AS `o`
WHERE `o`.`Title` = @__title_0
LIMIT 1
2026-10-06 18:24:17 - FTL - same Alerts to all comands! ירי רקטות וטילים
2026-10-06 18:24:23 - INF - Executed DbCommand (1ms) [Parameters=[@p0='?' (Size = 4000), @p1='?' (Size = 4000), @p2='?' (Size = 4000), @p3='?' (DbType = Double), @p4='?' (DbType = Double), @p5='?' (Size = 4000), @p6='?' (Size = 4000), @p7='?' (Size = 4000), @p8='?' (Size = 4000), @p9='?' (Size = 4000)], CommandType='"Text"', CommandTimeout='30']
INSERT INTO `NorthAlerts` (`AlertId`, `Classification`, `Content`, `Lat`, `Lon`, `Priority`, `Source`, `Status`, `Timestamp`, `Title`)
VALUES (@p0, @p1, @p2, @p3, @p4, @p5, @p6, @p7, @p8, @p9);
SELECT `Id`
FROM `NorthAlerts`
WHERE ROW_COUNT() = 1 AND `Id` = LAST_INSERT_ID();
2026-10-06 18:24:23 - INF - Executed DbCommand (2ms) [Parameters=[], CommandType='"Text"', CommandTimeout='30']
SELECT `c`.`Id`, `c`.`AlertId`, `c`.`Classification`, `c`.`Content`, `c`.`Lat`, `c`.`Lon`, `c`.`Priority`, `c`.`Source`, `c`.`Status`, `c`.`Timestamp`, `c`.`Title`
FROM `CenterAlerts` AS `c`
WHERE `c`.`Status` = 'WAITING'
LIMIT 1
2026-10-06 18:24:23 - INF - Executed DbCommand (1ms) [Parameters=[@__title_0='?' (Size = 4000)], CommandType='"Text"', CommandTimeout='30']
SELECT `s`.`Id`, `s`.`AlertId`, `s`.`Classification`, `s`.`Content`, `s`.`Lat`, `s`.`Lon`, `s`.`Priority`, `s`.`Source`, `s`.`Status`, `s`.`Timestamp`, `s`.`Title`
FROM `SouthAlerts` AS `s`
WHERE `s`.`Title` = @__title_0
LIMIT 1
2026-10-06 18:24:23 - INF - Executed DbCommand (1ms) [Parameters=[@__title_0='?' (Size = 4000)], CommandType='"Text"', CommandTimeout='30']
SELECT `n`.`Id`, `n`.`AlertId`, `n`.`Classification`, `n`.`Content`, `n`.`Lat`, `n`.`Lon`, `n`.`Priority`, `n`.`Source`, `n`.`Status`, `n`.`Timestamp`, `n`.`Title`
FROM `NorthAlerts` AS `n`
WHERE `n`.`Title` = @__title_0
LIMIT 1
2026-10-06 18:24:23 - INF - Executed DbCommand (1ms) [Parameters=[@__title_0='?' (Size = 4000)], CommandType='"Text"', CommandTimeout='30']
SELECT `o`.`Id`, `o`.`AlertId`, `o`.`Classification`, `o`.`Content`, `o`.`Lat`, `o`.`Lon`, `o`.`Priority`, `o`.`Source`, `o`.`Status`, `o`.`Timestamp`, `o`.`Title`
FROM `OverseasAlerts` AS `o`
WHERE `o`.`Title` = @__title_0
LIMIT 1
2026-10-06 18:24:25 - INF - Executed DbCommand (2ms) [Parameters=[@p0='?' (Size = 4000), @p1='?' (Size = 4000), @p2='?' (Size = 4000), @p3='?' (DbType = Double), @p4='?' (DbType = Double), @p5='?' (Size = 4000), @p6='?' (Size = 4000), @p7='?' (Size = 4000), @p8='?' (Size = 4000), @p9='?' (Size = 4000)], CommandType='"Text"', CommandTimeout='30']
INSERT INTO `CenterAlerts` (`AlertId`, `Classification`, `Content`, `Lat`, `Lon`, `Priority`, `Source`, `Status`, `Timestamp`, `Title`)
VALUES (@p0, @p1, @p2, @p3, @p4, @p5, @p6, @p7, @p8, @p9);
SELECT `Id`
FROM `CenterAlerts`
WHERE ROW_COUNT() = 1 AND `Id` = LAST_INSERT_ID();
2026-10-06 18:24:25 - INF - Executed DbCommand (1ms) [Parameters=[], CommandType='"Text"', CommandTimeout='30']
SELECT `s`.`Id`, `s`.`AlertId`, `s`.`Classification`, `s`.`Content`, `s`.`Lat`, `s`.`Lon`, `s`.`Priority`, `s`.`Source`, `s`.`Status`, `s`.`Timestamp`, `s`.`Title`
FROM `SouthAlerts` AS `s`
WHERE `s`.`Status` = 'WAITING'
LIMIT 1
2026-10-06 18:24:25 - INF - Executed DbCommand (2ms) [Parameters=[@__title_0='?' (Size = 4000)], CommandType='"Text"', CommandTimeout='30']
SELECT `c`.`Id`, `c`.`AlertId`, `c`.`Classification`, `c`.`Content`, `c`.`Lat`, `c`.`Lon`, `c`.`Priority`, `c`.`Source`, `c`.`Status`, `c`.`Timestamp`, `c`.`Title`
FROM `CenterAlerts` AS `c`
WHERE `c`.`Title` = @__title_0
LIMIT 1
2026-10-06 18:24:25 - INF - Executed DbCommand (1ms) [Parameters=[@__title_0='?' (Size = 4000)], CommandType='"Text"', CommandTimeout='30']
SELECT `n`.`Id`, `n`.`AlertId`, `n`.`Classification`, `n`.`Content`, `n`.`Lat`, `n`.`Lon`, `n`.`Priority`, `n`.`Source`, `n`.`Status`, `n`.`Timestamp`, `n`.`Title`
FROM `NorthAlerts` AS `n`
WHERE `n`.`Title` = @__title_0
LIMIT 1
2026-10-06 18:24:25 - INF - Executed DbCommand (2ms) [Parameters=[@__title_0='?' (Size = 4000)], CommandType='"Text"', CommandTimeout='30']
SELECT `o`.`Id`, `o`.`AlertId`, `o`.`Classification`, `o`.`Content`, `o`.`Lat`, `o`.`Lon`, `o`.`Priority`, `o`.`Source`, `o`.`Status`, `o`.`Timestamp`, `o`.`Title`
FROM `OverseasAlerts` AS `o`
WHERE `o`.`Title` = @__title_0
LIMIT 1
2026-10-06 18:24:32 - INF - Executed DbCommand (1ms) [Parameters=[@p0='?' (Size = 4000), @p1='?' (Size = 4000), @p2='?' (Size = 4000), @p3='?' (DbType = Double), @p4='?' (DbType = Double), @p5='?' (Size = 4000), @p6='?' (Size = 4000), @p7='?' (Size = 4000), @p8='?' (Size = 4000), @p9='?' (Size = 4000)], CommandType='"Text"', CommandTimeout='30']
INSERT INTO `SouthAlerts` (`AlertId`, `Classification`, `Content`, `Lat`, `Lon`, `Priority`, `Source`, `Status`, `Timestamp`, `Title`)
VALUES (@p0, @p1, @p2, @p3, @p4, @p5, @p6, @p7, @p8, @p9);
SELECT `Id`
FROM `SouthAlerts`
WHERE ROW_COUNT() = 1 AND `Id` = LAST_INSERT_ID();
2026-10-06 18:24:32 - INF - Executed DbCommand (1ms) [Parameters=[], CommandType='"Text"', CommandTimeout='30']
SELECT `o`.`Id`, `o`.`AlertId`, `o`.`Classification`, `o`.`Content`, `o`.`Lat`, `o`.`Lon`, `o`.`Priority`, `o`.`Source`, `o`.`Status`, `o`.`Timestamp`, `o`.`Title`
FROM `OverseasAlerts` AS `o`
WHERE `o`.`Status` = 'WAITING'
LIMIT 1
2026-10-06 18:24:32 - INF - Executed DbCommand (1ms) [Parameters=[@__title_0='?' (Size = 4000)], CommandType='"Text"', CommandTimeout='30']
SELECT `c`.`Id`, `c`.`AlertId`, `c`.`Classification`, `c`.`Content`, `c`.`Lat`, `c`.`Lon`, `c`.`Priority`, `c`.`Source`, `c`.`Status`, `c`.`Timestamp`, `c`.`Title`
FROM `CenterAlerts` AS `c`
WHERE `c`.`Title` = @__title_0
LIMIT 1
2026-10-06 18:24:32 - INF - Executed DbCommand (1ms) [Parameters=[@__title_0='?' (Size = 4000)], CommandType='"Text"', CommandTimeout='30']
SELECT `n`.`Id`, `n`.`AlertId`, `n`.`Classification`, `n`.`Content`, `n`.`Lat`, `n`.`Lon`, `n`.`Priority`, `n`.`Source`, `n`.`Status`, `n`.`Timestamp`, `n`.`Title`
FROM `NorthAlerts` AS `n`
WHERE `n`.`Title` = @__title_0
LIMIT 1
2026-10-06 18:24:32 - INF - Executed DbCommand (1ms) [Parameters=[@__title_0='?' (Size = 4000)], CommandType='"Text"', CommandTimeout='30']
SELECT `o`.`Id`, `o`.`AlertId`, `o`.`Classification`, `o`.`Content`, `o`.`Lat`, `o`.`Lon`, `o`.`Priority`, `o`.`Source`, `o`.`Status`, `o`.`Timestamp`, `o`.`Title`
FROM `OverseasAlerts` AS `o`
WHERE `o`.`Title` = @__title_0
LIMIT 1
2026-10-06 18:24:39 - INF - Executed DbCommand (1ms) [Parameters=[@p0='?' (Size = 4000), @p1='?' (Size = 4000), @p2='?' (Size = 4000), @p3='?' (DbType = Double), @p4='?' (DbType = Double), @p5='?' (Size = 4000), @p6='?' (Size = 4000), @p7='?' (Size = 4000), @p8='?' (Size = 4000), @p9='?' (Size = 4000)], CommandType='"Text"', CommandTimeout='30']
INSERT INTO `OverseasAlerts` (`AlertId`, `Classification`, `Content`, `Lat`, `Lon`, `Priority`, `Source`, `Status`, `Timestamp`, `Title`)
VALUES (@p0, @p1, @p2, @p3, @p4, @p5, @p6, @p7, @p8, @p9);
SELECT `Id`
FROM `OverseasAlerts`
WHERE ROW_COUNT() = 1 AND `Id` = LAST_INSERT_ID();
2026-10-06 18:24:39 - INF - Executed DbCommand (2ms) [Parameters=[], CommandType='"Text"', CommandTimeout='30']
SELECT `n`.`Id`, `n`.`AlertId`, `n`.`Classification`, `n`.`Content`, `n`.`Lat`, `n`.`Lon`, `n`.`Priority`, `n`.`Source`, `n`.`Status`, `n`.`Timestamp`, `n`.`Title`
FROM `NorthAlerts` AS `n`
WHERE `n`.`Status` = 'WAITING'
LIMIT 1
2026-10-06 18:24:39 - INF - Executed DbCommand (1ms) [Parameters=[@__title_0='?' (Size = 4000)], CommandType='"Text"', CommandTimeout='30']
SELECT `s`.`Id`, `s`.`AlertId`, `s`.`Classification`, `s`.`Content`, `s`.`Lat`, `s`.`Lon`, `s`.`Priority`, `s`.`Source`, `s`.`Status`, `s`.`Timestamp`, `s`.`Title`
FROM `SouthAlerts` AS `s`
WHERE `s`.`Title` = @__title_0
LIMIT 1
2026-10-06 18:24:39 - INF - Executed DbCommand (1ms) [Parameters=[@__title_0='?' (Size = 4000)], CommandType='"Text"', CommandTimeout='30']
SELECT `c`.`Id`, `c`.`AlertId`, `c`.`Classification`, `c`.`Content`, `c`.`Lat`, `c`.`Lon`, `c`.`Priority`, `c`.`Source`, `c`.`Status`, `c`.`Timestamp`, `c`.`Title`
FROM `CenterAlerts` AS `c`
WHERE `c`.`Title` = @__title_0
LIMIT 1
2026-10-06 18:24:39 - INF - Executed DbCommand (1ms) [Parameters=[@__title_0='?' (Size = 4000)], CommandType='"Text"', CommandTimeout='30']
SELECT `o`.`Id`, `o`.`AlertId`, `o`.`Classification`, `o`.`Content`, `o`.`Lat`, `o`.`Lon`, `o`.`Priority`, `o`.`Source`, `o`.`Status`, `o`.`Timestamp`, `o`.`Title`
FROM `OverseasAlerts` AS `o`
WHERE `o`.`Title` = @__title_0
LIMIT 1
2026-10-06 18:24:39 - FTL - same Alerts to all comands! ירי רקטות וטילים
2026-10-06 18:24:46 - INF - Executed DbCommand (2ms) [Parameters=[@p0='?' (Size = 4000), @p1='?' (Size = 4000), @p2='?' (Size = 4000), @p3='?' (DbType = Double), @p4='?' (DbType = Double), @p5='?' (Size = 4000), @p6='?' (Size = 4000), @p7='?' (Size = 4000), @p8='?' (Size = 4000), @p9='?' (Size = 4000)], CommandType='"Text"', CommandTimeout='30']
INSERT INTO `NorthAlerts` (`AlertId`, `Classification`, `Content`, `Lat`, `Lon`, `Priority`, `Source`, `Status`, `Timestamp`, `Title`)
VALUES (@p0, @p1, @p2, @p3, @p4, @p5, @p6, @p7, @p8, @p9);
SELECT `Id`
FROM `NorthAlerts`
WHERE ROW_COUNT() = 1 AND `Id` = LAST_INSERT_ID();
2026-10-06 18:24:46 - INF - Executed DbCommand (1ms) [Parameters=[], CommandType='"Text"', CommandTimeout='30']
SELECT `c`.`Id`, `c`.`AlertId`, `c`.`Classification`, `c`.`Content`, `c`.`Lat`, `c`.`Lon`, `c`.`Priority`, `c`.`Source`, `c`.`Status`, `c`.`Timestamp`, `c`.`Title`
FROM `CenterAlerts` AS `c`
WHERE `c`.`Status` = 'WAITING'
LIMIT 1
2026-10-06 18:24:46 - INF - Executed DbCommand (11ms) [Parameters=[@__title_0='?' (Size = 4000)], CommandType='"Text"', CommandTimeout='30']
SELECT `s`.`Id`, `s`.`AlertId`, `s`.`Classification`, `s`.`Content`, `s`.`Lat`, `s`.`Lon`, `s`.`Priority`, `s`.`Source`, `s`.`Status`, `s`.`Timestamp`, `s`.`Title`
FROM `SouthAlerts` AS `s`
WHERE `s`.`Title` = @__title_0
LIMIT 1
2026-10-06 18:24:46 - INF - Executed DbCommand (1ms) [Parameters=[@__title_0='?' (Size = 4000)], CommandType='"Text"', CommandTimeout='30']
SELECT `n`.`Id`, `n`.`AlertId`, `n`.`Classification`, `n`.`Content`, `n`.`Lat`, `n`.`Lon`, `n`.`Priority`, `n`.`Source`, `n`.`Status`, `n`.`Timestamp`, `n`.`Title`
FROM `NorthAlerts` AS `n`
WHERE `n`.`Title` = @__title_0
LIMIT 1
2026-10-06 18:24:46 - INF - Executed DbCommand (1ms) [Parameters=[@__title_0='?' (Size = 4000)], CommandType='"Text"', CommandTimeout='30']
SELECT `o`.`Id`, `o`.`AlertId`, `o`.`Classification`, `o`.`Content`, `o`.`Lat`, `o`.`Lon`, `o`.`Priority`, `o`.`Source`, `o`.`Status`, `o`.`Timestamp`, `o`.`Title`
FROM `OverseasAlerts` AS `o`
WHERE `o`.`Title` = @__title_0
LIMIT 1
2026-10-06 18:24:48 - INF - Executed DbCommand (1ms) [Parameters=[@p0='?' (Size = 4000), @p1='?' (Size = 4000), @p2='?' (Size = 4000), @p3='?' (DbType = Double), @p4='?' (DbType = Double), @p5='?' (Size = 4000), @p6='?' (Size = 4000), @p7='?' (Size = 4000), @p8='?' (Size = 4000), @p9='?' (Size = 4000)], CommandType='"Text"', CommandTimeout='30']
INSERT INTO `CenterAlerts` (`AlertId`, `Classification`, `Content`, `Lat`, `Lon`, `Priority`, `Source`, `Status`, `Timestamp`, `Title`)
VALUES (@p0, @p1, @p2, @p3, @p4, @p5, @p6, @p7, @p8, @p9);
SELECT `Id`
FROM `CenterAlerts`
WHERE ROW_COUNT() = 1 AND `Id` = LAST_INSERT_ID();
2026-10-06 18:24:48 - INF - Executed DbCommand (1ms) [Parameters=[], CommandType='"Text"', CommandTimeout='30']
SELECT `s`.`Id`, `s`.`AlertId`, `s`.`Classification`, `s`.`Content`, `s`.`Lat`, `s`.`Lon`, `s`.`Priority`, `s`.`Source`, `s`.`Status`, `s`.`Timestamp`, `s`.`Title`
FROM `SouthAlerts` AS `s`
WHERE `s`.`Status` = 'WAITING'
LIMIT 1
2026-10-06 18:24:48 - INF - Executed DbCommand (1ms) [Parameters=[@__title_0='?' (Size = 4000)], CommandType='"Text"', CommandTimeout='30']
SELECT `c`.`Id`, `c`.`AlertId`, `c`.`Classification`, `c`.`Content`, `c`.`Lat`, `c`.`Lon`, `c`.`Priority`, `c`.`Source`, `c`.`Status`, `c`.`Timestamp`, `c`.`Title`
FROM `CenterAlerts` AS `c`
WHERE `c`.`Title` = @__title_0
LIMIT 1
2026-10-06 18:24:48 - INF - Executed DbCommand (1ms) [Parameters=[@__title_0='?' (Size = 4000)], CommandType='"Text"', CommandTimeout='30']
SELECT `n`.`Id`, `n`.`AlertId`, `n`.`Classification`, `n`.`Content`, `n`.`Lat`, `n`.`Lon`, `n`.`Priority`, `n`.`Source`, `n`.`Status`, `n`.`Timestamp`, `n`.`Title`
FROM `NorthAlerts` AS `n`
WHERE `n`.`Title` = @__title_0
LIMIT 1
2026-10-06 18:24:48 - INF - Executed DbCommand (1ms) [Parameters=[@__title_0='?' (Size = 4000)], CommandType='"Text"', CommandTimeout='30']
SELECT `o`.`Id`, `o`.`AlertId`, `o`.`Classification`, `o`.`Content`, `o`.`Lat`, `o`.`Lon`, `o`.`Priority`, `o`.`Source`, `o`.`Status`, `o`.`Timestamp`, `o`.`Title`
FROM `OverseasAlerts` AS `o`
WHERE `o`.`Title` = @__title_0
LIMIT 1
2026-10-06 18:24:55 - INF - Executed DbCommand (1ms) [Parameters=[@p0='?' (Size = 4000), @p1='?' (Size = 4000), @p2='?' (Size = 4000), @p3='?' (DbType = Double), @p4='?' (DbType = Double), @p5='?' (Size = 4000), @p6='?' (Size = 4000), @p7='?' (Size = 4000), @p8='?' (Size = 4000), @p9='?' (Size = 4000)], CommandType='"Text"', CommandTimeout='30']
INSERT INTO `SouthAlerts` (`AlertId`, `Classification`, `Content`, `Lat`, `Lon`, `Priority`, `Source`, `Status`, `Timestamp`, `Title`)
VALUES (@p0, @p1, @p2, @p3, @p4, @p5, @p6, @p7, @p8, @p9);
SELECT `Id`
FROM `SouthAlerts`
WHERE ROW_COUNT() = 1 AND `Id` = LAST_INSERT_ID();
2026-10-06 18:24:55 - INF - Executed DbCommand (1ms) [Parameters=[], CommandType='"Text"', CommandTimeout='30']
SELECT `o`.`Id`, `o`.`AlertId`, `o`.`Classification`, `o`.`Content`, `o`.`Lat`, `o`.`Lon`, `o`.`Priority`, `o`.`Source`, `o`.`Status`, `o`.`Timestamp`, `o`.`Title`
FROM `OverseasAlerts` AS `o`
WHERE `o`.`Status` = 'WAITING'
LIMIT 1
2026-10-06 18:24:55 - INF - Executed DbCommand (1ms) [Parameters=[@__title_0='?' (Size = 4000)], CommandType='"Text"', CommandTimeout='30']
SELECT `c`.`Id`, `c`.`AlertId`, `c`.`Classification`, `c`.`Content`, `c`.`Lat`, `c`.`Lon`, `c`.`Priority`, `c`.`Source`, `c`.`Status`, `c`.`Timestamp`, `c`.`Title`
FROM `CenterAlerts` AS `c`
WHERE `c`.`Title` = @__title_0
LIMIT 1
2026-10-06 18:24:55 - INF - Executed DbCommand (1ms) [Parameters=[@__title_0='?' (Size = 4000)], CommandType='"Text"', CommandTimeout='30']
SELECT `n`.`Id`, `n`.`AlertId`, `n`.`Classification`, `n`.`Content`, `n`.`Lat`, `n`.`Lon`, `n`.`Priority`, `n`.`Source`, `n`.`Status`, `n`.`Timestamp`, `n`.`Title`
FROM `NorthAlerts` AS `n`
WHERE `n`.`Title` = @__title_0
LIMIT 1
2026-10-06 18:24:55 - INF - Executed DbCommand (1ms) [Parameters=[@__title_0='?' (Size = 4000)], CommandType='"Text"', CommandTimeout='30']
SELECT `o`.`Id`, `o`.`AlertId`, `o`.`Classification`, `o`.`Content`, `o`.`Lat`, `o`.`Lon`, `o`.`Priority`, `o`.`Source`, `o`.`Status`, `o`.`Timestamp`, `o`.`Title`
FROM `OverseasAlerts` AS `o`
WHERE `o`.`Title` = @__title_0
LIMIT 1
2026-10-06 18:25:02 - INF - Executed DbCommand (1ms) [Parameters=[@p0='?' (Size = 4000), @p1='?' (Size = 4000), @p2='?' (Size = 4000), @p3='?' (DbType = Double), @p4='?' (DbType = Double), @p5='?' (Size = 4000), @p6='?' (Size = 4000), @p7='?' (Size = 4000), @p8='?' (Size = 4000), @p9='?' (Size = 4000)], CommandType='"Text"', CommandTimeout='30']
INSERT INTO `OverseasAlerts` (`AlertId`, `Classification`, `Content`, `Lat`, `Lon`, `Priority`, `Source`, `Status`, `Timestamp`, `Title`)
VALUES (@p0, @p1, @p2, @p3, @p4, @p5, @p6, @p7, @p8, @p9);
SELECT `Id`
FROM `OverseasAlerts`
WHERE ROW_COUNT() = 1 AND `Id` = LAST_INSERT_ID();
2026-10-06 18:25:02 - INF - Executed DbCommand (1ms) [Parameters=[], CommandType='"Text"', CommandTimeout='30']
SELECT `n`.`Id`, `n`.`AlertId`, `n`.`Classification`, `n`.`Content`, `n`.`Lat`, `n`.`Lon`, `n`.`Priority`, `n`.`Source`, `n`.`Status`, `n`.`Timestamp`, `n`.`Title`
FROM `NorthAlerts` AS `n`
WHERE `n`.`Status` = 'WAITING'
LIMIT 1
2026-10-06 18:25:02 - INF - Executed DbCommand (1ms) [Parameters=[@__title_0='?' (Size = 4000)], CommandType='"Text"', CommandTimeout='30']
SELECT `s`.`Id`, `s`.`AlertId`, `s`.`Classification`, `s`.`Content`, `s`.`Lat`, `s`.`Lon`, `s`.`Priority`, `s`.`Source`, `s`.`Status`, `s`.`Timestamp`, `s`.`Title`
FROM `SouthAlerts` AS `s`
WHERE `s`.`Title` = @__title_0
LIMIT 1
2026-10-06 18:25:02 - INF - Executed DbCommand (1ms) [Parameters=[@__title_0='?' (Size = 4000)], CommandType='"Text"', CommandTimeout='30']
SELECT `c`.`Id`, `c`.`AlertId`, `c`.`Classification`, `c`.`Content`, `c`.`Lat`, `c`.`Lon`, `c`.`Priority`, `c`.`Source`, `c`.`Status`, `c`.`Timestamp`, `c`.`Title`
FROM `CenterAlerts` AS `c`
WHERE `c`.`Title` = @__title_0
LIMIT 1
2026-10-06 18:25:02 - INF - Executed DbCommand (1ms) [Parameters=[@__title_0='?' (Size = 4000)], CommandType='"Text"', CommandTimeout='30']
SELECT `o`.`Id`, `o`.`AlertId`, `o`.`Classification`, `o`.`Content`, `o`.`Lat`, `o`.`Lon`, `o`.`Priority`, `o`.`Source`, `o`.`Status`, `o`.`Timestamp`, `o`.`Title`
FROM `OverseasAlerts` AS `o`
WHERE `o`.`Title` = @__title_0
LIMIT 1
2026-10-06 18:25:02 - FTL - same Alerts to all comands! ירי רקטות וטילים
2026-10-06 18:25:08 - INF - Executed DbCommand (2ms) [Parameters=[@p0='?' (Size = 4000), @p1='?' (Size = 4000), @p2='?' (Size = 4000), @p3='?' (DbType = Double), @p4='?' (DbType = Double), @p5='?' (Size = 4000), @p6='?' (Size = 4000), @p7='?' (Size = 4000), @p8='?' (Size = 4000), @p9='?' (Size = 4000)], CommandType='"Text"', CommandTimeout='30']
INSERT INTO `NorthAlerts` (`AlertId`, `Classification`, `Content`, `Lat`, `Lon`, `Priority`, `Source`, `Status`, `Timestamp`, `Title`)
VALUES (@p0, @p1, @p2, @p3, @p4, @p5, @p6, @p7, @p8, @p9);
SELECT `Id`
FROM `NorthAlerts`
WHERE ROW_COUNT() = 1 AND `Id` = LAST_INSERT_ID();
2026-10-06 18:25:08 - INF - Executed DbCommand (1ms) [Parameters=[], CommandType='"Text"', CommandTimeout='30']
SELECT `c`.`Id`, `c`.`AlertId`, `c`.`Classification`, `c`.`Content`, `c`.`Lat`, `c`.`Lon`, `c`.`Priority`, `c`.`Source`, `c`.`Status`, `c`.`Timestamp`, `c`.`Title`
FROM `CenterAlerts` AS `c`
WHERE `c`.`Status` = 'WAITING'
LIMIT 1
2026-10-06 18:25:08 - INF - Executed DbCommand (2ms) [Parameters=[@__title_0='?' (Size = 4000)], CommandType='"Text"', CommandTimeout='30']
SELECT `s`.`Id`, `s`.`AlertId`, `s`.`Classification`, `s`.`Content`, `s`.`Lat`, `s`.`Lon`, `s`.`Priority`, `s`.`Source`, `s`.`Status`, `s`.`Timestamp`, `s`.`Title`
FROM `SouthAlerts` AS `s`
WHERE `s`.`Title` = @__title_0
LIMIT 1
2026-10-06 18:25:08 - INF - Executed DbCommand (1ms) [Parameters=[@__title_0='?' (Size = 4000)], CommandType='"Text"', CommandTimeout='30']
SELECT `n`.`Id`, `n`.`AlertId`, `n`.`Classification`, `n`.`Content`, `n`.`Lat`, `n`.`Lon`, `n`.`Priority`, `n`.`Source`, `n`.`Status`, `n`.`Timestamp`, `n`.`Title`
FROM `NorthAlerts` AS `n`
WHERE `n`.`Title` = @__title_0
LIMIT 1
2026-10-06 18:25:08 - INF - Executed DbCommand (1ms) [Parameters=[@__title_0='?' (Size = 4000)], CommandType='"Text"', CommandTimeout='30']
SELECT `o`.`Id`, `o`.`AlertId`, `o`.`Classification`, `o`.`Content`, `o`.`Lat`, `o`.`Lon`, `o`.`Priority`, `o`.`Source`, `o`.`Status`, `o`.`Timestamp`, `o`.`Title`
FROM `OverseasAlerts` AS `o`
WHERE `o`.`Title` = @__title_0
LIMIT 1
2026-10-06 18:25:10 - INF - Executed DbCommand (1ms) [Parameters=[@p0='?' (Size = 4000), @p1='?' (Size = 4000), @p2='?' (Size = 4000), @p3='?' (DbType = Double), @p4='?' (DbType = Double), @p5='?' (Size = 4000), @p6='?' (Size = 4000), @p7='?' (Size = 4000), @p8='?' (Size = 4000), @p9='?' (Size = 4000)], CommandType='"Text"', CommandTimeout='30']
INSERT INTO `CenterAlerts` (`AlertId`, `Classification`, `Content`, `Lat`, `Lon`, `Priority`, `Source`, `Status`, `Timestamp`, `Title`)
VALUES (@p0, @p1, @p2, @p3, @p4, @p5, @p6, @p7, @p8, @p9);
SELECT `Id`
FROM `CenterAlerts`
WHERE ROW_COUNT() = 1 AND `Id` = LAST_INSERT_ID();
2026-10-06 18:25:10 - INF - Executed DbCommand (4ms) [Parameters=[], CommandType='"Text"', CommandTimeout='30']
SELECT `s`.`Id`, `s`.`AlertId`, `s`.`Classification`, `s`.`Content`, `s`.`Lat`, `s`.`Lon`, `s`.`Priority`, `s`.`Source`, `s`.`Status`, `s`.`Timestamp`, `s`.`Title`
FROM `SouthAlerts` AS `s`
WHERE `s`.`Status` = 'WAITING'
LIMIT 1
2026-10-06 18:25:10 - INF - Executed DbCommand (4ms) [Parameters=[@__title_0='?' (Size = 4000)], CommandType='"Text"', CommandTimeout='30']
SELECT `c`.`Id`, `c`.`AlertId`, `c`.`Classification`, `c`.`Content`, `c`.`Lat`, `c`.`Lon`, `c`.`Priority`, `c`.`Source`, `c`.`Status`, `c`.`Timestamp`, `c`.`Title`
FROM `CenterAlerts` AS `c`
WHERE `c`.`Title` = @__title_0
LIMIT 1
2026-10-06 18:25:10 - INF - Executed DbCommand (3ms) [Parameters=[@__title_0='?' (Size = 4000)], CommandType='"Text"', CommandTimeout='30']
SELECT `n`.`Id`, `n`.`AlertId`, `n`.`Classification`, `n`.`Content`, `n`.`Lat`, `n`.`Lon`, `n`.`Priority`, `n`.`Source`, `n`.`Status`, `n`.`Timestamp`, `n`.`Title`
FROM `NorthAlerts` AS `n`
WHERE `n`.`Title` = @__title_0
LIMIT 1
2026-10-06 18:25:10 - INF - Executed DbCommand (4ms) [Parameters=[@__title_0='?' (Size = 4000)], CommandType='"Text"', CommandTimeout='30']
SELECT `o`.`Id`, `o`.`AlertId`, `o`.`Classification`, `o`.`Content`, `o`.`Lat`, `o`.`Lon`, `o`.`Priority`, `o`.`Source`, `o`.`Status`, `o`.`Timestamp`, `o`.`Title`
FROM `OverseasAlerts` AS `o`
WHERE `o`.`Title` = @__title_0
LIMIT 1
2026-10-06 18:25:17 - INF - Executed DbCommand (1ms) [Parameters=[@p0='?' (Size = 4000), @p1='?' (Size = 4000), @p2='?' (Size = 4000), @p3='?' (DbType = Double), @p4='?' (DbType = Double), @p5='?' (Size = 4000), @p6='?' (Size = 4000), @p7='?' (Size = 4000), @p8='?' (Size = 4000), @p9='?' (Size = 4000)], CommandType='"Text"', CommandTimeout='30']
INSERT INTO `SouthAlerts` (`AlertId`, `Classification`, `Content`, `Lat`, `Lon`, `Priority`, `Source`, `Status`, `Timestamp`, `Title`)
VALUES (@p0, @p1, @p2, @p3, @p4, @p5, @p6, @p7, @p8, @p9);
SELECT `Id`
FROM `SouthAlerts`
WHERE ROW_COUNT() = 1 AND `Id` = LAST_INSERT_ID();
2026-10-06 18:25:17 - INF - Executed DbCommand (1ms) [Parameters=[], CommandType='"Text"', CommandTimeout='30']
SELECT `o`.`Id`, `o`.`AlertId`, `o`.`Classification`, `o`.`Content`, `o`.`Lat`, `o`.`Lon`, `o`.`Priority`, `o`.`Source`, `o`.`Status`, `o`.`Timestamp`, `o`.`Title`
FROM `OverseasAlerts` AS `o`
WHERE `o`.`Status` = 'WAITING'
LIMIT 1
2026-10-06 18:25:17 - INF - Executed DbCommand (1ms) [Parameters=[@__title_0='?' (Size = 4000)], CommandType='"Text"', CommandTimeout='30']
SELECT `c`.`Id`, `c`.`AlertId`, `c`.`Classification`, `c`.`Content`, `c`.`Lat`, `c`.`Lon`, `c`.`Priority`, `c`.`Source`, `c`.`Status`, `c`.`Timestamp`, `c`.`Title`
FROM `CenterAlerts` AS `c`
WHERE `c`.`Title` = @__title_0
LIMIT 1
2026-10-06 18:25:17 - INF - Executed DbCommand (1ms) [Parameters=[@__title_0='?' (Size = 4000)], CommandType='"Text"', CommandTimeout='30']
SELECT `n`.`Id`, `n`.`AlertId`, `n`.`Classification`, `n`.`Content`, `n`.`Lat`, `n`.`Lon`, `n`.`Priority`, `n`.`Source`, `n`.`Status`, `n`.`Timestamp`, `n`.`Title`
FROM `NorthAlerts` AS `n`
WHERE `n`.`Title` = @__title_0
LIMIT 1
2026-10-06 18:25:17 - INF - Executed DbCommand (1ms) [Parameters=[@__title_0='?' (Size = 4000)], CommandType='"Text"', CommandTimeout='30']
SELECT `o`.`Id`, `o`.`AlertId`, `o`.`Classification`, `o`.`Content`, `o`.`Lat`, `o`.`Lon`, `o`.`Priority`, `o`.`Source`, `o`.`Status`, `o`.`Timestamp`, `o`.`Title`
FROM `OverseasAlerts` AS `o`
WHERE `o`.`Title` = @__title_0
LIMIT 1
2026-10-06 18:25:24 - INF - Executed DbCommand (1ms) [Parameters=[@p0='?' (Size = 4000), @p1='?' (Size = 4000), @p2='?' (Size = 4000), @p3='?' (DbType = Double), @p4='?' (DbType = Double), @p5='?' (Size = 4000), @p6='?' (Size = 4000), @p7='?' (Size = 4000), @p8='?' (Size = 4000), @p9='?' (Size = 4000)], CommandType='"Text"', CommandTimeout='30']
INSERT INTO `OverseasAlerts` (`AlertId`, `Classification`, `Content`, `Lat`, `Lon`, `Priority`, `Source`, `Status`, `Timestamp`, `Title`)
VALUES (@p0, @p1, @p2, @p3, @p4, @p5, @p6, @p7, @p8, @p9);
SELECT `Id`
FROM `OverseasAlerts`
WHERE ROW_COUNT() = 1 AND `Id` = LAST_INSERT_ID();
2026-10-06 18:25:24 - INF - Executed DbCommand (1ms) [Parameters=[], CommandType='"Text"', CommandTimeout='30']
SELECT `n`.`Id`, `n`.`AlertId`, `n`.`Classification`, `n`.`Content`, `n`.`Lat`, `n`.`Lon`, `n`.`Priority`, `n`.`Source`, `n`.`Status`, `n`.`Timestamp`, `n`.`Title`
FROM `NorthAlerts` AS `n`
WHERE `n`.`Status` = 'WAITING'
LIMIT 1
2026-10-06 18:25:24 - INF - Executed DbCommand (1ms) [Parameters=[@__title_0='?' (Size = 4000)], CommandType='"Text"', CommandTimeout='30']
SELECT `s`.`Id`, `s`.`AlertId`, `s`.`Classification`, `s`.`Content`, `s`.`Lat`, `s`.`Lon`, `s`.`Priority`, `s`.`Source`, `s`.`Status`, `s`.`Timestamp`, `s`.`Title`
FROM `SouthAlerts` AS `s`
WHERE `s`.`Title` = @__title_0
LIMIT 1
2026-10-06 18:25:24 - INF - Executed DbCommand (1ms) [Parameters=[@__title_0='?' (Size = 4000)], CommandType='"Text"', CommandTimeout='30']
SELECT `c`.`Id`, `c`.`AlertId`, `c`.`Classification`, `c`.`Content`, `c`.`Lat`, `c`.`Lon`, `c`.`Priority`, `c`.`Source`, `c`.`Status`, `c`.`Timestamp`, `c`.`Title`
FROM `CenterAlerts` AS `c`
WHERE `c`.`Title` = @__title_0
LIMIT 1
2026-10-06 18:25:24 - INF - Executed DbCommand (1ms) [Parameters=[@__title_0='?' (Size = 4000)], CommandType='"Text"', CommandTimeout='30']
SELECT `o`.`Id`, `o`.`AlertId`, `o`.`Classification`, `o`.`Content`, `o`.`Lat`, `o`.`Lon`, `o`.`Priority`, `o`.`Source`, `o`.`Status`, `o`.`Timestamp`, `o`.`Title`
FROM `OverseasAlerts` AS `o`
WHERE `o`.`Title` = @__title_0
LIMIT 1
2026-10-06 18:25:24 - FTL - same Alerts to all comands! ירי רקטות וטילים
2026-10-06 18:25:30 - INF - Executed DbCommand (1ms) [Parameters=[@p0='?' (Size = 4000), @p1='?' (Size = 4000), @p2='?' (Size = 4000), @p3='?' (DbType = Double), @p4='?' (DbType = Double), @p5='?' (Size = 4000), @p6='?' (Size = 4000), @p7='?' (Size = 4000), @p8='?' (Size = 4000), @p9='?' (Size = 4000)], CommandType='"Text"', CommandTimeout='30']
INSERT INTO `NorthAlerts` (`AlertId`, `Classification`, `Content`, `Lat`, `Lon`, `Priority`, `Source`, `Status`, `Timestamp`, `Title`)
VALUES (@p0, @p1, @p2, @p3, @p4, @p5, @p6, @p7, @p8, @p9);
SELECT `Id`
FROM `NorthAlerts`
WHERE ROW_COUNT() = 1 AND `Id` = LAST_INSERT_ID();
2026-10-06 18:25:30 - INF - Executed DbCommand (1ms) [Parameters=[], CommandType='"Text"', CommandTimeout='30']
SELECT `c`.`Id`, `c`.`AlertId`, `c`.`Classification`, `c`.`Content`, `c`.`Lat`, `c`.`Lon`, `c`.`Priority`, `c`.`Source`, `c`.`Status`, `c`.`Timestamp`, `c`.`Title`
FROM `CenterAlerts` AS `c`
WHERE `c`.`Status` = 'WAITING'
LIMIT 1
2026-10-06 18:25:30 - INF - Executed DbCommand (1ms) [Parameters=[@__title_0='?' (Size = 4000)], CommandType='"Text"', CommandTimeout='30']
SELECT `s`.`Id`, `s`.`AlertId`, `s`.`Classification`, `s`.`Content`, `s`.`Lat`, `s`.`Lon`, `s`.`Priority`, `s`.`Source`, `s`.`Status`, `s`.`Timestamp`, `s`.`Title`
FROM `SouthAlerts` AS `s`
WHERE `s`.`Title` = @__title_0
LIMIT 1
2026-10-06 18:25:30 - INF - Executed DbCommand (1ms) [Parameters=[@__title_0='?' (Size = 4000)], CommandType='"Text"', CommandTimeout='30']
SELECT `n`.`Id`, `n`.`AlertId`, `n`.`Classification`, `n`.`Content`, `n`.`Lat`, `n`.`Lon`, `n`.`Priority`, `n`.`Source`, `n`.`Status`, `n`.`Timestamp`, `n`.`Title`
FROM `NorthAlerts` AS `n`
WHERE `n`.`Title` = @__title_0
LIMIT 1
2026-10-06 18:25:30 - INF - Executed DbCommand (1ms) [Parameters=[@__title_0='?' (Size = 4000)], CommandType='"Text"', CommandTimeout='30']
SELECT `o`.`Id`, `o`.`AlertId`, `o`.`Classification`, `o`.`Content`, `o`.`Lat`, `o`.`Lon`, `o`.`Priority`, `o`.`Source`, `o`.`Status`, `o`.`Timestamp`, `o`.`Title`
FROM `OverseasAlerts` AS `o`
WHERE `o`.`Title` = @__title_0
LIMIT 1
2026-10-06 18:25:32 - INF - Executed DbCommand (1ms) [Parameters=[@p0='?' (Size = 4000), @p1='?' (Size = 4000), @p2='?' (Size = 4000), @p3='?' (DbType = Double), @p4='?' (DbType = Double), @p5='?' (Size = 4000), @p6='?' (Size = 4000), @p7='?' (Size = 4000), @p8='?' (Size = 4000), @p9='?' (Size = 4000)], CommandType='"Text"', CommandTimeout='30']
INSERT INTO `CenterAlerts` (`AlertId`, `Classification`, `Content`, `Lat`, `Lon`, `Priority`, `Source`, `Status`, `Timestamp`, `Title`)
VALUES (@p0, @p1, @p2, @p3, @p4, @p5, @p6, @p7, @p8, @p9);
SELECT `Id`
FROM `CenterAlerts`
WHERE ROW_COUNT() = 1 AND `Id` = LAST_INSERT_ID();
2026-10-06 18:25:32 - INF - Executed DbCommand (1ms) [Parameters=[], CommandType='"Text"', CommandTimeout='30']
SELECT `s`.`Id`, `s`.`AlertId`, `s`.`Classification`, `s`.`Content`, `s`.`Lat`, `s`.`Lon`, `s`.`Priority`, `s`.`Source`, `s`.`Status`, `s`.`Timestamp`, `s`.`Title`
FROM `SouthAlerts` AS `s`
WHERE `s`.`Status` = 'WAITING'
LIMIT 1
2026-10-06 18:25:32 - INF - Executed DbCommand (1ms) [Parameters=[@__title_0='?' (Size = 4000)], CommandType='"Text"', CommandTimeout='30']
SELECT `c`.`Id`, `c`.`AlertId`, `c`.`Classification`, `c`.`Content`, `c`.`Lat`, `c`.`Lon`, `c`.`Priority`, `c`.`Source`, `c`.`Status`, `c`.`Timestamp`, `c`.`Title`
FROM `CenterAlerts` AS `c`
WHERE `c`.`Title` = @__title_0
LIMIT 1
2026-10-06 18:25:32 - INF - Executed DbCommand (1ms) [Parameters=[@__title_0='?' (Size = 4000)], CommandType='"Text"', CommandTimeout='30']
SELECT `n`.`Id`, `n`.`AlertId`, `n`.`Classification`, `n`.`Content`, `n`.`Lat`, `n`.`Lon`, `n`.`Priority`, `n`.`Source`, `n`.`Status`, `n`.`Timestamp`, `n`.`Title`
FROM `NorthAlerts` AS `n`
WHERE `n`.`Title` = @__title_0
LIMIT 1
2026-10-06 18:25:32 - INF - Executed DbCommand (1ms) [Parameters=[@__title_0='?' (Size = 4000)], CommandType='"Text"', CommandTimeout='30']
SELECT `o`.`Id`, `o`.`AlertId`, `o`.`Classification`, `o`.`Content`, `o`.`Lat`, `o`.`Lon`, `o`.`Priority`, `o`.`Source`, `o`.`Status`, `o`.`Timestamp`, `o`.`Title`
FROM `OverseasAlerts` AS `o`
WHERE `o`.`Title` = @__title_0
LIMIT 1
2026-10-06 18:25:39 - INF - Executed DbCommand (1ms) [Parameters=[@p0='?' (Size = 4000), @p1='?' (Size = 4000), @p2='?' (Size = 4000), @p3='?' (DbType = Double), @p4='?' (DbType = Double), @p5='?' (Size = 4000), @p6='?' (Size = 4000), @p7='?' (Size = 4000), @p8='?' (Size = 4000), @p9='?' (Size = 4000)], CommandType='"Text"', CommandTimeout='30']
INSERT INTO `SouthAlerts` (`AlertId`, `Classification`, `Content`, `Lat`, `Lon`, `Priority`, `Source`, `Status`, `Timestamp`, `Title`)
VALUES (@p0, @p1, @p2, @p3, @p4, @p5, @p6, @p7, @p8, @p9);
SELECT `Id`
FROM `SouthAlerts`
WHERE ROW_COUNT() = 1 AND `Id` = LAST_INSERT_ID();
2026-10-06 18:25:39 - INF - Executed DbCommand (1ms) [Parameters=[], CommandType='"Text"', CommandTimeout='30']
SELECT `o`.`Id`, `o`.`AlertId`, `o`.`Classification`, `o`.`Content`, `o`.`Lat`, `o`.`Lon`, `o`.`Priority`, `o`.`Source`, `o`.`Status`, `o`.`Timestamp`, `o`.`Title`
FROM `OverseasAlerts` AS `o`
WHERE `o`.`Status` = 'WAITING'
LIMIT 1
2026-10-06 18:25:39 - INF - Executed DbCommand (1ms) [Parameters=[@__title_0='?' (Size = 4000)], CommandType='"Text"', CommandTimeout='30']
SELECT `c`.`Id`, `c`.`AlertId`, `c`.`Classification`, `c`.`Content`, `c`.`Lat`, `c`.`Lon`, `c`.`Priority`, `c`.`Source`, `c`.`Status`, `c`.`Timestamp`, `c`.`Title`
FROM `CenterAlerts` AS `c`
WHERE `c`.`Title` = @__title_0
LIMIT 1
2026-10-06 18:25:39 - INF - Executed DbCommand (2ms) [Parameters=[@__title_0='?' (Size = 4000)], CommandType='"Text"', CommandTimeout='30']
SELECT `n`.`Id`, `n`.`AlertId`, `n`.`Classification`, `n`.`Content`, `n`.`Lat`, `n`.`Lon`, `n`.`Priority`, `n`.`Source`, `n`.`Status`, `n`.`Timestamp`, `n`.`Title`
FROM `NorthAlerts` AS `n`
WHERE `n`.`Title` = @__title_0
LIMIT 1
2026-10-06 18:25:39 - INF - Executed DbCommand (1ms) [Parameters=[@__title_0='?' (Size = 4000)], CommandType='"Text"', CommandTimeout='30']
SELECT `o`.`Id`, `o`.`AlertId`, `o`.`Classification`, `o`.`Content`, `o`.`Lat`, `o`.`Lon`, `o`.`Priority`, `o`.`Source`, `o`.`Status`, `o`.`Timestamp`, `o`.`Title`
FROM `OverseasAlerts` AS `o`
WHERE `o`.`Title` = @__title_0
LIMIT 1
2026-10-06 18:25:46 - INF - Executed DbCommand (1ms) [Parameters=[@p0='?' (Size = 4000), @p1='?' (Size = 4000), @p2='?' (Size = 4000), @p3='?' (DbType = Double), @p4='?' (DbType = Double), @p5='?' (Size = 4000), @p6='?' (Size = 4000), @p7='?' (Size = 4000), @p8='?' (Size = 4000), @p9='?' (Size = 4000)], CommandType='"Text"', CommandTimeout='30']
INSERT INTO `OverseasAlerts` (`AlertId`, `Classification`, `Content`, `Lat`, `Lon`, `Priority`, `Source`, `Status`, `Timestamp`, `Title`)
VALUES (@p0, @p1, @p2, @p3, @p4, @p5, @p6, @p7, @p8, @p9);
SELECT `Id`
FROM `OverseasAlerts`
WHERE ROW_COUNT() = 1 AND `Id` = LAST_INSERT_ID();
2026-10-06 18:25:46 - INF - Executed DbCommand (1ms) [Parameters=[], CommandType='"Text"', CommandTimeout='30']
SELECT `n`.`Id`, `n`.`AlertId`, `n`.`Classification`, `n`.`Content`, `n`.`Lat`, `n`.`Lon`, `n`.`Priority`, `n`.`Source`, `n`.`Status`, `n`.`Timestamp`, `n`.`Title`
FROM `NorthAlerts` AS `n`
WHERE `n`.`Status` = 'WAITING'
LIMIT 1
2026-10-06 18:25:46 - INF - Executed DbCommand (1ms) [Parameters=[@__title_0='?' (Size = 4000)], CommandType='"Text"', CommandTimeout='30']
SELECT `s`.`Id`, `s`.`AlertId`, `s`.`Classification`, `s`.`Content`, `s`.`Lat`, `s`.`Lon`, `s`.`Priority`, `s`.`Source`, `s`.`Status`, `s`.`Timestamp`, `s`.`Title`
FROM `SouthAlerts` AS `s`
WHERE `s`.`Title` = @__title_0
LIMIT 1
2026-10-06 18:25:46 - INF - Executed DbCommand (1ms) [Parameters=[@__title_0='?' (Size = 4000)], CommandType='"Text"', CommandTimeout='30']
SELECT `c`.`Id`, `c`.`AlertId`, `c`.`Classification`, `c`.`Content`, `c`.`Lat`, `c`.`Lon`, `c`.`Priority`, `c`.`Source`, `c`.`Status`, `c`.`Timestamp`, `c`.`Title`
FROM `CenterAlerts` AS `c`
WHERE `c`.`Title` = @__title_0
LIMIT 1
2026-10-06 18:25:46 - INF - Executed DbCommand (1ms) [Parameters=[@__title_0='?' (Size = 4000)], CommandType='"Text"', CommandTimeout='30']
SELECT `o`.`Id`, `o`.`AlertId`, `o`.`Classification`, `o`.`Content`, `o`.`Lat`, `o`.`Lon`, `o`.`Priority`, `o`.`Source`, `o`.`Status`, `o`.`Timestamp`, `o`.`Title`
FROM `OverseasAlerts` AS `o`
WHERE `o`.`Title` = @__title_0
LIMIT 1
2026-10-06 18:25:46 - FTL - same Alerts to all comands! ירי רקטות וטילים
2026-10-06 18:25:52 - INF - Executed DbCommand (1ms) [Parameters=[@p0='?' (Size = 4000), @p1='?' (Size = 4000), @p2='?' (Size = 4000), @p3='?' (DbType = Double), @p4='?' (DbType = Double), @p5='?' (Size = 4000), @p6='?' (Size = 4000), @p7='?' (Size = 4000), @p8='?' (Size = 4000), @p9='?' (Size = 4000)], CommandType='"Text"', CommandTimeout='30']
INSERT INTO `NorthAlerts` (`AlertId`, `Classification`, `Content`, `Lat`, `Lon`, `Priority`, `Source`, `Status`, `Timestamp`, `Title`)
VALUES (@p0, @p1, @p2, @p3, @p4, @p5, @p6, @p7, @p8, @p9);
SELECT `Id`
FROM `NorthAlerts`
WHERE ROW_COUNT() = 1 AND `Id` = LAST_INSERT_ID();
2026-10-06 18:25:52 - INF - Executed DbCommand (1ms) [Parameters=[], CommandType='"Text"', CommandTimeout='30']
SELECT `c`.`Id`, `c`.`AlertId`, `c`.`Classification`, `c`.`Content`, `c`.`Lat`, `c`.`Lon`, `c`.`Priority`, `c`.`Source`, `c`.`Status`, `c`.`Timestamp`, `c`.`Title`
FROM `CenterAlerts` AS `c`
WHERE `c`.`Status` = 'WAITING'
LIMIT 1
2026-10-06 18:25:52 - INF - Executed DbCommand (2ms) [Parameters=[@__title_0='?' (Size = 4000)], CommandType='"Text"', CommandTimeout='30']
SELECT `s`.`Id`, `s`.`AlertId`, `s`.`Classification`, `s`.`Content`, `s`.`Lat`, `s`.`Lon`, `s`.`Priority`, `s`.`Source`, `s`.`Status`, `s`.`Timestamp`, `s`.`Title`
FROM `SouthAlerts` AS `s`
WHERE `s`.`Title` = @__title_0
LIMIT 1
2026-10-06 18:25:52 - INF - Executed DbCommand (2ms) [Parameters=[@__title_0='?' (Size = 4000)], CommandType='"Text"', CommandTimeout='30']
SELECT `n`.`Id`, `n`.`AlertId`, `n`.`Classification`, `n`.`Content`, `n`.`Lat`, `n`.`Lon`, `n`.`Priority`, `n`.`Source`, `n`.`Status`, `n`.`Timestamp`, `n`.`Title`
FROM `NorthAlerts` AS `n`
WHERE `n`.`Title` = @__title_0
LIMIT 1
2026-10-06 18:25:52 - INF - Executed DbCommand (1ms) [Parameters=[@__title_0='?' (Size = 4000)], CommandType='"Text"', CommandTimeout='30']
SELECT `o`.`Id`, `o`.`AlertId`, `o`.`Classification`, `o`.`Content`, `o`.`Lat`, `o`.`Lon`, `o`.`Priority`, `o`.`Source`, `o`.`Status`, `o`.`Timestamp`, `o`.`Title`
FROM `OverseasAlerts` AS `o`
WHERE `o`.`Title` = @__title_0
LIMIT 1
2026-10-06 18:25:54 - INF - Executed DbCommand (2ms) [Parameters=[@p0='?' (Size = 4000), @p1='?' (Size = 4000), @p2='?' (Size = 4000), @p3='?' (DbType = Double), @p4='?' (DbType = Double), @p5='?' (Size = 4000), @p6='?' (Size = 4000), @p7='?' (Size = 4000), @p8='?' (Size = 4000), @p9='?' (Size = 4000)], CommandType='"Text"', CommandTimeout='30']
INSERT INTO `CenterAlerts` (`AlertId`, `Classification`, `Content`, `Lat`, `Lon`, `Priority`, `Source`, `Status`, `Timestamp`, `Title`)
VALUES (@p0, @p1, @p2, @p3, @p4, @p5, @p6, @p7, @p8, @p9);
SELECT `Id`
FROM `CenterAlerts`
WHERE ROW_COUNT() = 1 AND `Id` = LAST_INSERT_ID();
2026-10-06 18:25:54 - INF - Executed DbCommand (1ms) [Parameters=[], CommandType='"Text"', CommandTimeout='30']
SELECT `s`.`Id`, `s`.`AlertId`, `s`.`Classification`, `s`.`Content`, `s`.`Lat`, `s`.`Lon`, `s`.`Priority`, `s`.`Source`, `s`.`Status`, `s`.`Timestamp`, `s`.`Title`
FROM `SouthAlerts` AS `s`
WHERE `s`.`Status` = 'WAITING'
LIMIT 1
2026-10-06 18:25:54 - INF - Executed DbCommand (1ms) [Parameters=[@__title_0='?' (Size = 4000)], CommandType='"Text"', CommandTimeout='30']
SELECT `c`.`Id`, `c`.`AlertId`, `c`.`Classification`, `c`.`Content`, `c`.`Lat`, `c`.`Lon`, `c`.`Priority`, `c`.`Source`, `c`.`Status`, `c`.`Timestamp`, `c`.`Title`
FROM `CenterAlerts` AS `c`
WHERE `c`.`Title` = @__title_0
LIMIT 1
2026-10-06 18:25:54 - INF - Executed DbCommand (1ms) [Parameters=[@__title_0='?' (Size = 4000)], CommandType='"Text"', CommandTimeout='30']
SELECT `n`.`Id`, `n`.`AlertId`, `n`.`Classification`, `n`.`Content`, `n`.`Lat`, `n`.`Lon`, `n`.`Priority`, `n`.`Source`, `n`.`Status`, `n`.`Timestamp`, `n`.`Title`
FROM `NorthAlerts` AS `n`
WHERE `n`.`Title` = @__title_0
LIMIT 1
2026-10-06 18:25:54 - INF - Executed DbCommand (1ms) [Parameters=[@__title_0='?' (Size = 4000)], CommandType='"Text"', CommandTimeout='30']
SELECT `o`.`Id`, `o`.`AlertId`, `o`.`Classification`, `o`.`Content`, `o`.`Lat`, `o`.`Lon`, `o`.`Priority`, `o`.`Source`, `o`.`Status`, `o`.`Timestamp`, `o`.`Title`
FROM `OverseasAlerts` AS `o`
WHERE `o`.`Title` = @__title_0
LIMIT 1
2026-10-06 18:26:01 - INF - Executed DbCommand (2ms) [Parameters=[@p0='?' (Size = 4000), @p1='?' (Size = 4000), @p2='?' (Size = 4000), @p3='?' (DbType = Double), @p4='?' (DbType = Double), @p5='?' (Size = 4000), @p6='?' (Size = 4000), @p7='?' (Size = 4000), @p8='?' (Size = 4000), @p9='?' (Size = 4000)], CommandType='"Text"', CommandTimeout='30']
INSERT INTO `SouthAlerts` (`AlertId`, `Classification`, `Content`, `Lat`, `Lon`, `Priority`, `Source`, `Status`, `Timestamp`, `Title`)
VALUES (@p0, @p1, @p2, @p3, @p4, @p5, @p6, @p7, @p8, @p9);
SELECT `Id`
FROM `SouthAlerts`
WHERE ROW_COUNT() = 1 AND `Id` = LAST_INSERT_ID();
2026-10-06 18:26:01 - INF - Executed DbCommand (2ms) [Parameters=[], CommandType='"Text"', CommandTimeout='30']
SELECT `o`.`Id`, `o`.`AlertId`, `o`.`Classification`, `o`.`Content`, `o`.`Lat`, `o`.`Lon`, `o`.`Priority`, `o`.`Source`, `o`.`Status`, `o`.`Timestamp`, `o`.`Title`
FROM `OverseasAlerts` AS `o`
WHERE `o`.`Status` = 'WAITING'
LIMIT 1
2026-10-06 18:26:01 - INF - Executed DbCommand (2ms) [Parameters=[@__title_0='?' (Size = 4000)], CommandType='"Text"', CommandTimeout='30']
SELECT `c`.`Id`, `c`.`AlertId`, `c`.`Classification`, `c`.`Content`, `c`.`Lat`, `c`.`Lon`, `c`.`Priority`, `c`.`Source`, `c`.`Status`, `c`.`Timestamp`, `c`.`Title`
FROM `CenterAlerts` AS `c`
WHERE `c`.`Title` = @__title_0
LIMIT 1
2026-10-06 18:26:01 - INF - Executed DbCommand (1ms) [Parameters=[@__title_0='?' (Size = 4000)], CommandType='"Text"', CommandTimeout='30']
SELECT `n`.`Id`, `n`.`AlertId`, `n`.`Classification`, `n`.`Content`, `n`.`Lat`, `n`.`Lon`, `n`.`Priority`, `n`.`Source`, `n`.`Status`, `n`.`Timestamp`, `n`.`Title`
FROM `NorthAlerts` AS `n`
WHERE `n`.`Title` = @__title_0
LIMIT 1
2026-10-06 18:26:01 - INF - Executed DbCommand (1ms) [Parameters=[@__title_0='?' (Size = 4000)], CommandType='"Text"', CommandTimeout='30']
SELECT `o`.`Id`, `o`.`AlertId`, `o`.`Classification`, `o`.`Content`, `o`.`Lat`, `o`.`Lon`, `o`.`Priority`, `o`.`Source`, `o`.`Status`, `o`.`Timestamp`, `o`.`Title`
FROM `OverseasAlerts` AS `o`
WHERE `o`.`Title` = @__title_0
LIMIT 1
2026-10-06 18:26:08 - INF - Executed DbCommand (1ms) [Parameters=[@p0='?' (Size = 4000), @p1='?' (Size = 4000), @p2='?' (Size = 4000), @p3='?' (DbType = Double), @p4='?' (DbType = Double), @p5='?' (Size = 4000), @p6='?' (Size = 4000), @p7='?' (Size = 4000), @p8='?' (Size = 4000), @p9='?' (Size = 4000)], CommandType='"Text"', CommandTimeout='30']
INSERT INTO `OverseasAlerts` (`AlertId`, `Classification`, `Content`, `Lat`, `Lon`, `Priority`, `Source`, `Status`, `Timestamp`, `Title`)
VALUES (@p0, @p1, @p2, @p3, @p4, @p5, @p6, @p7, @p8, @p9);
SELECT `Id`
FROM `OverseasAlerts`
WHERE ROW_COUNT() = 1 AND `Id` = LAST_INSERT_ID();
2026-10-06 18:26:08 - INF - Executed DbCommand (3ms) [Parameters=[], CommandType='"Text"', CommandTimeout='30']
SELECT `n`.`Id`, `n`.`AlertId`, `n`.`Classification`, `n`.`Content`, `n`.`Lat`, `n`.`Lon`, `n`.`Priority`, `n`.`Source`, `n`.`Status`, `n`.`Timestamp`, `n`.`Title`
FROM `NorthAlerts` AS `n`
WHERE `n`.`Status` = 'WAITING'
LIMIT 1
2026-10-06 18:26:08 - INF - Executed DbCommand (1ms) [Parameters=[@__title_0='?' (Size = 4000)], CommandType='"Text"', CommandTimeout='30']
SELECT `s`.`Id`, `s`.`AlertId`, `s`.`Classification`, `s`.`Content`, `s`.`Lat`, `s`.`Lon`, `s`.`Priority`, `s`.`Source`, `s`.`Status`, `s`.`Timestamp`, `s`.`Title`
FROM `SouthAlerts` AS `s`
WHERE `s`.`Title` = @__title_0
LIMIT 1
2026-10-06 18:26:08 - INF - Executed DbCommand (1ms) [Parameters=[@__title_0='?' (Size = 4000)], CommandType='"Text"', CommandTimeout='30']
SELECT `c`.`Id`, `c`.`AlertId`, `c`.`Classification`, `c`.`Content`, `c`.`Lat`, `c`.`Lon`, `c`.`Priority`, `c`.`Source`, `c`.`Status`, `c`.`Timestamp`, `c`.`Title`
FROM `CenterAlerts` AS `c`
WHERE `c`.`Title` = @__title_0
LIMIT 1
2026-10-06 18:26:08 - INF - Executed DbCommand (1ms) [Parameters=[@__title_0='?' (Size = 4000)], CommandType='"Text"', CommandTimeout='30']
SELECT `o`.`Id`, `o`.`AlertId`, `o`.`Classification`, `o`.`Content`, `o`.`Lat`, `o`.`Lon`, `o`.`Priority`, `o`.`Source`, `o`.`Status`, `o`.`Timestamp`, `o`.`Title`
FROM `OverseasAlerts` AS `o`
WHERE `o`.`Title` = @__title_0
LIMIT 1
2026-10-06 18:26:08 - FTL - same Alerts to all comands! ירי רקטות וטילים
2026-10-06 18:26:14 - INF - Executed DbCommand (2ms) [Parameters=[@p0='?' (Size = 4000), @p1='?' (Size = 4000), @p2='?' (Size = 4000), @p3='?' (DbType = Double), @p4='?' (DbType = Double), @p5='?' (Size = 4000), @p6='?' (Size = 4000), @p7='?' (Size = 4000), @p8='?' (Size = 4000), @p9='?' (Size = 4000)], CommandType='"Text"', CommandTimeout='30']
INSERT INTO `NorthAlerts` (`AlertId`, `Classification`, `Content`, `Lat`, `Lon`, `Priority`, `Source`, `Status`, `Timestamp`, `Title`)
VALUES (@p0, @p1, @p2, @p3, @p4, @p5, @p6, @p7, @p8, @p9);
SELECT `Id`
FROM `NorthAlerts`
WHERE ROW_COUNT() = 1 AND `Id` = LAST_INSERT_ID();
2026-10-06 18:26:14 - INF - Executed DbCommand (1ms) [Parameters=[], CommandType='"Text"', CommandTimeout='30']
SELECT `c`.`Id`, `c`.`AlertId`, `c`.`Classification`, `c`.`Content`, `c`.`Lat`, `c`.`Lon`, `c`.`Priority`, `c`.`Source`, `c`.`Status`, `c`.`Timestamp`, `c`.`Title`
FROM `CenterAlerts` AS `c`
WHERE `c`.`Status` = 'WAITING'
LIMIT 1
2026-10-06 18:26:14 - INF - Executed DbCommand (1ms) [Parameters=[@__title_0='?' (Size = 4000)], CommandType='"Text"', CommandTimeout='30']
SELECT `s`.`Id`, `s`.`AlertId`, `s`.`Classification`, `s`.`Content`, `s`.`Lat`, `s`.`Lon`, `s`.`Priority`, `s`.`Source`, `s`.`Status`, `s`.`Timestamp`, `s`.`Title`
FROM `SouthAlerts` AS `s`
WHERE `s`.`Title` = @__title_0
LIMIT 1
2026-10-06 18:26:14 - INF - Executed DbCommand (1ms) [Parameters=[@__title_0='?' (Size = 4000)], CommandType='"Text"', CommandTimeout='30']
SELECT `n`.`Id`, `n`.`AlertId`, `n`.`Classification`, `n`.`Content`, `n`.`Lat`, `n`.`Lon`, `n`.`Priority`, `n`.`Source`, `n`.`Status`, `n`.`Timestamp`, `n`.`Title`
FROM `NorthAlerts` AS `n`
WHERE `n`.`Title` = @__title_0
LIMIT 1
2026-10-06 18:26:14 - INF - Executed DbCommand (1ms) [Parameters=[@__title_0='?' (Size = 4000)], CommandType='"Text"', CommandTimeout='30']
SELECT `o`.`Id`, `o`.`AlertId`, `o`.`Classification`, `o`.`Content`, `o`.`Lat`, `o`.`Lon`, `o`.`Priority`, `o`.`Source`, `o`.`Status`, `o`.`Timestamp`, `o`.`Title`
FROM `OverseasAlerts` AS `o`
WHERE `o`.`Title` = @__title_0
LIMIT 1
2026-10-06 18:26:16 - INF - Executed DbCommand (1ms) [Parameters=[@p0='?' (Size = 4000), @p1='?' (Size = 4000), @p2='?' (Size = 4000), @p3='?' (DbType = Double), @p4='?' (DbType = Double), @p5='?' (Size = 4000), @p6='?' (Size = 4000), @p7='?' (Size = 4000), @p8='?' (Size = 4000), @p9='?' (Size = 4000)], CommandType='"Text"', CommandTimeout='30']
INSERT INTO `CenterAlerts` (`AlertId`, `Classification`, `Content`, `Lat`, `Lon`, `Priority`, `Source`, `Status`, `Timestamp`, `Title`)
VALUES (@p0, @p1, @p2, @p3, @p4, @p5, @p6, @p7, @p8, @p9);
SELECT `Id`
FROM `CenterAlerts`
WHERE ROW_COUNT() = 1 AND `Id` = LAST_INSERT_ID();
2026-10-06 18:26:16 - INF - Executed DbCommand (1ms) [Parameters=[], CommandType='"Text"', CommandTimeout='30']
SELECT `s`.`Id`, `s`.`AlertId`, `s`.`Classification`, `s`.`Content`, `s`.`Lat`, `s`.`Lon`, `s`.`Priority`, `s`.`Source`, `s`.`Status`, `s`.`Timestamp`, `s`.`Title`
FROM `SouthAlerts` AS `s`
WHERE `s`.`Status` = 'WAITING'
LIMIT 1
2026-10-06 18:26:16 - INF - Executed DbCommand (1ms) [Parameters=[@__title_0='?' (Size = 4000)], CommandType='"Text"', CommandTimeout='30']
SELECT `c`.`Id`, `c`.`AlertId`, `c`.`Classification`, `c`.`Content`, `c`.`Lat`, `c`.`Lon`, `c`.`Priority`, `c`.`Source`, `c`.`Status`, `c`.`Timestamp`, `c`.`Title`
FROM `CenterAlerts` AS `c`
WHERE `c`.`Title` = @__title_0
LIMIT 1
2026-10-06 18:26:16 - INF - Executed DbCommand (1ms) [Parameters=[@__title_0='?' (Size = 4000)], CommandType='"Text"', CommandTimeout='30']
SELECT `n`.`Id`, `n`.`AlertId`, `n`.`Classification`, `n`.`Content`, `n`.`Lat`, `n`.`Lon`, `n`.`Priority`, `n`.`Source`, `n`.`Status`, `n`.`Timestamp`, `n`.`Title`
FROM `NorthAlerts` AS `n`
WHERE `n`.`Title` = @__title_0
LIMIT 1
2026-10-06 18:26:16 - INF - Executed DbCommand (1ms) [Parameters=[@__title_0='?' (Size = 4000)], CommandType='"Text"', CommandTimeout='30']
SELECT `o`.`Id`, `o`.`AlertId`, `o`.`Classification`, `o`.`Content`, `o`.`Lat`, `o`.`Lon`, `o`.`Priority`, `o`.`Source`, `o`.`Status`, `o`.`Timestamp`, `o`.`Title`
FROM `OverseasAlerts` AS `o`
WHERE `o`.`Title` = @__title_0
LIMIT 1
2026-10-06 18:26:23 - INF - Executed DbCommand (1ms) [Parameters=[@p0='?' (Size = 4000), @p1='?' (Size = 4000), @p2='?' (Size = 4000), @p3='?' (DbType = Double), @p4='?' (DbType = Double), @p5='?' (Size = 4000), @p6='?' (Size = 4000), @p7='?' (Size = 4000), @p8='?' (Size = 4000), @p9='?' (Size = 4000)], CommandType='"Text"', CommandTimeout='30']
INSERT INTO `SouthAlerts` (`AlertId`, `Classification`, `Content`, `Lat`, `Lon`, `Priority`, `Source`, `Status`, `Timestamp`, `Title`)
VALUES (@p0, @p1, @p2, @p3, @p4, @p5, @p6, @p7, @p8, @p9);
SELECT `Id`
FROM `SouthAlerts`
WHERE ROW_COUNT() = 1 AND `Id` = LAST_INSERT_ID();
2026-10-06 18:26:23 - INF - Executed DbCommand (1ms) [Parameters=[], CommandType='"Text"', CommandTimeout='30']
SELECT `o`.`Id`, `o`.`AlertId`, `o`.`Classification`, `o`.`Content`, `o`.`Lat`, `o`.`Lon`, `o`.`Priority`, `o`.`Source`, `o`.`Status`, `o`.`Timestamp`, `o`.`Title`
FROM `OverseasAlerts` AS `o`
WHERE `o`.`Status` = 'WAITING'
LIMIT 1
2026-10-06 18:26:23 - INF - Executed DbCommand (1ms) [Parameters=[@__title_0='?' (Size = 4000)], CommandType='"Text"', CommandTimeout='30']
SELECT `c`.`Id`, `c`.`AlertId`, `c`.`Classification`, `c`.`Content`, `c`.`Lat`, `c`.`Lon`, `c`.`Priority`, `c`.`Source`, `c`.`Status`, `c`.`Timestamp`, `c`.`Title`
FROM `CenterAlerts` AS `c`
WHERE `c`.`Title` = @__title_0
LIMIT 1
2026-10-06 18:26:23 - INF - Executed DbCommand (1ms) [Parameters=[@__title_0='?' (Size = 4000)], CommandType='"Text"', CommandTimeout='30']
SELECT `n`.`Id`, `n`.`AlertId`, `n`.`Classification`, `n`.`Content`, `n`.`Lat`, `n`.`Lon`, `n`.`Priority`, `n`.`Source`, `n`.`Status`, `n`.`Timestamp`, `n`.`Title`
FROM `NorthAlerts` AS `n`
WHERE `n`.`Title` = @__title_0
LIMIT 1
2026-10-06 18:26:23 - INF - Executed DbCommand (1ms) [Parameters=[@__title_0='?' (Size = 4000)], CommandType='"Text"', CommandTimeout='30']
SELECT `o`.`Id`, `o`.`AlertId`, `o`.`Classification`, `o`.`Content`, `o`.`Lat`, `o`.`Lon`, `o`.`Priority`, `o`.`Source`, `o`.`Status`, `o`.`Timestamp`, `o`.`Title`
FROM `OverseasAlerts` AS `o`
WHERE `o`.`Title` = @__title_0
LIMIT 1
2026-10-06 18:26:30 - INF - Executed DbCommand (1ms) [Parameters=[@p0='?' (Size = 4000), @p1='?' (Size = 4000), @p2='?' (Size = 4000), @p3='?' (DbType = Double), @p4='?' (DbType = Double), @p5='?' (Size = 4000), @p6='?' (Size = 4000), @p7='?' (Size = 4000), @p8='?' (Size = 4000), @p9='?' (Size = 4000)], CommandType='"Text"', CommandTimeout='30']
INSERT INTO `OverseasAlerts` (`AlertId`, `Classification`, `Content`, `Lat`, `Lon`, `Priority`, `Source`, `Status`, `Timestamp`, `Title`)
VALUES (@p0, @p1, @p2, @p3, @p4, @p5, @p6, @p7, @p8, @p9);
SELECT `Id`
FROM `OverseasAlerts`
WHERE ROW_COUNT() = 1 AND `Id` = LAST_INSERT_ID();
2026-10-06 18:26:30 - INF - Executed DbCommand (1ms) [Parameters=[], CommandType='"Text"', CommandTimeout='30']
SELECT `n`.`Id`, `n`.`AlertId`, `n`.`Classification`, `n`.`Content`, `n`.`Lat`, `n`.`Lon`, `n`.`Priority`, `n`.`Source`, `n`.`Status`, `n`.`Timestamp`, `n`.`Title`
FROM `NorthAlerts` AS `n`
WHERE `n`.`Status` = 'WAITING'
LIMIT 1
2026-10-06 18:26:30 - INF - Executed DbCommand (1ms) [Parameters=[@__title_0='?' (Size = 4000)], CommandType='"Text"', CommandTimeout='30']
SELECT `s`.`Id`, `s`.`AlertId`, `s`.`Classification`, `s`.`Content`, `s`.`Lat`, `s`.`Lon`, `s`.`Priority`, `s`.`Source`, `s`.`Status`, `s`.`Timestamp`, `s`.`Title`
FROM `SouthAlerts` AS `s`
WHERE `s`.`Title` = @__title_0
LIMIT 1
2026-10-06 18:26:30 - INF - Executed DbCommand (1ms) [Parameters=[@__title_0='?' (Size = 4000)], CommandType='"Text"', CommandTimeout='30']
SELECT `c`.`Id`, `c`.`AlertId`, `c`.`Classification`, `c`.`Content`, `c`.`Lat`, `c`.`Lon`, `c`.`Priority`, `c`.`Source`, `c`.`Status`, `c`.`Timestamp`, `c`.`Title`
FROM `CenterAlerts` AS `c`
WHERE `c`.`Title` = @__title_0
LIMIT 1
2026-10-06 18:26:30 - INF - Executed DbCommand (1ms) [Parameters=[@__title_0='?' (Size = 4000)], CommandType='"Text"', CommandTimeout='30']
SELECT `o`.`Id`, `o`.`AlertId`, `o`.`Classification`, `o`.`Content`, `o`.`Lat`, `o`.`Lon`, `o`.`Priority`, `o`.`Source`, `o`.`Status`, `o`.`Timestamp`, `o`.`Title`
FROM `OverseasAlerts` AS `o`
WHERE `o`.`Title` = @__title_0
LIMIT 1
2026-10-06 18:26:30 - FTL - same Alerts to all comands! ירי רקטות וטילים
2026-10-06 18:26:36 - INF - Executed DbCommand (1ms) [Parameters=[@p0='?' (Size = 4000), @p1='?' (Size = 4000), @p2='?' (Size = 4000), @p3='?' (DbType = Double), @p4='?' (DbType = Double), @p5='?' (Size = 4000), @p6='?' (Size = 4000), @p7='?' (Size = 4000), @p8='?' (Size = 4000), @p9='?' (Size = 4000)], CommandType='"Text"', CommandTimeout='30']
INSERT INTO `NorthAlerts` (`AlertId`, `Classification`, `Content`, `Lat`, `Lon`, `Priority`, `Source`, `Status`, `Timestamp`, `Title`)
VALUES (@p0, @p1, @p2, @p3, @p4, @p5, @p6, @p7, @p8, @p9);
SELECT `Id`
FROM `NorthAlerts`
WHERE ROW_COUNT() = 1 AND `Id` = LAST_INSERT_ID();
2026-10-06 18:26:36 - INF - Executed DbCommand (2ms) [Parameters=[], CommandType='"Text"', CommandTimeout='30']
SELECT `c`.`Id`, `c`.`AlertId`, `c`.`Classification`, `c`.`Content`, `c`.`Lat`, `c`.`Lon`, `c`.`Priority`, `c`.`Source`, `c`.`Status`, `c`.`Timestamp`, `c`.`Title`
FROM `CenterAlerts` AS `c`
WHERE `c`.`Status` = 'WAITING'
LIMIT 1
2026-10-06 18:26:36 - INF - Executed DbCommand (2ms) [Parameters=[@__title_0='?' (Size = 4000)], CommandType='"Text"', CommandTimeout='30']
SELECT `s`.`Id`, `s`.`AlertId`, `s`.`Classification`, `s`.`Content`, `s`.`Lat`, `s`.`Lon`, `s`.`Priority`, `s`.`Source`, `s`.`Status`, `s`.`Timestamp`, `s`.`Title`
FROM `SouthAlerts` AS `s`
WHERE `s`.`Title` = @__title_0
LIMIT 1
2026-10-06 18:26:36 - INF - Executed DbCommand (1ms) [Parameters=[@__title_0='?' (Size = 4000)], CommandType='"Text"', CommandTimeout='30']
SELECT `n`.`Id`, `n`.`AlertId`, `n`.`Classification`, `n`.`Content`, `n`.`Lat`, `n`.`Lon`, `n`.`Priority`, `n`.`Source`, `n`.`Status`, `n`.`Timestamp`, `n`.`Title`
FROM `NorthAlerts` AS `n`
WHERE `n`.`Title` = @__title_0
LIMIT 1
2026-10-06 18:26:36 - INF - Executed DbCommand (1ms) [Parameters=[@__title_0='?' (Size = 4000)], CommandType='"Text"', CommandTimeout='30']
SELECT `o`.`Id`, `o`.`AlertId`, `o`.`Classification`, `o`.`Content`, `o`.`Lat`, `o`.`Lon`, `o`.`Priority`, `o`.`Source`, `o`.`Status`, `o`.`Timestamp`, `o`.`Title`
FROM `OverseasAlerts` AS `o`
WHERE `o`.`Title` = @__title_0
LIMIT 1
2026-10-06 18:26:38 - INF - Executed DbCommand (2ms) [Parameters=[@p0='?' (Size = 4000), @p1='?' (Size = 4000), @p2='?' (Size = 4000), @p3='?' (DbType = Double), @p4='?' (DbType = Double), @p5='?' (Size = 4000), @p6='?' (Size = 4000), @p7='?' (Size = 4000), @p8='?' (Size = 4000), @p9='?' (Size = 4000)], CommandType='"Text"', CommandTimeout='30']
INSERT INTO `CenterAlerts` (`AlertId`, `Classification`, `Content`, `Lat`, `Lon`, `Priority`, `Source`, `Status`, `Timestamp`, `Title`)
VALUES (@p0, @p1, @p2, @p3, @p4, @p5, @p6, @p7, @p8, @p9);
SELECT `Id`
FROM `CenterAlerts`
WHERE ROW_COUNT() = 1 AND `Id` = LAST_INSERT_ID();
2026-10-06 18:26:38 - INF - Executed DbCommand (1ms) [Parameters=[], CommandType='"Text"', CommandTimeout='30']
SELECT `s`.`Id`, `s`.`AlertId`, `s`.`Classification`, `s`.`Content`, `s`.`Lat`, `s`.`Lon`, `s`.`Priority`, `s`.`Source`, `s`.`Status`, `s`.`Timestamp`, `s`.`Title`
FROM `SouthAlerts` AS `s`
WHERE `s`.`Status` = 'WAITING'
LIMIT 1
2026-10-06 18:26:38 - INF - Executed DbCommand (1ms) [Parameters=[@__title_0='?' (Size = 4000)], CommandType='"Text"', CommandTimeout='30']
SELECT `c`.`Id`, `c`.`AlertId`, `c`.`Classification`, `c`.`Content`, `c`.`Lat`, `c`.`Lon`, `c`.`Priority`, `c`.`Source`, `c`.`Status`, `c`.`Timestamp`, `c`.`Title`
FROM `CenterAlerts` AS `c`
WHERE `c`.`Title` = @__title_0
LIMIT 1
2026-10-06 18:26:38 - INF - Executed DbCommand (1ms) [Parameters=[@__title_0='?' (Size = 4000)], CommandType='"Text"', CommandTimeout='30']
SELECT `n`.`Id`, `n`.`AlertId`, `n`.`Classification`, `n`.`Content`, `n`.`Lat`, `n`.`Lon`, `n`.`Priority`, `n`.`Source`, `n`.`Status`, `n`.`Timestamp`, `n`.`Title`
FROM `NorthAlerts` AS `n`
WHERE `n`.`Title` = @__title_0
LIMIT 1
2026-10-06 18:26:38 - INF - Executed DbCommand (1ms) [Parameters=[@__title_0='?' (Size = 4000)], CommandType='"Text"', CommandTimeout='30']
SELECT `o`.`Id`, `o`.`AlertId`, `o`.`Classification`, `o`.`Content`, `o`.`Lat`, `o`.`Lon`, `o`.`Priority`, `o`.`Source`, `o`.`Status`, `o`.`Timestamp`, `o`.`Title`
FROM `OverseasAlerts` AS `o`
WHERE `o`.`Title` = @__title_0
LIMIT 1
2026-10-06 18:26:45 - INF - Executed DbCommand (1ms) [Parameters=[@p0='?' (Size = 4000), @p1='?' (Size = 4000), @p2='?' (Size = 4000), @p3='?' (DbType = Double), @p4='?' (DbType = Double), @p5='?' (Size = 4000), @p6='?' (Size = 4000), @p7='?' (Size = 4000), @p8='?' (Size = 4000), @p9='?' (Size = 4000)], CommandType='"Text"', CommandTimeout='30']
INSERT INTO `SouthAlerts` (`AlertId`, `Classification`, `Content`, `Lat`, `Lon`, `Priority`, `Source`, `Status`, `Timestamp`, `Title`)
VALUES (@p0, @p1, @p2, @p3, @p4, @p5, @p6, @p7, @p8, @p9);
SELECT `Id`
FROM `SouthAlerts`
WHERE ROW_COUNT() = 1 AND `Id` = LAST_INSERT_ID();
2026-10-06 18:26:45 - INF - Executed DbCommand (1ms) [Parameters=[], CommandType='"Text"', CommandTimeout='30']
SELECT `o`.`Id`, `o`.`AlertId`, `o`.`Classification`, `o`.`Content`, `o`.`Lat`, `o`.`Lon`, `o`.`Priority`, `o`.`Source`, `o`.`Status`, `o`.`Timestamp`, `o`.`Title`
FROM `OverseasAlerts` AS `o`
WHERE `o`.`Status` = 'WAITING'
LIMIT 1
2026-10-06 18:26:45 - INF - Executed DbCommand (1ms) [Parameters=[@__title_0='?' (Size = 4000)], CommandType='"Text"', CommandTimeout='30']
SELECT `c`.`Id`, `c`.`AlertId`, `c`.`Classification`, `c`.`Content`, `c`.`Lat`, `c`.`Lon`, `c`.`Priority`, `c`.`Source`, `c`.`Status`, `c`.`Timestamp`, `c`.`Title`
FROM `CenterAlerts` AS `c`
WHERE `c`.`Title` = @__title_0
LIMIT 1
2026-10-06 18:26:45 - INF - Executed DbCommand (2ms) [Parameters=[@__title_0='?' (Size = 4000)], CommandType='"Text"', CommandTimeout='30']
SELECT `n`.`Id`, `n`.`AlertId`, `n`.`Classification`, `n`.`Content`, `n`.`Lat`, `n`.`Lon`, `n`.`Priority`, `n`.`Source`, `n`.`Status`, `n`.`Timestamp`, `n`.`Title`
FROM `NorthAlerts` AS `n`
WHERE `n`.`Title` = @__title_0
LIMIT 1
2026-10-06 18:26:45 - INF - Executed DbCommand (1ms) [Parameters=[@__title_0='?' (Size = 4000)], CommandType='"Text"', CommandTimeout='30']
SELECT `o`.`Id`, `o`.`AlertId`, `o`.`Classification`, `o`.`Content`, `o`.`Lat`, `o`.`Lon`, `o`.`Priority`, `o`.`Source`, `o`.`Status`, `o`.`Timestamp`, `o`.`Title`
FROM `OverseasAlerts` AS `o`
WHERE `o`.`Title` = @__title_0
LIMIT 1
2026-10-06 18:26:52 - INF - Executed DbCommand (1ms) [Parameters=[@p0='?' (Size = 4000), @p1='?' (Size = 4000), @p2='?' (Size = 4000), @p3='?' (DbType = Double), @p4='?' (DbType = Double), @p5='?' (Size = 4000), @p6='?' (Size = 4000), @p7='?' (Size = 4000), @p8='?' (Size = 4000), @p9='?' (Size = 4000)], CommandType='"Text"', CommandTimeout='30']
INSERT INTO `OverseasAlerts` (`AlertId`, `Classification`, `Content`, `Lat`, `Lon`, `Priority`, `Source`, `Status`, `Timestamp`, `Title`)
VALUES (@p0, @p1, @p2, @p3, @p4, @p5, @p6, @p7, @p8, @p9);
SELECT `Id`
FROM `OverseasAlerts`
WHERE ROW_COUNT() = 1 AND `Id` = LAST_INSERT_ID();
2026-10-06 18:26:52 - INF - Executed DbCommand (1ms) [Parameters=[], CommandType='"Text"', CommandTimeout='30']
SELECT `n`.`Id`, `n`.`AlertId`, `n`.`Classification`, `n`.`Content`, `n`.`Lat`, `n`.`Lon`, `n`.`Priority`, `n`.`Source`, `n`.`Status`, `n`.`Timestamp`, `n`.`Title`
FROM `NorthAlerts` AS `n`
WHERE `n`.`Status` = 'WAITING'
LIMIT 1
2026-10-06 18:26:52 - INF - Executed DbCommand (1ms) [Parameters=[@__title_0='?' (Size = 4000)], CommandType='"Text"', CommandTimeout='30']
SELECT `s`.`Id`, `s`.`AlertId`, `s`.`Classification`, `s`.`Content`, `s`.`Lat`, `s`.`Lon`, `s`.`Priority`, `s`.`Source`, `s`.`Status`, `s`.`Timestamp`, `s`.`Title`
FROM `SouthAlerts` AS `s`
WHERE `s`.`Title` = @__title_0
LIMIT 1
2026-10-06 18:26:52 - INF - Executed DbCommand (1ms) [Parameters=[@__title_0='?' (Size = 4000)], CommandType='"Text"', CommandTimeout='30']
SELECT `c`.`Id`, `c`.`AlertId`, `c`.`Classification`, `c`.`Content`, `c`.`Lat`, `c`.`Lon`, `c`.`Priority`, `c`.`Source`, `c`.`Status`, `c`.`Timestamp`, `c`.`Title`
FROM `CenterAlerts` AS `c`
WHERE `c`.`Title` = @__title_0
LIMIT 1
2026-10-06 18:26:52 - INF - Executed DbCommand (1ms) [Parameters=[@__title_0='?' (Size = 4000)], CommandType='"Text"', CommandTimeout='30']
SELECT `o`.`Id`, `o`.`AlertId`, `o`.`Classification`, `o`.`Content`, `o`.`Lat`, `o`.`Lon`, `o`.`Priority`, `o`.`Source`, `o`.`Status`, `o`.`Timestamp`, `o`.`Title`
FROM `OverseasAlerts` AS `o`
WHERE `o`.`Title` = @__title_0
LIMIT 1
2026-10-06 18:26:52 - FTL - same Alerts to all comands! ירי רקטות וטילים
2026-10-06 18:26:58 - INF - Executed DbCommand (1ms) [Parameters=[@p0='?' (Size = 4000), @p1='?' (Size = 4000), @p2='?' (Size = 4000), @p3='?' (DbType = Double), @p4='?' (DbType = Double), @p5='?' (Size = 4000), @p6='?' (Size = 4000), @p7='?' (Size = 4000), @p8='?' (Size = 4000), @p9='?' (Size = 4000)], CommandType='"Text"', CommandTimeout='30']
INSERT INTO `NorthAlerts` (`AlertId`, `Classification`, `Content`, `Lat`, `Lon`, `Priority`, `Source`, `Status`, `Timestamp`, `Title`)
VALUES (@p0, @p1, @p2, @p3, @p4, @p5, @p6, @p7, @p8, @p9);
SELECT `Id`
FROM `NorthAlerts`
WHERE ROW_COUNT() = 1 AND `Id` = LAST_INSERT_ID();
2026-10-06 18:26:58 - INF - Executed DbCommand (2ms) [Parameters=[], CommandType='"Text"', CommandTimeout='30']
SELECT `c`.`Id`, `c`.`AlertId`, `c`.`Classification`, `c`.`Content`, `c`.`Lat`, `c`.`Lon`, `c`.`Priority`, `c`.`Source`, `c`.`Status`, `c`.`Timestamp`, `c`.`Title`
FROM `CenterAlerts` AS `c`
WHERE `c`.`Status` = 'WAITING'
LIMIT 1
2026-10-06 18:26:58 - INF - Executed DbCommand (1ms) [Parameters=[@__title_0='?' (Size = 4000)], CommandType='"Text"', CommandTimeout='30']
SELECT `s`.`Id`, `s`.`AlertId`, `s`.`Classification`, `s`.`Content`, `s`.`Lat`, `s`.`Lon`, `s`.`Priority`, `s`.`Source`, `s`.`Status`, `s`.`Timestamp`, `s`.`Title`
FROM `SouthAlerts` AS `s`
WHERE `s`.`Title` = @__title_0
LIMIT 1
2026-10-06 18:26:58 - INF - Executed DbCommand (1ms) [Parameters=[@__title_0='?' (Size = 4000)], CommandType='"Text"', CommandTimeout='30']
SELECT `n`.`Id`, `n`.`AlertId`, `n`.`Classification`, `n`.`Content`, `n`.`Lat`, `n`.`Lon`, `n`.`Priority`, `n`.`Source`, `n`.`Status`, `n`.`Timestamp`, `n`.`Title`
FROM `NorthAlerts` AS `n`
WHERE `n`.`Title` = @__title_0
LIMIT 1
2026-10-06 18:26:58 - INF - Executed DbCommand (1ms) [Parameters=[@__title_0='?' (Size = 4000)], CommandType='"Text"', CommandTimeout='30']
SELECT `o`.`Id`, `o`.`AlertId`, `o`.`Classification`, `o`.`Content`, `o`.`Lat`, `o`.`Lon`, `o`.`Priority`, `o`.`Source`, `o`.`Status`, `o`.`Timestamp`, `o`.`Title`
FROM `OverseasAlerts` AS `o`
WHERE `o`.`Title` = @__title_0
LIMIT 1
2026-10-06 18:27:00 - INF - Executed DbCommand (1ms) [Parameters=[@p0='?' (Size = 4000), @p1='?' (Size = 4000), @p2='?' (Size = 4000), @p3='?' (DbType = Double), @p4='?' (DbType = Double), @p5='?' (Size = 4000), @p6='?' (Size = 4000), @p7='?' (Size = 4000), @p8='?' (Size = 4000), @p9='?' (Size = 4000)], CommandType='"Text"', CommandTimeout='30']
INSERT INTO `CenterAlerts` (`AlertId`, `Classification`, `Content`, `Lat`, `Lon`, `Priority`, `Source`, `Status`, `Timestamp`, `Title`)
VALUES (@p0, @p1, @p2, @p3, @p4, @p5, @p6, @p7, @p8, @p9);
SELECT `Id`
FROM `CenterAlerts`
WHERE ROW_COUNT() = 1 AND `Id` = LAST_INSERT_ID();
2026-10-06 18:27:00 - INF - Executed DbCommand (1ms) [Parameters=[], CommandType='"Text"', CommandTimeout='30']
SELECT `s`.`Id`, `s`.`AlertId`, `s`.`Classification`, `s`.`Content`, `s`.`Lat`, `s`.`Lon`, `s`.`Priority`, `s`.`Source`, `s`.`Status`, `s`.`Timestamp`, `s`.`Title`
FROM `SouthAlerts` AS `s`
WHERE `s`.`Status` = 'WAITING'
LIMIT 1
2026-10-06 18:27:00 - INF - Executed DbCommand (1ms) [Parameters=[@__title_0='?' (Size = 4000)], CommandType='"Text"', CommandTimeout='30']
SELECT `c`.`Id`, `c`.`AlertId`, `c`.`Classification`, `c`.`Content`, `c`.`Lat`, `c`.`Lon`, `c`.`Priority`, `c`.`Source`, `c`.`Status`, `c`.`Timestamp`, `c`.`Title`
FROM `CenterAlerts` AS `c`
WHERE `c`.`Title` = @__title_0
LIMIT 1
2026-10-06 18:27:00 - INF - Executed DbCommand (1ms) [Parameters=[@__title_0='?' (Size = 4000)], CommandType='"Text"', CommandTimeout='30']
SELECT `n`.`Id`, `n`.`AlertId`, `n`.`Classification`, `n`.`Content`, `n`.`Lat`, `n`.`Lon`, `n`.`Priority`, `n`.`Source`, `n`.`Status`, `n`.`Timestamp`, `n`.`Title`
FROM `NorthAlerts` AS `n`
WHERE `n`.`Title` = @__title_0
LIMIT 1
2026-10-06 18:27:00 - INF - Executed DbCommand (1ms) [Parameters=[@__title_0='?' (Size = 4000)], CommandType='"Text"', CommandTimeout='30']
SELECT `o`.`Id`, `o`.`AlertId`, `o`.`Classification`, `o`.`Content`, `o`.`Lat`, `o`.`Lon`, `o`.`Priority`, `o`.`Source`, `o`.`Status`, `o`.`Timestamp`, `o`.`Title`
FROM `OverseasAlerts` AS `o`
WHERE `o`.`Title` = @__title_0
LIMIT 1
2026-10-06 18:27:07 - INF - Executed DbCommand (1ms) [Parameters=[@p0='?' (Size = 4000), @p1='?' (Size = 4000), @p2='?' (Size = 4000), @p3='?' (DbType = Double), @p4='?' (DbType = Double), @p5='?' (Size = 4000), @p6='?' (Size = 4000), @p7='?' (Size = 4000), @p8='?' (Size = 4000), @p9='?' (Size = 4000)], CommandType='"Text"', CommandTimeout='30']
INSERT INTO `SouthAlerts` (`AlertId`, `Classification`, `Content`, `Lat`, `Lon`, `Priority`, `Source`, `Status`, `Timestamp`, `Title`)
VALUES (@p0, @p1, @p2, @p3, @p4, @p5, @p6, @p7, @p8, @p9);
SELECT `Id`
FROM `SouthAlerts`
WHERE ROW_COUNT() = 1 AND `Id` = LAST_INSERT_ID();
2026-10-06 18:27:07 - INF - Executed DbCommand (1ms) [Parameters=[], CommandType='"Text"', CommandTimeout='30']
SELECT `o`.`Id`, `o`.`AlertId`, `o`.`Classification`, `o`.`Content`, `o`.`Lat`, `o`.`Lon`, `o`.`Priority`, `o`.`Source`, `o`.`Status`, `o`.`Timestamp`, `o`.`Title`
FROM `OverseasAlerts` AS `o`
WHERE `o`.`Status` = 'WAITING'
LIMIT 1
2026-10-06 18:27:07 - INF - Executed DbCommand (1ms) [Parameters=[@__title_0='?' (Size = 4000)], CommandType='"Text"', CommandTimeout='30']
SELECT `c`.`Id`, `c`.`AlertId`, `c`.`Classification`, `c`.`Content`, `c`.`Lat`, `c`.`Lon`, `c`.`Priority`, `c`.`Source`, `c`.`Status`, `c`.`Timestamp`, `c`.`Title`
FROM `CenterAlerts` AS `c`
WHERE `c`.`Title` = @__title_0
LIMIT 1
2026-10-06 18:27:07 - INF - Executed DbCommand (1ms) [Parameters=[@__title_0='?' (Size = 4000)], CommandType='"Text"', CommandTimeout='30']
SELECT `n`.`Id`, `n`.`AlertId`, `n`.`Classification`, `n`.`Content`, `n`.`Lat`, `n`.`Lon`, `n`.`Priority`, `n`.`Source`, `n`.`Status`, `n`.`Timestamp`, `n`.`Title`
FROM `NorthAlerts` AS `n`
WHERE `n`.`Title` = @__title_0
LIMIT 1
2026-10-06 18:27:07 - INF - Executed DbCommand (1ms) [Parameters=[@__title_0='?' (Size = 4000)], CommandType='"Text"', CommandTimeout='30']
SELECT `o`.`Id`, `o`.`AlertId`, `o`.`Classification`, `o`.`Content`, `o`.`Lat`, `o`.`Lon`, `o`.`Priority`, `o`.`Source`, `o`.`Status`, `o`.`Timestamp`, `o`.`Title`
FROM `OverseasAlerts` AS `o`
WHERE `o`.`Title` = @__title_0
LIMIT 1
2026-10-06 18:27:14 - INF - Executed DbCommand (3ms) [Parameters=[@p0='?' (Size = 4000), @p1='?' (Size = 4000), @p2='?' (Size = 4000), @p3='?' (DbType = Double), @p4='?' (DbType = Double), @p5='?' (Size = 4000), @p6='?' (Size = 4000), @p7='?' (Size = 4000), @p8='?' (Size = 4000), @p9='?' (Size = 4000)], CommandType='"Text"', CommandTimeout='30']
INSERT INTO `OverseasAlerts` (`AlertId`, `Classification`, `Content`, `Lat`, `Lon`, `Priority`, `Source`, `Status`, `Timestamp`, `Title`)
VALUES (@p0, @p1, @p2, @p3, @p4, @p5, @p6, @p7, @p8, @p9);
SELECT `Id`
FROM `OverseasAlerts`
WHERE ROW_COUNT() = 1 AND `Id` = LAST_INSERT_ID();
2026-10-06 18:27:14 - INF - Executed DbCommand (4ms) [Parameters=[], CommandType='"Text"', CommandTimeout='30']
SELECT `n`.`Id`, `n`.`AlertId`, `n`.`Classification`, `n`.`Content`, `n`.`Lat`, `n`.`Lon`, `n`.`Priority`, `n`.`Source`, `n`.`Status`, `n`.`Timestamp`, `n`.`Title`
FROM `NorthAlerts` AS `n`
WHERE `n`.`Status` = 'WAITING'
LIMIT 1
2026-10-06 18:27:14 - INF - Executed DbCommand (4ms) [Parameters=[@__title_0='?' (Size = 4000)], CommandType='"Text"', CommandTimeout='30']
SELECT `s`.`Id`, `s`.`AlertId`, `s`.`Classification`, `s`.`Content`, `s`.`Lat`, `s`.`Lon`, `s`.`Priority`, `s`.`Source`, `s`.`Status`, `s`.`Timestamp`, `s`.`Title`
FROM `SouthAlerts` AS `s`
WHERE `s`.`Title` = @__title_0
LIMIT 1
2026-10-06 18:27:14 - INF - Executed DbCommand (3ms) [Parameters=[@__title_0='?' (Size = 4000)], CommandType='"Text"', CommandTimeout='30']
SELECT `c`.`Id`, `c`.`AlertId`, `c`.`Classification`, `c`.`Content`, `c`.`Lat`, `c`.`Lon`, `c`.`Priority`, `c`.`Source`, `c`.`Status`, `c`.`Timestamp`, `c`.`Title`
FROM `CenterAlerts` AS `c`
WHERE `c`.`Title` = @__title_0
LIMIT 1
2026-10-06 18:27:14 - INF - Executed DbCommand (4ms) [Parameters=[@__title_0='?' (Size = 4000)], CommandType='"Text"', CommandTimeout='30']
SELECT `o`.`Id`, `o`.`AlertId`, `o`.`Classification`, `o`.`Content`, `o`.`Lat`, `o`.`Lon`, `o`.`Priority`, `o`.`Source`, `o`.`Status`, `o`.`Timestamp`, `o`.`Title`
FROM `OverseasAlerts` AS `o`
WHERE `o`.`Title` = @__title_0
LIMIT 1
2026-10-06 18:27:14 - FTL - same Alerts to all comands! ירי רקטות וטילים
2026-10-06 18:27:20 - INF - Executed DbCommand (1ms) [Parameters=[@p0='?' (Size = 4000), @p1='?' (Size = 4000), @p2='?' (Size = 4000), @p3='?' (DbType = Double), @p4='?' (DbType = Double), @p5='?' (Size = 4000), @p6='?' (Size = 4000), @p7='?' (Size = 4000), @p8='?' (Size = 4000), @p9='?' (Size = 4000)], CommandType='"Text"', CommandTimeout='30']
INSERT INTO `NorthAlerts` (`AlertId`, `Classification`, `Content`, `Lat`, `Lon`, `Priority`, `Source`, `Status`, `Timestamp`, `Title`)
VALUES (@p0, @p1, @p2, @p3, @p4, @p5, @p6, @p7, @p8, @p9);
SELECT `Id`
FROM `NorthAlerts`
WHERE ROW_COUNT() = 1 AND `Id` = LAST_INSERT_ID();
2026-10-06 18:27:20 - INF - Executed DbCommand (1ms) [Parameters=[], CommandType='"Text"', CommandTimeout='30']
SELECT `c`.`Id`, `c`.`AlertId`, `c`.`Classification`, `c`.`Content`, `c`.`Lat`, `c`.`Lon`, `c`.`Priority`, `c`.`Source`, `c`.`Status`, `c`.`Timestamp`, `c`.`Title`
FROM `CenterAlerts` AS `c`
WHERE `c`.`Status` = 'WAITING'
LIMIT 1
2026-10-06 18:27:20 - INF - Executed DbCommand (1ms) [Parameters=[@__title_0='?' (Size = 4000)], CommandType='"Text"', CommandTimeout='30']
SELECT `s`.`Id`, `s`.`AlertId`, `s`.`Classification`, `s`.`Content`, `s`.`Lat`, `s`.`Lon`, `s`.`Priority`, `s`.`Source`, `s`.`Status`, `s`.`Timestamp`, `s`.`Title`
FROM `SouthAlerts` AS `s`
WHERE `s`.`Title` = @__title_0
LIMIT 1
2026-10-06 18:27:20 - INF - Executed DbCommand (1ms) [Parameters=[@__title_0='?' (Size = 4000)], CommandType='"Text"', CommandTimeout='30']
SELECT `n`.`Id`, `n`.`AlertId`, `n`.`Classification`, `n`.`Content`, `n`.`Lat`, `n`.`Lon`, `n`.`Priority`, `n`.`Source`, `n`.`Status`, `n`.`Timestamp`, `n`.`Title`
FROM `NorthAlerts` AS `n`
WHERE `n`.`Title` = @__title_0
LIMIT 1
2026-10-06 18:27:20 - INF - Executed DbCommand (1ms) [Parameters=[@__title_0='?' (Size = 4000)], CommandType='"Text"', CommandTimeout='30']
SELECT `o`.`Id`, `o`.`AlertId`, `o`.`Classification`, `o`.`Content`, `o`.`Lat`, `o`.`Lon`, `o`.`Priority`, `o`.`Source`, `o`.`Status`, `o`.`Timestamp`, `o`.`Title`
FROM `OverseasAlerts` AS `o`
WHERE `o`.`Title` = @__title_0
LIMIT 1
2026-10-06 18:27:22 - INF - Executed DbCommand (1ms) [Parameters=[@p0='?' (Size = 4000), @p1='?' (Size = 4000), @p2='?' (Size = 4000), @p3='?' (DbType = Double), @p4='?' (DbType = Double), @p5='?' (Size = 4000), @p6='?' (Size = 4000), @p7='?' (Size = 4000), @p8='?' (Size = 4000), @p9='?' (Size = 4000)], CommandType='"Text"', CommandTimeout='30']
INSERT INTO `CenterAlerts` (`AlertId`, `Classification`, `Content`, `Lat`, `Lon`, `Priority`, `Source`, `Status`, `Timestamp`, `Title`)
VALUES (@p0, @p1, @p2, @p3, @p4, @p5, @p6, @p7, @p8, @p9);
SELECT `Id`
FROM `CenterAlerts`
WHERE ROW_COUNT() = 1 AND `Id` = LAST_INSERT_ID();
2026-10-06 18:27:22 - INF - Executed DbCommand (2ms) [Parameters=[], CommandType='"Text"', CommandTimeout='30']
SELECT `s`.`Id`, `s`.`AlertId`, `s`.`Classification`, `s`.`Content`, `s`.`Lat`, `s`.`Lon`, `s`.`Priority`, `s`.`Source`, `s`.`Status`, `s`.`Timestamp`, `s`.`Title`
FROM `SouthAlerts` AS `s`
WHERE `s`.`Status` = 'WAITING'
LIMIT 1
2026-10-06 18:27:22 - INF - Executed DbCommand (3ms) [Parameters=[@__title_0='?' (Size = 4000)], CommandType='"Text"', CommandTimeout='30']
SELECT `c`.`Id`, `c`.`AlertId`, `c`.`Classification`, `c`.`Content`, `c`.`Lat`, `c`.`Lon`, `c`.`Priority`, `c`.`Source`, `c`.`Status`, `c`.`Timestamp`, `c`.`Title`
FROM `CenterAlerts` AS `c`
WHERE `c`.`Title` = @__title_0
LIMIT 1
2026-10-06 18:27:22 - INF - Executed DbCommand (2ms) [Parameters=[@__title_0='?' (Size = 4000)], CommandType='"Text"', CommandTimeout='30']
SELECT `n`.`Id`, `n`.`AlertId`, `n`.`Classification`, `n`.`Content`, `n`.`Lat`, `n`.`Lon`, `n`.`Priority`, `n`.`Source`, `n`.`Status`, `n`.`Timestamp`, `n`.`Title`
FROM `NorthAlerts` AS `n`
WHERE `n`.`Title` = @__title_0
LIMIT 1
2026-10-06 18:27:22 - INF - Executed DbCommand (3ms) [Parameters=[@__title_0='?' (Size = 4000)], CommandType='"Text"', CommandTimeout='30']
SELECT `o`.`Id`, `o`.`AlertId`, `o`.`Classification`, `o`.`Content`, `o`.`Lat`, `o`.`Lon`, `o`.`Priority`, `o`.`Source`, `o`.`Status`, `o`.`Timestamp`, `o`.`Title`
FROM `OverseasAlerts` AS `o`
WHERE `o`.`Title` = @__title_0
LIMIT 1
2026-10-06 18:27:29 - INF - Executed DbCommand (1ms) [Parameters=[@p0='?' (Size = 4000), @p1='?' (Size = 4000), @p2='?' (Size = 4000), @p3='?' (DbType = Double), @p4='?' (DbType = Double), @p5='?' (Size = 4000), @p6='?' (Size = 4000), @p7='?' (Size = 4000), @p8='?' (Size = 4000), @p9='?' (Size = 4000)], CommandType='"Text"', CommandTimeout='30']
INSERT INTO `SouthAlerts` (`AlertId`, `Classification`, `Content`, `Lat`, `Lon`, `Priority`, `Source`, `Status`, `Timestamp`, `Title`)
VALUES (@p0, @p1, @p2, @p3, @p4, @p5, @p6, @p7, @p8, @p9);
SELECT `Id`
FROM `SouthAlerts`
WHERE ROW_COUNT() = 1 AND `Id` = LAST_INSERT_ID();
2026-10-06 18:27:29 - INF - Executed DbCommand (1ms) [Parameters=[], CommandType='"Text"', CommandTimeout='30']
SELECT `o`.`Id`, `o`.`AlertId`, `o`.`Classification`, `o`.`Content`, `o`.`Lat`, `o`.`Lon`, `o`.`Priority`, `o`.`Source`, `o`.`Status`, `o`.`Timestamp`, `o`.`Title`
FROM `OverseasAlerts` AS `o`
WHERE `o`.`Status` = 'WAITING'
LIMIT 1
2026-10-06 18:27:29 - INF - Executed DbCommand (1ms) [Parameters=[@__title_0='?' (Size = 4000)], CommandType='"Text"', CommandTimeout='30']
SELECT `c`.`Id`, `c`.`AlertId`, `c`.`Classification`, `c`.`Content`, `c`.`Lat`, `c`.`Lon`, `c`.`Priority`, `c`.`Source`, `c`.`Status`, `c`.`Timestamp`, `c`.`Title`
FROM `CenterAlerts` AS `c`
WHERE `c`.`Title` = @__title_0
LIMIT 1
2026-10-06 18:27:29 - INF - Executed DbCommand (1ms) [Parameters=[@__title_0='?' (Size = 4000)], CommandType='"Text"', CommandTimeout='30']
SELECT `n`.`Id`, `n`.`AlertId`, `n`.`Classification`, `n`.`Content`, `n`.`Lat`, `n`.`Lon`, `n`.`Priority`, `n`.`Source`, `n`.`Status`, `n`.`Timestamp`, `n`.`Title`
FROM `NorthAlerts` AS `n`
WHERE `n`.`Title` = @__title_0
LIMIT 1
2026-10-06 18:27:29 - INF - Executed DbCommand (1ms) [Parameters=[@__title_0='?' (Size = 4000)], CommandType='"Text"', CommandTimeout='30']
SELECT `o`.`Id`, `o`.`AlertId`, `o`.`Classification`, `o`.`Content`, `o`.`Lat`, `o`.`Lon`, `o`.`Priority`, `o`.`Source`, `o`.`Status`, `o`.`Timestamp`, `o`.`Title`
FROM `OverseasAlerts` AS `o`
WHERE `o`.`Title` = @__title_0
LIMIT 1
2026-10-06 18:27:36 - INF - Executed DbCommand (1ms) [Parameters=[@p0='?' (Size = 4000), @p1='?' (Size = 4000), @p2='?' (Size = 4000), @p3='?' (DbType = Double), @p4='?' (DbType = Double), @p5='?' (Size = 4000), @p6='?' (Size = 4000), @p7='?' (Size = 4000), @p8='?' (Size = 4000), @p9='?' (Size = 4000)], CommandType='"Text"', CommandTimeout='30']
INSERT INTO `OverseasAlerts` (`AlertId`, `Classification`, `Content`, `Lat`, `Lon`, `Priority`, `Source`, `Status`, `Timestamp`, `Title`)
VALUES (@p0, @p1, @p2, @p3, @p4, @p5, @p6, @p7, @p8, @p9);
SELECT `Id`
FROM `OverseasAlerts`
WHERE ROW_COUNT() = 1 AND `Id` = LAST_INSERT_ID();
2026-10-06 18:27:36 - INF - Executed DbCommand (1ms) [Parameters=[], CommandType='"Text"', CommandTimeout='30']
SELECT `n`.`Id`, `n`.`AlertId`, `n`.`Classification`, `n`.`Content`, `n`.`Lat`, `n`.`Lon`, `n`.`Priority`, `n`.`Source`, `n`.`Status`, `n`.`Timestamp`, `n`.`Title`
FROM `NorthAlerts` AS `n`
WHERE `n`.`Status` = 'WAITING'
LIMIT 1
2026-10-06 18:27:36 - INF - Executed DbCommand (1ms) [Parameters=[@__title_0='?' (Size = 4000)], CommandType='"Text"', CommandTimeout='30']
SELECT `s`.`Id`, `s`.`AlertId`, `s`.`Classification`, `s`.`Content`, `s`.`Lat`, `s`.`Lon`, `s`.`Priority`, `s`.`Source`, `s`.`Status`, `s`.`Timestamp`, `s`.`Title`
FROM `SouthAlerts` AS `s`
WHERE `s`.`Title` = @__title_0
LIMIT 1
2026-10-06 18:27:36 - INF - Executed DbCommand (1ms) [Parameters=[@__title_0='?' (Size = 4000)], CommandType='"Text"', CommandTimeout='30']
SELECT `c`.`Id`, `c`.`AlertId`, `c`.`Classification`, `c`.`Content`, `c`.`Lat`, `c`.`Lon`, `c`.`Priority`, `c`.`Source`, `c`.`Status`, `c`.`Timestamp`, `c`.`Title`
FROM `CenterAlerts` AS `c`
WHERE `c`.`Title` = @__title_0
LIMIT 1
2026-10-06 18:27:36 - INF - Executed DbCommand (1ms) [Parameters=[@__title_0='?' (Size = 4000)], CommandType='"Text"', CommandTimeout='30']
SELECT `o`.`Id`, `o`.`AlertId`, `o`.`Classification`, `o`.`Content`, `o`.`Lat`, `o`.`Lon`, `o`.`Priority`, `o`.`Source`, `o`.`Status`, `o`.`Timestamp`, `o`.`Title`
FROM `OverseasAlerts` AS `o`
WHERE `o`.`Title` = @__title_0
LIMIT 1
2026-10-06 18:27:36 - FTL - same Alerts to all comands! ירי רקטות וטילים
2026-10-06 18:27:43 - INF - Executed DbCommand (1ms) [Parameters=[@p0='?' (Size = 4000), @p1='?' (Size = 4000), @p2='?' (Size = 4000), @p3='?' (DbType = Double), @p4='?' (DbType = Double), @p5='?' (Size = 4000), @p6='?' (Size = 4000), @p7='?' (Size = 4000), @p8='?' (Size = 4000), @p9='?' (Size = 4000)], CommandType='"Text"', CommandTimeout='30']
INSERT INTO `NorthAlerts` (`AlertId`, `Classification`, `Content`, `Lat`, `Lon`, `Priority`, `Source`, `Status`, `Timestamp`, `Title`)
VALUES (@p0, @p1, @p2, @p3, @p4, @p5, @p6, @p7, @p8, @p9);
SELECT `Id`
FROM `NorthAlerts`
WHERE ROW_COUNT() = 1 AND `Id` = LAST_INSERT_ID();
2026-10-06 18:27:43 - INF - Executed DbCommand (1ms) [Parameters=[], CommandType='"Text"', CommandTimeout='30']
SELECT `c`.`Id`, `c`.`AlertId`, `c`.`Classification`, `c`.`Content`, `c`.`Lat`, `c`.`Lon`, `c`.`Priority`, `c`.`Source`, `c`.`Status`, `c`.`Timestamp`, `c`.`Title`
FROM `CenterAlerts` AS `c`
WHERE `c`.`Status` = 'WAITING'
LIMIT 1
2026-10-06 18:27:43 - INF - Executed DbCommand (1ms) [Parameters=[@__title_0='?' (Size = 4000)], CommandType='"Text"', CommandTimeout='30']
SELECT `s`.`Id`, `s`.`AlertId`, `s`.`Classification`, `s`.`Content`, `s`.`Lat`, `s`.`Lon`, `s`.`Priority`, `s`.`Source`, `s`.`Status`, `s`.`Timestamp`, `s`.`Title`
FROM `SouthAlerts` AS `s`
WHERE `s`.`Title` = @__title_0
LIMIT 1
2026-10-06 18:27:43 - INF - Executed DbCommand (1ms) [Parameters=[@__title_0='?' (Size = 4000)], CommandType='"Text"', CommandTimeout='30']
SELECT `n`.`Id`, `n`.`AlertId`, `n`.`Classification`, `n`.`Content`, `n`.`Lat`, `n`.`Lon`, `n`.`Priority`, `n`.`Source`, `n`.`Status`, `n`.`Timestamp`, `n`.`Title`
FROM `NorthAlerts` AS `n`
WHERE `n`.`Title` = @__title_0
LIMIT 1
2026-10-06 18:27:43 - INF - Executed DbCommand (1ms) [Parameters=[@__title_0='?' (Size = 4000)], CommandType='"Text"', CommandTimeout='30']
SELECT `o`.`Id`, `o`.`AlertId`, `o`.`Classification`, `o`.`Content`, `o`.`Lat`, `o`.`Lon`, `o`.`Priority`, `o`.`Source`, `o`.`Status`, `o`.`Timestamp`, `o`.`Title`
FROM `OverseasAlerts` AS `o`
WHERE `o`.`Title` = @__title_0
LIMIT 1
2026-10-06 18:27:45 - INF - Executed DbCommand (1ms) [Parameters=[@p0='?' (Size = 4000), @p1='?' (Size = 4000), @p2='?' (Size = 4000), @p3='?' (DbType = Double), @p4='?' (DbType = Double), @p5='?' (Size = 4000), @p6='?' (Size = 4000), @p7='?' (Size = 4000), @p8='?' (Size = 4000), @p9='?' (Size = 4000)], CommandType='"Text"', CommandTimeout='30']
INSERT INTO `CenterAlerts` (`AlertId`, `Classification`, `Content`, `Lat`, `Lon`, `Priority`, `Source`, `Status`, `Timestamp`, `Title`)
VALUES (@p0, @p1, @p2, @p3, @p4, @p5, @p6, @p7, @p8, @p9);
SELECT `Id`
FROM `CenterAlerts`
WHERE ROW_COUNT() = 1 AND `Id` = LAST_INSERT_ID();
2026-10-06 18:27:45 - INF - Executed DbCommand (1ms) [Parameters=[], CommandType='"Text"', CommandTimeout='30']
SELECT `s`.`Id`, `s`.`AlertId`, `s`.`Classification`, `s`.`Content`, `s`.`Lat`, `s`.`Lon`, `s`.`Priority`, `s`.`Source`, `s`.`Status`, `s`.`Timestamp`, `s`.`Title`
FROM `SouthAlerts` AS `s`
WHERE `s`.`Status` = 'WAITING'
LIMIT 1
2026-10-06 18:27:45 - INF - Executed DbCommand (1ms) [Parameters=[@__title_0='?' (Size = 4000)], CommandType='"Text"', CommandTimeout='30']
SELECT `c`.`Id`, `c`.`AlertId`, `c`.`Classification`, `c`.`Content`, `c`.`Lat`, `c`.`Lon`, `c`.`Priority`, `c`.`Source`, `c`.`Status`, `c`.`Timestamp`, `c`.`Title`
FROM `CenterAlerts` AS `c`
WHERE `c`.`Title` = @__title_0
LIMIT 1
2026-10-06 18:27:45 - INF - Executed DbCommand (1ms) [Parameters=[@__title_0='?' (Size = 4000)], CommandType='"Text"', CommandTimeout='30']
SELECT `n`.`Id`, `n`.`AlertId`, `n`.`Classification`, `n`.`Content`, `n`.`Lat`, `n`.`Lon`, `n`.`Priority`, `n`.`Source`, `n`.`Status`, `n`.`Timestamp`, `n`.`Title`
FROM `NorthAlerts` AS `n`
WHERE `n`.`Title` = @__title_0
LIMIT 1
2026-10-06 18:27:45 - INF - Executed DbCommand (1ms) [Parameters=[@__title_0='?' (Size = 4000)], CommandType='"Text"', CommandTimeout='30']
SELECT `o`.`Id`, `o`.`AlertId`, `o`.`Classification`, `o`.`Content`, `o`.`Lat`, `o`.`Lon`, `o`.`Priority`, `o`.`Source`, `o`.`Status`, `o`.`Timestamp`, `o`.`Title`
FROM `OverseasAlerts` AS `o`
WHERE `o`.`Title` = @__title_0
LIMIT 1
2026-10-06 18:27:52 - INF - Executed DbCommand (1ms) [Parameters=[@p0='?' (Size = 4000), @p1='?' (Size = 4000), @p2='?' (Size = 4000), @p3='?' (DbType = Double), @p4='?' (DbType = Double), @p5='?' (Size = 4000), @p6='?' (Size = 4000), @p7='?' (Size = 4000), @p8='?' (Size = 4000), @p9='?' (Size = 4000)], CommandType='"Text"', CommandTimeout='30']
INSERT INTO `SouthAlerts` (`AlertId`, `Classification`, `Content`, `Lat`, `Lon`, `Priority`, `Source`, `Status`, `Timestamp`, `Title`)
VALUES (@p0, @p1, @p2, @p3, @p4, @p5, @p6, @p7, @p8, @p9);
SELECT `Id`
FROM `SouthAlerts`
WHERE ROW_COUNT() = 1 AND `Id` = LAST_INSERT_ID();
2026-10-06 18:27:52 - INF - Executed DbCommand (1ms) [Parameters=[], CommandType='"Text"', CommandTimeout='30']
SELECT `o`.`Id`, `o`.`AlertId`, `o`.`Classification`, `o`.`Content`, `o`.`Lat`, `o`.`Lon`, `o`.`Priority`, `o`.`Source`, `o`.`Status`, `o`.`Timestamp`, `o`.`Title`
FROM `OverseasAlerts` AS `o`
WHERE `o`.`Status` = 'WAITING'
LIMIT 1
2026-10-06 18:27:52 - INF - Executed DbCommand (1ms) [Parameters=[@__title_0='?' (Size = 4000)], CommandType='"Text"', CommandTimeout='30']
SELECT `c`.`Id`, `c`.`AlertId`, `c`.`Classification`, `c`.`Content`, `c`.`Lat`, `c`.`Lon`, `c`.`Priority`, `c`.`Source`, `c`.`Status`, `c`.`Timestamp`, `c`.`Title`
FROM `CenterAlerts` AS `c`
WHERE `c`.`Title` = @__title_0
LIMIT 1
2026-10-06 18:27:52 - INF - Executed DbCommand (1ms) [Parameters=[@__title_0='?' (Size = 4000)], CommandType='"Text"', CommandTimeout='30']
SELECT `n`.`Id`, `n`.`AlertId`, `n`.`Classification`, `n`.`Content`, `n`.`Lat`, `n`.`Lon`, `n`.`Priority`, `n`.`Source`, `n`.`Status`, `n`.`Timestamp`, `n`.`Title`
FROM `NorthAlerts` AS `n`
WHERE `n`.`Title` = @__title_0
LIMIT 1
2026-10-06 18:27:52 - INF - Executed DbCommand (1ms) [Parameters=[@__title_0='?' (Size = 4000)], CommandType='"Text"', CommandTimeout='30']
SELECT `o`.`Id`, `o`.`AlertId`, `o`.`Classification`, `o`.`Content`, `o`.`Lat`, `o`.`Lon`, `o`.`Priority`, `o`.`Source`, `o`.`Status`, `o`.`Timestamp`, `o`.`Title`
FROM `OverseasAlerts` AS `o`
WHERE `o`.`Title` = @__title_0
LIMIT 1
2026-10-06 18:27:59 - INF - Executed DbCommand (1ms) [Parameters=[@p0='?' (Size = 4000), @p1='?' (Size = 4000), @p2='?' (Size = 4000), @p3='?' (DbType = Double), @p4='?' (DbType = Double), @p5='?' (Size = 4000), @p6='?' (Size = 4000), @p7='?' (Size = 4000), @p8='?' (Size = 4000), @p9='?' (Size = 4000)], CommandType='"Text"', CommandTimeout='30']
INSERT INTO `OverseasAlerts` (`AlertId`, `Classification`, `Content`, `Lat`, `Lon`, `Priority`, `Source`, `Status`, `Timestamp`, `Title`)
VALUES (@p0, @p1, @p2, @p3, @p4, @p5, @p6, @p7, @p8, @p9);
SELECT `Id`
FROM `OverseasAlerts`
WHERE ROW_COUNT() = 1 AND `Id` = LAST_INSERT_ID();
2026-10-06 18:27:59 - INF - Executed DbCommand (1ms) [Parameters=[], CommandType='"Text"', CommandTimeout='30']
SELECT `n`.`Id`, `n`.`AlertId`, `n`.`Classification`, `n`.`Content`, `n`.`Lat`, `n`.`Lon`, `n`.`Priority`, `n`.`Source`, `n`.`Status`, `n`.`Timestamp`, `n`.`Title`
FROM `NorthAlerts` AS `n`
WHERE `n`.`Status` = 'WAITING'
LIMIT 1
2026-10-06 18:27:59 - INF - Executed DbCommand (1ms) [Parameters=[@__title_0='?' (Size = 4000)], CommandType='"Text"', CommandTimeout='30']
SELECT `s`.`Id`, `s`.`AlertId`, `s`.`Classification`, `s`.`Content`, `s`.`Lat`, `s`.`Lon`, `s`.`Priority`, `s`.`Source`, `s`.`Status`, `s`.`Timestamp`, `s`.`Title`
FROM `SouthAlerts` AS `s`
WHERE `s`.`Title` = @__title_0
LIMIT 1
2026-10-06 18:27:59 - INF - Executed DbCommand (1ms) [Parameters=[@__title_0='?' (Size = 4000)], CommandType='"Text"', CommandTimeout='30']
SELECT `c`.`Id`, `c`.`AlertId`, `c`.`Classification`, `c`.`Content`, `c`.`Lat`, `c`.`Lon`, `c`.`Priority`, `c`.`Source`, `c`.`Status`, `c`.`Timestamp`, `c`.`Title`
FROM `CenterAlerts` AS `c`
WHERE `c`.`Title` = @__title_0
LIMIT 1
2026-10-06 18:27:59 - INF - Executed DbCommand (1ms) [Parameters=[@__title_0='?' (Size = 4000)], CommandType='"Text"', CommandTimeout='30']
SELECT `o`.`Id`, `o`.`AlertId`, `o`.`Classification`, `o`.`Content`, `o`.`Lat`, `o`.`Lon`, `o`.`Priority`, `o`.`Source`, `o`.`Status`, `o`.`Timestamp`, `o`.`Title`
FROM `OverseasAlerts` AS `o`
WHERE `o`.`Title` = @__title_0
LIMIT 1
2026-10-06 18:27:59 - FTL - same Alerts to all comands! ירי רקטות וטילים
2026-10-06 18:28:05 - INF - Executed DbCommand (2ms) [Parameters=[@p0='?' (Size = 4000), @p1='?' (Size = 4000), @p2='?' (Size = 4000), @p3='?' (DbType = Double), @p4='?' (DbType = Double), @p5='?' (Size = 4000), @p6='?' (Size = 4000), @p7='?' (Size = 4000), @p8='?' (Size = 4000), @p9='?' (Size = 4000)], CommandType='"Text"', CommandTimeout='30']
INSERT INTO `NorthAlerts` (`AlertId`, `Classification`, `Content`, `Lat`, `Lon`, `Priority`, `Source`, `Status`, `Timestamp`, `Title`)
VALUES (@p0, @p1, @p2, @p3, @p4, @p5, @p6, @p7, @p8, @p9);
SELECT `Id`
FROM `NorthAlerts`
WHERE ROW_COUNT() = 1 AND `Id` = LAST_INSERT_ID();
2026-10-06 18:28:05 - INF - Executed DbCommand (1ms) [Parameters=[], CommandType='"Text"', CommandTimeout='30']
SELECT `c`.`Id`, `c`.`AlertId`, `c`.`Classification`, `c`.`Content`, `c`.`Lat`, `c`.`Lon`, `c`.`Priority`, `c`.`Source`, `c`.`Status`, `c`.`Timestamp`, `c`.`Title`
FROM `CenterAlerts` AS `c`
WHERE `c`.`Status` = 'WAITING'
LIMIT 1
2026-10-06 18:28:05 - INF - Executed DbCommand (1ms) [Parameters=[@__title_0='?' (Size = 4000)], CommandType='"Text"', CommandTimeout='30']
SELECT `s`.`Id`, `s`.`AlertId`, `s`.`Classification`, `s`.`Content`, `s`.`Lat`, `s`.`Lon`, `s`.`Priority`, `s`.`Source`, `s`.`Status`, `s`.`Timestamp`, `s`.`Title`
FROM `SouthAlerts` AS `s`
WHERE `s`.`Title` = @__title_0
LIMIT 1
2026-10-06 18:28:05 - INF - Executed DbCommand (1ms) [Parameters=[@__title_0='?' (Size = 4000)], CommandType='"Text"', CommandTimeout='30']
SELECT `n`.`Id`, `n`.`AlertId`, `n`.`Classification`, `n`.`Content`, `n`.`Lat`, `n`.`Lon`, `n`.`Priority`, `n`.`Source`, `n`.`Status`, `n`.`Timestamp`, `n`.`Title`
FROM `NorthAlerts` AS `n`
WHERE `n`.`Title` = @__title_0
LIMIT 1
2026-10-06 18:28:05 - INF - Executed DbCommand (1ms) [Parameters=[@__title_0='?' (Size = 4000)], CommandType='"Text"', CommandTimeout='30']
SELECT `o`.`Id`, `o`.`AlertId`, `o`.`Classification`, `o`.`Content`, `o`.`Lat`, `o`.`Lon`, `o`.`Priority`, `o`.`Source`, `o`.`Status`, `o`.`Timestamp`, `o`.`Title`
FROM `OverseasAlerts` AS `o`
WHERE `o`.`Title` = @__title_0
LIMIT 1
2026-10-06 18:28:07 - INF - Executed DbCommand (1ms) [Parameters=[@p0='?' (Size = 4000), @p1='?' (Size = 4000), @p2='?' (Size = 4000), @p3='?' (DbType = Double), @p4='?' (DbType = Double), @p5='?' (Size = 4000), @p6='?' (Size = 4000), @p7='?' (Size = 4000), @p8='?' (Size = 4000), @p9='?' (Size = 4000)], CommandType='"Text"', CommandTimeout='30']
INSERT INTO `CenterAlerts` (`AlertId`, `Classification`, `Content`, `Lat`, `Lon`, `Priority`, `Source`, `Status`, `Timestamp`, `Title`)
VALUES (@p0, @p1, @p2, @p3, @p4, @p5, @p6, @p7, @p8, @p9);
SELECT `Id`
FROM `CenterAlerts`
WHERE ROW_COUNT() = 1 AND `Id` = LAST_INSERT_ID();
2026-10-06 18:28:07 - INF - Executed DbCommand (1ms) [Parameters=[], CommandType='"Text"', CommandTimeout='30']
SELECT `s`.`Id`, `s`.`AlertId`, `s`.`Classification`, `s`.`Content`, `s`.`Lat`, `s`.`Lon`, `s`.`Priority`, `s`.`Source`, `s`.`Status`, `s`.`Timestamp`, `s`.`Title`
FROM `SouthAlerts` AS `s`
WHERE `s`.`Status` = 'WAITING'
LIMIT 1
2026-10-06 18:28:07 - INF - Executed DbCommand (1ms) [Parameters=[@__title_0='?' (Size = 4000)], CommandType='"Text"', CommandTimeout='30']
SELECT `c`.`Id`, `c`.`AlertId`, `c`.`Classification`, `c`.`Content`, `c`.`Lat`, `c`.`Lon`, `c`.`Priority`, `c`.`Source`, `c`.`Status`, `c`.`Timestamp`, `c`.`Title`
FROM `CenterAlerts` AS `c`
WHERE `c`.`Title` = @__title_0
LIMIT 1
2026-10-06 18:28:07 - INF - Executed DbCommand (1ms) [Parameters=[@__title_0='?' (Size = 4000)], CommandType='"Text"', CommandTimeout='30']
SELECT `n`.`Id`, `n`.`AlertId`, `n`.`Classification`, `n`.`Content`, `n`.`Lat`, `n`.`Lon`, `n`.`Priority`, `n`.`Source`, `n`.`Status`, `n`.`Timestamp`, `n`.`Title`
FROM `NorthAlerts` AS `n`
WHERE `n`.`Title` = @__title_0
LIMIT 1
2026-10-06 18:28:07 - INF - Executed DbCommand (1ms) [Parameters=[@__title_0='?' (Size = 4000)], CommandType='"Text"', CommandTimeout='30']
SELECT `o`.`Id`, `o`.`AlertId`, `o`.`Classification`, `o`.`Content`, `o`.`Lat`, `o`.`Lon`, `o`.`Priority`, `o`.`Source`, `o`.`Status`, `o`.`Timestamp`, `o`.`Title`
FROM `OverseasAlerts` AS `o`
WHERE `o`.`Title` = @__title_0
LIMIT 1
2026-10-06 18:28:14 - INF - Executed DbCommand (1ms) [Parameters=[@p0='?' (Size = 4000), @p1='?' (Size = 4000), @p2='?' (Size = 4000), @p3='?' (DbType = Double), @p4='?' (DbType = Double), @p5='?' (Size = 4000), @p6='?' (Size = 4000), @p7='?' (Size = 4000), @p8='?' (Size = 4000), @p9='?' (Size = 4000)], CommandType='"Text"', CommandTimeout='30']
INSERT INTO `SouthAlerts` (`AlertId`, `Classification`, `Content`, `Lat`, `Lon`, `Priority`, `Source`, `Status`, `Timestamp`, `Title`)
VALUES (@p0, @p1, @p2, @p3, @p4, @p5, @p6, @p7, @p8, @p9);
SELECT `Id`
FROM `SouthAlerts`
WHERE ROW_COUNT() = 1 AND `Id` = LAST_INSERT_ID();
2026-10-06 18:28:14 - INF - Executed DbCommand (1ms) [Parameters=[], CommandType='"Text"', CommandTimeout='30']
SELECT `o`.`Id`, `o`.`AlertId`, `o`.`Classification`, `o`.`Content`, `o`.`Lat`, `o`.`Lon`, `o`.`Priority`, `o`.`Source`, `o`.`Status`, `o`.`Timestamp`, `o`.`Title`
FROM `OverseasAlerts` AS `o`
WHERE `o`.`Status` = 'WAITING'
LIMIT 1
2026-10-06 18:28:14 - INF - Executed DbCommand (2ms) [Parameters=[@__title_0='?' (Size = 4000)], CommandType='"Text"', CommandTimeout='30']
SELECT `c`.`Id`, `c`.`AlertId`, `c`.`Classification`, `c`.`Content`, `c`.`Lat`, `c`.`Lon`, `c`.`Priority`, `c`.`Source`, `c`.`Status`, `c`.`Timestamp`, `c`.`Title`
FROM `CenterAlerts` AS `c`
WHERE `c`.`Title` = @__title_0
LIMIT 1
2026-10-06 18:28:14 - INF - Executed DbCommand (1ms) [Parameters=[@__title_0='?' (Size = 4000)], CommandType='"Text"', CommandTimeout='30']
SELECT `n`.`Id`, `n`.`AlertId`, `n`.`Classification`, `n`.`Content`, `n`.`Lat`, `n`.`Lon`, `n`.`Priority`, `n`.`Source`, `n`.`Status`, `n`.`Timestamp`, `n`.`Title`
FROM `NorthAlerts` AS `n`
WHERE `n`.`Title` = @__title_0
LIMIT 1
2026-10-06 18:28:14 - INF - Executed DbCommand (1ms) [Parameters=[@__title_0='?' (Size = 4000)], CommandType='"Text"', CommandTimeout='30']
SELECT `o`.`Id`, `o`.`AlertId`, `o`.`Classification`, `o`.`Content`, `o`.`Lat`, `o`.`Lon`, `o`.`Priority`, `o`.`Source`, `o`.`Status`, `o`.`Timestamp`, `o`.`Title`
FROM `OverseasAlerts` AS `o`
WHERE `o`.`Title` = @__title_0
LIMIT 1
2026-10-06 18:28:21 - INF - Executed DbCommand (1ms) [Parameters=[@p0='?' (Size = 4000), @p1='?' (Size = 4000), @p2='?' (Size = 4000), @p3='?' (DbType = Double), @p4='?' (DbType = Double), @p5='?' (Size = 4000), @p6='?' (Size = 4000), @p7='?' (Size = 4000), @p8='?' (Size = 4000), @p9='?' (Size = 4000)], CommandType='"Text"', CommandTimeout='30']
INSERT INTO `OverseasAlerts` (`AlertId`, `Classification`, `Content`, `Lat`, `Lon`, `Priority`, `Source`, `Status`, `Timestamp`, `Title`)
VALUES (@p0, @p1, @p2, @p3, @p4, @p5, @p6, @p7, @p8, @p9);
SELECT `Id`
FROM `OverseasAlerts`
WHERE ROW_COUNT() = 1 AND `Id` = LAST_INSERT_ID();
2026-10-06 18:28:21 - INF - Executed DbCommand (1ms) [Parameters=[], CommandType='"Text"', CommandTimeout='30']
SELECT `n`.`Id`, `n`.`AlertId`, `n`.`Classification`, `n`.`Content`, `n`.`Lat`, `n`.`Lon`, `n`.`Priority`, `n`.`Source`, `n`.`Status`, `n`.`Timestamp`, `n`.`Title`
FROM `NorthAlerts` AS `n`
WHERE `n`.`Status` = 'WAITING'
LIMIT 1
2026-10-06 18:28:21 - INF - Executed DbCommand (1ms) [Parameters=[@__title_0='?' (Size = 4000)], CommandType='"Text"', CommandTimeout='30']
SELECT `s`.`Id`, `s`.`AlertId`, `s`.`Classification`, `s`.`Content`, `s`.`Lat`, `s`.`Lon`, `s`.`Priority`, `s`.`Source`, `s`.`Status`, `s`.`Timestamp`, `s`.`Title`
FROM `SouthAlerts` AS `s`
WHERE `s`.`Title` = @__title_0
LIMIT 1
2026-10-06 18:28:21 - INF - Executed DbCommand (0ms) [Parameters=[@__title_0='?' (Size = 4000)], CommandType='"Text"', CommandTimeout='30']
SELECT `c`.`Id`, `c`.`AlertId`, `c`.`Classification`, `c`.`Content`, `c`.`Lat`, `c`.`Lon`, `c`.`Priority`, `c`.`Source`, `c`.`Status`, `c`.`Timestamp`, `c`.`Title`
FROM `CenterAlerts` AS `c`
WHERE `c`.`Title` = @__title_0
LIMIT 1
2026-10-06 18:28:21 - INF - Executed DbCommand (0ms) [Parameters=[@__title_0='?' (Size = 4000)], CommandType='"Text"', CommandTimeout='30']
SELECT `o`.`Id`, `o`.`AlertId`, `o`.`Classification`, `o`.`Content`, `o`.`Lat`, `o`.`Lon`, `o`.`Priority`, `o`.`Source`, `o`.`Status`, `o`.`Timestamp`, `o`.`Title`
FROM `OverseasAlerts` AS `o`
WHERE `o`.`Title` = @__title_0
LIMIT 1
2026-10-06 18:28:21 - FTL - same Alerts to all comands! ירי רקטות וטילים
2026-10-06 18:28:27 - INF - Executed DbCommand (1ms) [Parameters=[@p0='?' (Size = 4000), @p1='?' (Size = 4000), @p2='?' (Size = 4000), @p3='?' (DbType = Double), @p4='?' (DbType = Double), @p5='?' (Size = 4000), @p6='?' (Size = 4000), @p7='?' (Size = 4000), @p8='?' (Size = 4000), @p9='?' (Size = 4000)], CommandType='"Text"', CommandTimeout='30']
INSERT INTO `NorthAlerts` (`AlertId`, `Classification`, `Content`, `Lat`, `Lon`, `Priority`, `Source`, `Status`, `Timestamp`, `Title`)
VALUES (@p0, @p1, @p2, @p3, @p4, @p5, @p6, @p7, @p8, @p9);
SELECT `Id`
FROM `NorthAlerts`
WHERE ROW_COUNT() = 1 AND `Id` = LAST_INSERT_ID();
2026-10-06 18:28:27 - INF - Executed DbCommand (1ms) [Parameters=[], CommandType='"Text"', CommandTimeout='30']
SELECT `c`.`Id`, `c`.`AlertId`, `c`.`Classification`, `c`.`Content`, `c`.`Lat`, `c`.`Lon`, `c`.`Priority`, `c`.`Source`, `c`.`Status`, `c`.`Timestamp`, `c`.`Title`
FROM `CenterAlerts` AS `c`
WHERE `c`.`Status` = 'WAITING'
LIMIT 1
2026-10-06 18:28:27 - INF - Executed DbCommand (1ms) [Parameters=[@__title_0='?' (Size = 4000)], CommandType='"Text"', CommandTimeout='30']
SELECT `s`.`Id`, `s`.`AlertId`, `s`.`Classification`, `s`.`Content`, `s`.`Lat`, `s`.`Lon`, `s`.`Priority`, `s`.`Source`, `s`.`Status`, `s`.`Timestamp`, `s`.`Title`
FROM `SouthAlerts` AS `s`
WHERE `s`.`Title` = @__title_0
LIMIT 1
2026-10-06 18:28:27 - INF - Executed DbCommand (1ms) [Parameters=[@__title_0='?' (Size = 4000)], CommandType='"Text"', CommandTimeout='30']
SELECT `n`.`Id`, `n`.`AlertId`, `n`.`Classification`, `n`.`Content`, `n`.`Lat`, `n`.`Lon`, `n`.`Priority`, `n`.`Source`, `n`.`Status`, `n`.`Timestamp`, `n`.`Title`
FROM `NorthAlerts` AS `n`
WHERE `n`.`Title` = @__title_0
LIMIT 1
2026-10-06 18:28:27 - INF - Executed DbCommand (1ms) [Parameters=[@__title_0='?' (Size = 4000)], CommandType='"Text"', CommandTimeout='30']
SELECT `o`.`Id`, `o`.`AlertId`, `o`.`Classification`, `o`.`Content`, `o`.`Lat`, `o`.`Lon`, `o`.`Priority`, `o`.`Source`, `o`.`Status`, `o`.`Timestamp`, `o`.`Title`
FROM `OverseasAlerts` AS `o`
WHERE `o`.`Title` = @__title_0
LIMIT 1
2026-10-06 18:28:29 - INF - Executed DbCommand (1ms) [Parameters=[@p0='?' (Size = 4000), @p1='?' (Size = 4000), @p2='?' (Size = 4000), @p3='?' (DbType = Double), @p4='?' (DbType = Double), @p5='?' (Size = 4000), @p6='?' (Size = 4000), @p7='?' (Size = 4000), @p8='?' (Size = 4000), @p9='?' (Size = 4000)], CommandType='"Text"', CommandTimeout='30']
INSERT INTO `CenterAlerts` (`AlertId`, `Classification`, `Content`, `Lat`, `Lon`, `Priority`, `Source`, `Status`, `Timestamp`, `Title`)
VALUES (@p0, @p1, @p2, @p3, @p4, @p5, @p6, @p7, @p8, @p9);
SELECT `Id`
FROM `CenterAlerts`
WHERE ROW_COUNT() = 1 AND `Id` = LAST_INSERT_ID();
2026-10-06 18:28:29 - INF - Executed DbCommand (1ms) [Parameters=[], CommandType='"Text"', CommandTimeout='30']
SELECT `s`.`Id`, `s`.`AlertId`, `s`.`Classification`, `s`.`Content`, `s`.`Lat`, `s`.`Lon`, `s`.`Priority`, `s`.`Source`, `s`.`Status`, `s`.`Timestamp`, `s`.`Title`
FROM `SouthAlerts` AS `s`
WHERE `s`.`Status` = 'WAITING'
LIMIT 1
2026-10-06 18:28:29 - INF - Executed DbCommand (1ms) [Parameters=[@__title_0='?' (Size = 4000)], CommandType='"Text"', CommandTimeout='30']
SELECT `c`.`Id`, `c`.`AlertId`, `c`.`Classification`, `c`.`Content`, `c`.`Lat`, `c`.`Lon`, `c`.`Priority`, `c`.`Source`, `c`.`Status`, `c`.`Timestamp`, `c`.`Title`
FROM `CenterAlerts` AS `c`
WHERE `c`.`Title` = @__title_0
LIMIT 1
2026-10-06 18:28:29 - INF - Executed DbCommand (1ms) [Parameters=[@__title_0='?' (Size = 4000)], CommandType='"Text"', CommandTimeout='30']
SELECT `n`.`Id`, `n`.`AlertId`, `n`.`Classification`, `n`.`Content`, `n`.`Lat`, `n`.`Lon`, `n`.`Priority`, `n`.`Source`, `n`.`Status`, `n`.`Timestamp`, `n`.`Title`
FROM `NorthAlerts` AS `n`
WHERE `n`.`Title` = @__title_0
LIMIT 1
2026-10-06 18:28:29 - INF - Executed DbCommand (1ms) [Parameters=[@__title_0='?' (Size = 4000)], CommandType='"Text"', CommandTimeout='30']
SELECT `o`.`Id`, `o`.`AlertId`, `o`.`Classification`, `o`.`Content`, `o`.`Lat`, `o`.`Lon`, `o`.`Priority`, `o`.`Source`, `o`.`Status`, `o`.`Timestamp`, `o`.`Title`
FROM `OverseasAlerts` AS `o`
WHERE `o`.`Title` = @__title_0
LIMIT 1
2026-10-06 18:28:36 - INF - Executed DbCommand (2ms) [Parameters=[@p0='?' (Size = 4000), @p1='?' (Size = 4000), @p2='?' (Size = 4000), @p3='?' (DbType = Double), @p4='?' (DbType = Double), @p5='?' (Size = 4000), @p6='?' (Size = 4000), @p7='?' (Size = 4000), @p8='?' (Size = 4000), @p9='?' (Size = 4000)], CommandType='"Text"', CommandTimeout='30']
INSERT INTO `SouthAlerts` (`AlertId`, `Classification`, `Content`, `Lat`, `Lon`, `Priority`, `Source`, `Status`, `Timestamp`, `Title`)
VALUES (@p0, @p1, @p2, @p3, @p4, @p5, @p6, @p7, @p8, @p9);
SELECT `Id`
FROM `SouthAlerts`
WHERE ROW_COUNT() = 1 AND `Id` = LAST_INSERT_ID();
2026-10-06 18:28:36 - INF - Executed DbCommand (2ms) [Parameters=[], CommandType='"Text"', CommandTimeout='30']
SELECT `o`.`Id`, `o`.`AlertId`, `o`.`Classification`, `o`.`Content`, `o`.`Lat`, `o`.`Lon`, `o`.`Priority`, `o`.`Source`, `o`.`Status`, `o`.`Timestamp`, `o`.`Title`
FROM `OverseasAlerts` AS `o`
WHERE `o`.`Status` = 'WAITING'
LIMIT 1
2026-10-06 18:28:36 - INF - Executed DbCommand (1ms) [Parameters=[@__title_0='?' (Size = 4000)], CommandType='"Text"', CommandTimeout='30']
SELECT `c`.`Id`, `c`.`AlertId`, `c`.`Classification`, `c`.`Content`, `c`.`Lat`, `c`.`Lon`, `c`.`Priority`, `c`.`Source`, `c`.`Status`, `c`.`Timestamp`, `c`.`Title`
FROM `CenterAlerts` AS `c`
WHERE `c`.`Title` = @__title_0
LIMIT 1
2026-10-06 18:28:36 - INF - Executed DbCommand (1ms) [Parameters=[@__title_0='?' (Size = 4000)], CommandType='"Text"', CommandTimeout='30']
SELECT `n`.`Id`, `n`.`AlertId`, `n`.`Classification`, `n`.`Content`, `n`.`Lat`, `n`.`Lon`, `n`.`Priority`, `n`.`Source`, `n`.`Status`, `n`.`Timestamp`, `n`.`Title`
FROM `NorthAlerts` AS `n`
WHERE `n`.`Title` = @__title_0
LIMIT 1
2026-10-06 18:28:36 - INF - Executed DbCommand (0ms) [Parameters=[@__title_0='?' (Size = 4000)], CommandType='"Text"', CommandTimeout='30']
SELECT `o`.`Id`, `o`.`AlertId`, `o`.`Classification`, `o`.`Content`, `o`.`Lat`, `o`.`Lon`, `o`.`Priority`, `o`.`Source`, `o`.`Status`, `o`.`Timestamp`, `o`.`Title`
FROM `OverseasAlerts` AS `o`
WHERE `o`.`Title` = @__title_0
LIMIT 1
2026-10-06 18:28:43 - INF - Executed DbCommand (3ms) [Parameters=[@p0='?' (Size = 4000), @p1='?' (Size = 4000), @p2='?' (Size = 4000), @p3='?' (DbType = Double), @p4='?' (DbType = Double), @p5='?' (Size = 4000), @p6='?' (Size = 4000), @p7='?' (Size = 4000), @p8='?' (Size = 4000), @p9='?' (Size = 4000)], CommandType='"Text"', CommandTimeout='30']
INSERT INTO `OverseasAlerts` (`AlertId`, `Classification`, `Content`, `Lat`, `Lon`, `Priority`, `Source`, `Status`, `Timestamp`, `Title`)
VALUES (@p0, @p1, @p2, @p3, @p4, @p5, @p6, @p7, @p8, @p9);
SELECT `Id`
FROM `OverseasAlerts`
WHERE ROW_COUNT() = 1 AND `Id` = LAST_INSERT_ID();
2026-10-06 18:28:43 - INF - Executed DbCommand (4ms) [Parameters=[], CommandType='"Text"', CommandTimeout='30']
SELECT `n`.`Id`, `n`.`AlertId`, `n`.`Classification`, `n`.`Content`, `n`.`Lat`, `n`.`Lon`, `n`.`Priority`, `n`.`Source`, `n`.`Status`, `n`.`Timestamp`, `n`.`Title`
FROM `NorthAlerts` AS `n`
WHERE `n`.`Status` = 'WAITING'
LIMIT 1
2026-10-06 18:28:43 - INF - Executed DbCommand (1ms) [Parameters=[@__title_0='?' (Size = 4000)], CommandType='"Text"', CommandTimeout='30']
SELECT `s`.`Id`, `s`.`AlertId`, `s`.`Classification`, `s`.`Content`, `s`.`Lat`, `s`.`Lon`, `s`.`Priority`, `s`.`Source`, `s`.`Status`, `s`.`Timestamp`, `s`.`Title`
FROM `SouthAlerts` AS `s`
WHERE `s`.`Title` = @__title_0
LIMIT 1
2026-10-06 18:28:43 - INF - Executed DbCommand (1ms) [Parameters=[@__title_0='?' (Size = 4000)], CommandType='"Text"', CommandTimeout='30']
SELECT `c`.`Id`, `c`.`AlertId`, `c`.`Classification`, `c`.`Content`, `c`.`Lat`, `c`.`Lon`, `c`.`Priority`, `c`.`Source`, `c`.`Status`, `c`.`Timestamp`, `c`.`Title`
FROM `CenterAlerts` AS `c`
WHERE `c`.`Title` = @__title_0
LIMIT 1
2026-10-06 18:28:43 - INF - Executed DbCommand (4ms) [Parameters=[@__title_0='?' (Size = 4000)], CommandType='"Text"', CommandTimeout='30']
SELECT `o`.`Id`, `o`.`AlertId`, `o`.`Classification`, `o`.`Content`, `o`.`Lat`, `o`.`Lon`, `o`.`Priority`, `o`.`Source`, `o`.`Status`, `o`.`Timestamp`, `o`.`Title`
FROM `OverseasAlerts` AS `o`
WHERE `o`.`Title` = @__title_0
LIMIT 1
2026-10-06 18:28:43 - FTL - same Alerts to all comands! ירי רקטות וטילים
2026-10-06 18:28:49 - INF - Executed DbCommand (4ms) [Parameters=[@p0='?' (Size = 4000), @p1='?' (Size = 4000), @p2='?' (Size = 4000), @p3='?' (DbType = Double), @p4='?' (DbType = Double), @p5='?' (Size = 4000), @p6='?' (Size = 4000), @p7='?' (Size = 4000), @p8='?' (Size = 4000), @p9='?' (Size = 4000)], CommandType='"Text"', CommandTimeout='30']
INSERT INTO `NorthAlerts` (`AlertId`, `Classification`, `Content`, `Lat`, `Lon`, `Priority`, `Source`, `Status`, `Timestamp`, `Title`)
VALUES (@p0, @p1, @p2, @p3, @p4, @p5, @p6, @p7, @p8, @p9);
SELECT `Id`
FROM `NorthAlerts`
WHERE ROW_COUNT() = 1 AND `Id` = LAST_INSERT_ID();
2026-10-06 18:28:49 - INF - Executed DbCommand (2ms) [Parameters=[], CommandType='"Text"', CommandTimeout='30']
SELECT `c`.`Id`, `c`.`AlertId`, `c`.`Classification`, `c`.`Content`, `c`.`Lat`, `c`.`Lon`, `c`.`Priority`, `c`.`Source`, `c`.`Status`, `c`.`Timestamp`, `c`.`Title`
FROM `CenterAlerts` AS `c`
WHERE `c`.`Status` = 'WAITING'
LIMIT 1
2026-10-06 18:28:49 - INF - Executed DbCommand (1ms) [Parameters=[@__title_0='?' (Size = 4000)], CommandType='"Text"', CommandTimeout='30']
SELECT `s`.`Id`, `s`.`AlertId`, `s`.`Classification`, `s`.`Content`, `s`.`Lat`, `s`.`Lon`, `s`.`Priority`, `s`.`Source`, `s`.`Status`, `s`.`Timestamp`, `s`.`Title`
FROM `SouthAlerts` AS `s`
WHERE `s`.`Title` = @__title_0
LIMIT 1
2026-10-06 18:28:49 - INF - Executed DbCommand (1ms) [Parameters=[@__title_0='?' (Size = 4000)], CommandType='"Text"', CommandTimeout='30']
SELECT `n`.`Id`, `n`.`AlertId`, `n`.`Classification`, `n`.`Content`, `n`.`Lat`, `n`.`Lon`, `n`.`Priority`, `n`.`Source`, `n`.`Status`, `n`.`Timestamp`, `n`.`Title`
FROM `NorthAlerts` AS `n`
WHERE `n`.`Title` = @__title_0
LIMIT 1
2026-10-06 18:28:49 - INF - Executed DbCommand (2ms) [Parameters=[@__title_0='?' (Size = 4000)], CommandType='"Text"', CommandTimeout='30']
SELECT `o`.`Id`, `o`.`AlertId`, `o`.`Classification`, `o`.`Content`, `o`.`Lat`, `o`.`Lon`, `o`.`Priority`, `o`.`Source`, `o`.`Status`, `o`.`Timestamp`, `o`.`Title`
FROM `OverseasAlerts` AS `o`
WHERE `o`.`Title` = @__title_0
LIMIT 1
2026-10-06 18:28:51 - INF - Executed DbCommand (6ms) [Parameters=[@p0='?' (Size = 4000), @p1='?' (Size = 4000), @p2='?' (Size = 4000), @p3='?' (DbType = Double), @p4='?' (DbType = Double), @p5='?' (Size = 4000), @p6='?' (Size = 4000), @p7='?' (Size = 4000), @p8='?' (Size = 4000), @p9='?' (Size = 4000)], CommandType='"Text"', CommandTimeout='30']
INSERT INTO `CenterAlerts` (`AlertId`, `Classification`, `Content`, `Lat`, `Lon`, `Priority`, `Source`, `Status`, `Timestamp`, `Title`)
VALUES (@p0, @p1, @p2, @p3, @p4, @p5, @p6, @p7, @p8, @p9);
SELECT `Id`
FROM `CenterAlerts`
WHERE ROW_COUNT() = 1 AND `Id` = LAST_INSERT_ID();
2026-10-06 18:28:51 - INF - Executed DbCommand (3ms) [Parameters=[], CommandType='"Text"', CommandTimeout='30']
SELECT `s`.`Id`, `s`.`AlertId`, `s`.`Classification`, `s`.`Content`, `s`.`Lat`, `s`.`Lon`, `s`.`Priority`, `s`.`Source`, `s`.`Status`, `s`.`Timestamp`, `s`.`Title`
FROM `SouthAlerts` AS `s`
WHERE `s`.`Status` = 'WAITING'
LIMIT 1
2026-10-06 18:28:51 - INF - Executed DbCommand (3ms) [Parameters=[@__title_0='?' (Size = 4000)], CommandType='"Text"', CommandTimeout='30']
SELECT `c`.`Id`, `c`.`AlertId`, `c`.`Classification`, `c`.`Content`, `c`.`Lat`, `c`.`Lon`, `c`.`Priority`, `c`.`Source`, `c`.`Status`, `c`.`Timestamp`, `c`.`Title`
FROM `CenterAlerts` AS `c`
WHERE `c`.`Title` = @__title_0
LIMIT 1
2026-10-06 18:28:51 - INF - Executed DbCommand (3ms) [Parameters=[@__title_0='?' (Size = 4000)], CommandType='"Text"', CommandTimeout='30']
SELECT `n`.`Id`, `n`.`AlertId`, `n`.`Classification`, `n`.`Content`, `n`.`Lat`, `n`.`Lon`, `n`.`Priority`, `n`.`Source`, `n`.`Status`, `n`.`Timestamp`, `n`.`Title`
FROM `NorthAlerts` AS `n`
WHERE `n`.`Title` = @__title_0
LIMIT 1
2026-10-06 18:28:51 - INF - Executed DbCommand (2ms) [Parameters=[@__title_0='?' (Size = 4000)], CommandType='"Text"', CommandTimeout='30']
SELECT `o`.`Id`, `o`.`AlertId`, `o`.`Classification`, `o`.`Content`, `o`.`Lat`, `o`.`Lon`, `o`.`Priority`, `o`.`Source`, `o`.`Status`, `o`.`Timestamp`, `o`.`Title`
FROM `OverseasAlerts` AS `o`
WHERE `o`.`Title` = @__title_0
LIMIT 1
2026-10-06 18:28:58 - INF - Executed DbCommand (1ms) [Parameters=[@p0='?' (Size = 4000), @p1='?' (Size = 4000), @p2='?' (Size = 4000), @p3='?' (DbType = Double), @p4='?' (DbType = Double), @p5='?' (Size = 4000), @p6='?' (Size = 4000), @p7='?' (Size = 4000), @p8='?' (Size = 4000), @p9='?' (Size = 4000)], CommandType='"Text"', CommandTimeout='30']
INSERT INTO `SouthAlerts` (`AlertId`, `Classification`, `Content`, `Lat`, `Lon`, `Priority`, `Source`, `Status`, `Timestamp`, `Title`)
VALUES (@p0, @p1, @p2, @p3, @p4, @p5, @p6, @p7, @p8, @p9);
SELECT `Id`
FROM `SouthAlerts`
WHERE ROW_COUNT() = 1 AND `Id` = LAST_INSERT_ID();
2026-10-06 18:28:58 - INF - Executed DbCommand (1ms) [Parameters=[], CommandType='"Text"', CommandTimeout='30']
SELECT `o`.`Id`, `o`.`AlertId`, `o`.`Classification`, `o`.`Content`, `o`.`Lat`, `o`.`Lon`, `o`.`Priority`, `o`.`Source`, `o`.`Status`, `o`.`Timestamp`, `o`.`Title`
FROM `OverseasAlerts` AS `o`
WHERE `o`.`Status` = 'WAITING'
LIMIT 1
2026-10-06 18:28:58 - INF - Executed DbCommand (1ms) [Parameters=[@__title_0='?' (Size = 4000)], CommandType='"Text"', CommandTimeout='30']
SELECT `c`.`Id`, `c`.`AlertId`, `c`.`Classification`, `c`.`Content`, `c`.`Lat`, `c`.`Lon`, `c`.`Priority`, `c`.`Source`, `c`.`Status`, `c`.`Timestamp`, `c`.`Title`
FROM `CenterAlerts` AS `c`
WHERE `c`.`Title` = @__title_0
LIMIT 1
2026-10-06 18:28:58 - INF - Executed DbCommand (1ms) [Parameters=[@__title_0='?' (Size = 4000)], CommandType='"Text"', CommandTimeout='30']
SELECT `n`.`Id`, `n`.`AlertId`, `n`.`Classification`, `n`.`Content`, `n`.`Lat`, `n`.`Lon`, `n`.`Priority`, `n`.`Source`, `n`.`Status`, `n`.`Timestamp`, `n`.`Title`
FROM `NorthAlerts` AS `n`
WHERE `n`.`Title` = @__title_0
LIMIT 1
2026-10-06 18:28:58 - INF - Executed DbCommand (1ms) [Parameters=[@__title_0='?' (Size = 4000)], CommandType='"Text"', CommandTimeout='30']
SELECT `o`.`Id`, `o`.`AlertId`, `o`.`Classification`, `o`.`Content`, `o`.`Lat`, `o`.`Lon`, `o`.`Priority`, `o`.`Source`, `o`.`Status`, `o`.`Timestamp`, `o`.`Title`
FROM `OverseasAlerts` AS `o`
WHERE `o`.`Title` = @__title_0
LIMIT 1
2026-10-06 18:29:05 - INF - Executed DbCommand (1ms) [Parameters=[@p0='?' (Size = 4000), @p1='?' (Size = 4000), @p2='?' (Size = 4000), @p3='?' (DbType = Double), @p4='?' (DbType = Double), @p5='?' (Size = 4000), @p6='?' (Size = 4000), @p7='?' (Size = 4000), @p8='?' (Size = 4000), @p9='?' (Size = 4000)], CommandType='"Text"', CommandTimeout='30']
INSERT INTO `OverseasAlerts` (`AlertId`, `Classification`, `Content`, `Lat`, `Lon`, `Priority`, `Source`, `Status`, `Timestamp`, `Title`)
VALUES (@p0, @p1, @p2, @p3, @p4, @p5, @p6, @p7, @p8, @p9);
SELECT `Id`
FROM `OverseasAlerts`
WHERE ROW_COUNT() = 1 AND `Id` = LAST_INSERT_ID();
2026-10-06 18:29:05 - INF - Executed DbCommand (1ms) [Parameters=[], CommandType='"Text"', CommandTimeout='30']
SELECT `n`.`Id`, `n`.`AlertId`, `n`.`Classification`, `n`.`Content`, `n`.`Lat`, `n`.`Lon`, `n`.`Priority`, `n`.`Source`, `n`.`Status`, `n`.`Timestamp`, `n`.`Title`
FROM `NorthAlerts` AS `n`
WHERE `n`.`Status` = 'WAITING'
LIMIT 1
2026-10-06 18:29:05 - INF - Executed DbCommand (3ms) [Parameters=[@__title_0='?' (Size = 4000)], CommandType='"Text"', CommandTimeout='30']
SELECT `s`.`Id`, `s`.`AlertId`, `s`.`Classification`, `s`.`Content`, `s`.`Lat`, `s`.`Lon`, `s`.`Priority`, `s`.`Source`, `s`.`Status`, `s`.`Timestamp`, `s`.`Title`
FROM `SouthAlerts` AS `s`
WHERE `s`.`Title` = @__title_0
LIMIT 1
2026-10-06 18:29:05 - INF - Executed DbCommand (3ms) [Parameters=[@__title_0='?' (Size = 4000)], CommandType='"Text"', CommandTimeout='30']
SELECT `c`.`Id`, `c`.`AlertId`, `c`.`Classification`, `c`.`Content`, `c`.`Lat`, `c`.`Lon`, `c`.`Priority`, `c`.`Source`, `c`.`Status`, `c`.`Timestamp`, `c`.`Title`
FROM `CenterAlerts` AS `c`
WHERE `c`.`Title` = @__title_0
LIMIT 1
2026-10-06 18:29:05 - INF - Executed DbCommand (1ms) [Parameters=[@__title_0='?' (Size = 4000)], CommandType='"Text"', CommandTimeout='30']
SELECT `o`.`Id`, `o`.`AlertId`, `o`.`Classification`, `o`.`Content`, `o`.`Lat`, `o`.`Lon`, `o`.`Priority`, `o`.`Source`, `o`.`Status`, `o`.`Timestamp`, `o`.`Title`
FROM `OverseasAlerts` AS `o`
WHERE `o`.`Title` = @__title_0
LIMIT 1
2026-10-06 18:29:05 - FTL - same Alerts to all comands! ירי רקטות וטילים
2026-10-06 18:29:11 - INF - Executed DbCommand (2ms) [Parameters=[@p0='?' (Size = 4000), @p1='?' (Size = 4000), @p2='?' (Size = 4000), @p3='?' (DbType = Double), @p4='?' (DbType = Double), @p5='?' (Size = 4000), @p6='?' (Size = 4000), @p7='?' (Size = 4000), @p8='?' (Size = 4000), @p9='?' (Size = 4000)], CommandType='"Text"', CommandTimeout='30']
INSERT INTO `NorthAlerts` (`AlertId`, `Classification`, `Content`, `Lat`, `Lon`, `Priority`, `Source`, `Status`, `Timestamp`, `Title`)
VALUES (@p0, @p1, @p2, @p3, @p4, @p5, @p6, @p7, @p8, @p9);
SELECT `Id`
FROM `NorthAlerts`
WHERE ROW_COUNT() = 1 AND `Id` = LAST_INSERT_ID();
2026-10-06 18:29:11 - INF - Executed DbCommand (3ms) [Parameters=[], CommandType='"Text"', CommandTimeout='30']
SELECT `c`.`Id`, `c`.`AlertId`, `c`.`Classification`, `c`.`Content`, `c`.`Lat`, `c`.`Lon`, `c`.`Priority`, `c`.`Source`, `c`.`Status`, `c`.`Timestamp`, `c`.`Title`
FROM `CenterAlerts` AS `c`
WHERE `c`.`Status` = 'WAITING'
LIMIT 1
2026-10-06 18:29:11 - INF - Executed DbCommand (2ms) [Parameters=[@__title_0='?' (Size = 4000)], CommandType='"Text"', CommandTimeout='30']
SELECT `s`.`Id`, `s`.`AlertId`, `s`.`Classification`, `s`.`Content`, `s`.`Lat`, `s`.`Lon`, `s`.`Priority`, `s`.`Source`, `s`.`Status`, `s`.`Timestamp`, `s`.`Title`
FROM `SouthAlerts` AS `s`
WHERE `s`.`Title` = @__title_0
LIMIT 1
2026-10-06 18:29:11 - INF - Executed DbCommand (2ms) [Parameters=[@__title_0='?' (Size = 4000)], CommandType='"Text"', CommandTimeout='30']
SELECT `n`.`Id`, `n`.`AlertId`, `n`.`Classification`, `n`.`Content`, `n`.`Lat`, `n`.`Lon`, `n`.`Priority`, `n`.`Source`, `n`.`Status`, `n`.`Timestamp`, `n`.`Title`
FROM `NorthAlerts` AS `n`
WHERE `n`.`Title` = @__title_0
LIMIT 1
2026-10-06 18:29:11 - INF - Executed DbCommand (1ms) [Parameters=[@__title_0='?' (Size = 4000)], CommandType='"Text"', CommandTimeout='30']
SELECT `o`.`Id`, `o`.`AlertId`, `o`.`Classification`, `o`.`Content`, `o`.`Lat`, `o`.`Lon`, `o`.`Priority`, `o`.`Source`, `o`.`Status`, `o`.`Timestamp`, `o`.`Title`
FROM `OverseasAlerts` AS `o`
WHERE `o`.`Title` = @__title_0
LIMIT 1
2026-10-06 18:29:13 - INF - Executed DbCommand (1ms) [Parameters=[@p0='?' (Size = 4000), @p1='?' (Size = 4000), @p2='?' (Size = 4000), @p3='?' (DbType = Double), @p4='?' (DbType = Double), @p5='?' (Size = 4000), @p6='?' (Size = 4000), @p7='?' (Size = 4000), @p8='?' (Size = 4000), @p9='?' (Size = 4000)], CommandType='"Text"', CommandTimeout='30']
INSERT INTO `CenterAlerts` (`AlertId`, `Classification`, `Content`, `Lat`, `Lon`, `Priority`, `Source`, `Status`, `Timestamp`, `Title`)
VALUES (@p0, @p1, @p2, @p3, @p4, @p5, @p6, @p7, @p8, @p9);
SELECT `Id`
FROM `CenterAlerts`
WHERE ROW_COUNT() = 1 AND `Id` = LAST_INSERT_ID();
2026-10-06 18:29:13 - INF - Executed DbCommand (1ms) [Parameters=[], CommandType='"Text"', CommandTimeout='30']
SELECT `s`.`Id`, `s`.`AlertId`, `s`.`Classification`, `s`.`Content`, `s`.`Lat`, `s`.`Lon`, `s`.`Priority`, `s`.`Source`, `s`.`Status`, `s`.`Timestamp`, `s`.`Title`
FROM `SouthAlerts` AS `s`
WHERE `s`.`Status` = 'WAITING'
LIMIT 1
2026-10-06 18:29:13 - INF - Executed DbCommand (1ms) [Parameters=[@__title_0='?' (Size = 4000)], CommandType='"Text"', CommandTimeout='30']
SELECT `c`.`Id`, `c`.`AlertId`, `c`.`Classification`, `c`.`Content`, `c`.`Lat`, `c`.`Lon`, `c`.`Priority`, `c`.`Source`, `c`.`Status`, `c`.`Timestamp`, `c`.`Title`
FROM `CenterAlerts` AS `c`
WHERE `c`.`Title` = @__title_0
LIMIT 1
2026-10-06 18:29:13 - INF - Executed DbCommand (1ms) [Parameters=[@__title_0='?' (Size = 4000)], CommandType='"Text"', CommandTimeout='30']
SELECT `n`.`Id`, `n`.`AlertId`, `n`.`Classification`, `n`.`Content`, `n`.`Lat`, `n`.`Lon`, `n`.`Priority`, `n`.`Source`, `n`.`Status`, `n`.`Timestamp`, `n`.`Title`
FROM `NorthAlerts` AS `n`
WHERE `n`.`Title` = @__title_0
LIMIT 1
2026-10-06 18:29:13 - INF - Executed DbCommand (1ms) [Parameters=[@__title_0='?' (Size = 4000)], CommandType='"Text"', CommandTimeout='30']
SELECT `o`.`Id`, `o`.`AlertId`, `o`.`Classification`, `o`.`Content`, `o`.`Lat`, `o`.`Lon`, `o`.`Priority`, `o`.`Source`, `o`.`Status`, `o`.`Timestamp`, `o`.`Title`
FROM `OverseasAlerts` AS `o`
WHERE `o`.`Title` = @__title_0
LIMIT 1
2026-10-06 18:29:20 - INF - Executed DbCommand (2ms) [Parameters=[@p0='?' (Size = 4000), @p1='?' (Size = 4000), @p2='?' (Size = 4000), @p3='?' (DbType = Double), @p4='?' (DbType = Double), @p5='?' (Size = 4000), @p6='?' (Size = 4000), @p7='?' (Size = 4000), @p8='?' (Size = 4000), @p9='?' (Size = 4000)], CommandType='"Text"', CommandTimeout='30']
INSERT INTO `SouthAlerts` (`AlertId`, `Classification`, `Content`, `Lat`, `Lon`, `Priority`, `Source`, `Status`, `Timestamp`, `Title`)
VALUES (@p0, @p1, @p2, @p3, @p4, @p5, @p6, @p7, @p8, @p9);
SELECT `Id`
FROM `SouthAlerts`
WHERE ROW_COUNT() = 1 AND `Id` = LAST_INSERT_ID();
2026-10-06 18:29:20 - INF - Executed DbCommand (2ms) [Parameters=[], CommandType='"Text"', CommandTimeout='30']
SELECT `o`.`Id`, `o`.`AlertId`, `o`.`Classification`, `o`.`Content`, `o`.`Lat`, `o`.`Lon`, `o`.`Priority`, `o`.`Source`, `o`.`Status`, `o`.`Timestamp`, `o`.`Title`
FROM `OverseasAlerts` AS `o`
WHERE `o`.`Status` = 'WAITING'
LIMIT 1
2026-10-06 18:29:20 - INF - Executed DbCommand (1ms) [Parameters=[@__title_0='?' (Size = 4000)], CommandType='"Text"', CommandTimeout='30']
SELECT `c`.`Id`, `c`.`AlertId`, `c`.`Classification`, `c`.`Content`, `c`.`Lat`, `c`.`Lon`, `c`.`Priority`, `c`.`Source`, `c`.`Status`, `c`.`Timestamp`, `c`.`Title`
FROM `CenterAlerts` AS `c`
WHERE `c`.`Title` = @__title_0
LIMIT 1
2026-10-06 18:29:20 - INF - Executed DbCommand (1ms) [Parameters=[@__title_0='?' (Size = 4000)], CommandType='"Text"', CommandTimeout='30']
SELECT `n`.`Id`, `n`.`AlertId`, `n`.`Classification`, `n`.`Content`, `n`.`Lat`, `n`.`Lon`, `n`.`Priority`, `n`.`Source`, `n`.`Status`, `n`.`Timestamp`, `n`.`Title`
FROM `NorthAlerts` AS `n`
WHERE `n`.`Title` = @__title_0
LIMIT 1
2026-10-06 18:29:20 - INF - Executed DbCommand (1ms) [Parameters=[@__title_0='?' (Size = 4000)], CommandType='"Text"', CommandTimeout='30']
SELECT `o`.`Id`, `o`.`AlertId`, `o`.`Classification`, `o`.`Content`, `o`.`Lat`, `o`.`Lon`, `o`.`Priority`, `o`.`Source`, `o`.`Status`, `o`.`Timestamp`, `o`.`Title`
FROM `OverseasAlerts` AS `o`
WHERE `o`.`Title` = @__title_0
LIMIT 1
2026-10-06 18:29:27 - INF - Executed DbCommand (2ms) [Parameters=[@p0='?' (Size = 4000), @p1='?' (Size = 4000), @p2='?' (Size = 4000), @p3='?' (DbType = Double), @p4='?' (DbType = Double), @p5='?' (Size = 4000), @p6='?' (Size = 4000), @p7='?' (Size = 4000), @p8='?' (Size = 4000), @p9='?' (Size = 4000)], CommandType='"Text"', CommandTimeout='30']
INSERT INTO `OverseasAlerts` (`AlertId`, `Classification`, `Content`, `Lat`, `Lon`, `Priority`, `Source`, `Status`, `Timestamp`, `Title`)
VALUES (@p0, @p1, @p2, @p3, @p4, @p5, @p6, @p7, @p8, @p9);
SELECT `Id`
FROM `OverseasAlerts`
WHERE ROW_COUNT() = 1 AND `Id` = LAST_INSERT_ID();
2026-10-06 18:29:27 - INF - Executed DbCommand (1ms) [Parameters=[], CommandType='"Text"', CommandTimeout='30']
SELECT `n`.`Id`, `n`.`AlertId`, `n`.`Classification`, `n`.`Content`, `n`.`Lat`, `n`.`Lon`, `n`.`Priority`, `n`.`Source`, `n`.`Status`, `n`.`Timestamp`, `n`.`Title`
FROM `NorthAlerts` AS `n`
WHERE `n`.`Status` = 'WAITING'
LIMIT 1
2026-10-06 18:29:27 - INF - Executed DbCommand (1ms) [Parameters=[@__title_0='?' (Size = 4000)], CommandType='"Text"', CommandTimeout='30']
SELECT `s`.`Id`, `s`.`AlertId`, `s`.`Classification`, `s`.`Content`, `s`.`Lat`, `s`.`Lon`, `s`.`Priority`, `s`.`Source`, `s`.`Status`, `s`.`Timestamp`, `s`.`Title`
FROM `SouthAlerts` AS `s`
WHERE `s`.`Title` = @__title_0
LIMIT 1
2026-10-06 18:29:27 - INF - Executed DbCommand (1ms) [Parameters=[@__title_0='?' (Size = 4000)], CommandType='"Text"', CommandTimeout='30']
SELECT `c`.`Id`, `c`.`AlertId`, `c`.`Classification`, `c`.`Content`, `c`.`Lat`, `c`.`Lon`, `c`.`Priority`, `c`.`Source`, `c`.`Status`, `c`.`Timestamp`, `c`.`Title`
FROM `CenterAlerts` AS `c`
WHERE `c`.`Title` = @__title_0
LIMIT 1
2026-10-06 18:29:27 - INF - Executed DbCommand (1ms) [Parameters=[@__title_0='?' (Size = 4000)], CommandType='"Text"', CommandTimeout='30']
SELECT `o`.`Id`, `o`.`AlertId`, `o`.`Classification`, `o`.`Content`, `o`.`Lat`, `o`.`Lon`, `o`.`Priority`, `o`.`Source`, `o`.`Status`, `o`.`Timestamp`, `o`.`Title`
FROM `OverseasAlerts` AS `o`
WHERE `o`.`Title` = @__title_0
LIMIT 1
2026-10-06 18:29:27 - FTL - same Alerts to all comands! ירי רקטות וטילים
2026-10-06 18:29:33 - INF - Executed DbCommand (1ms) [Parameters=[@p0='?' (Size = 4000), @p1='?' (Size = 4000), @p2='?' (Size = 4000), @p3='?' (DbType = Double), @p4='?' (DbType = Double), @p5='?' (Size = 4000), @p6='?' (Size = 4000), @p7='?' (Size = 4000), @p8='?' (Size = 4000), @p9='?' (Size = 4000)], CommandType='"Text"', CommandTimeout='30']
INSERT INTO `NorthAlerts` (`AlertId`, `Classification`, `Content`, `Lat`, `Lon`, `Priority`, `Source`, `Status`, `Timestamp`, `Title`)
VALUES (@p0, @p1, @p2, @p3, @p4, @p5, @p6, @p7, @p8, @p9);
SELECT `Id`
FROM `NorthAlerts`
WHERE ROW_COUNT() = 1 AND `Id` = LAST_INSERT_ID();
2026-10-06 18:29:33 - INF - Executed DbCommand (2ms) [Parameters=[], CommandType='"Text"', CommandTimeout='30']
SELECT `c`.`Id`, `c`.`AlertId`, `c`.`Classification`, `c`.`Content`, `c`.`Lat`, `c`.`Lon`, `c`.`Priority`, `c`.`Source`, `c`.`Status`, `c`.`Timestamp`, `c`.`Title`
FROM `CenterAlerts` AS `c`
WHERE `c`.`Status` = 'WAITING'
LIMIT 1
2026-10-06 18:29:33 - INF - Executed DbCommand (1ms) [Parameters=[@__title_0='?' (Size = 4000)], CommandType='"Text"', CommandTimeout='30']
SELECT `s`.`Id`, `s`.`AlertId`, `s`.`Classification`, `s`.`Content`, `s`.`Lat`, `s`.`Lon`, `s`.`Priority`, `s`.`Source`, `s`.`Status`, `s`.`Timestamp`, `s`.`Title`
FROM `SouthAlerts` AS `s`
WHERE `s`.`Title` = @__title_0
LIMIT 1
2026-10-06 18:29:33 - INF - Executed DbCommand (1ms) [Parameters=[@__title_0='?' (Size = 4000)], CommandType='"Text"', CommandTimeout='30']
SELECT `n`.`Id`, `n`.`AlertId`, `n`.`Classification`, `n`.`Content`, `n`.`Lat`, `n`.`Lon`, `n`.`Priority`, `n`.`Source`, `n`.`Status`, `n`.`Timestamp`, `n`.`Title`
FROM `NorthAlerts` AS `n`
WHERE `n`.`Title` = @__title_0
LIMIT 1
2026-10-06 18:29:33 - INF - Executed DbCommand (1ms) [Parameters=[@__title_0='?' (Size = 4000)], CommandType='"Text"', CommandTimeout='30']
SELECT `o`.`Id`, `o`.`AlertId`, `o`.`Classification`, `o`.`Content`, `o`.`Lat`, `o`.`Lon`, `o`.`Priority`, `o`.`Source`, `o`.`Status`, `o`.`Timestamp`, `o`.`Title`
FROM `OverseasAlerts` AS `o`
WHERE `o`.`Title` = @__title_0
LIMIT 1
2026-10-06 18:29:35 - INF - Executed DbCommand (1ms) [Parameters=[@p0='?' (Size = 4000), @p1='?' (Size = 4000), @p2='?' (Size = 4000), @p3='?' (DbType = Double), @p4='?' (DbType = Double), @p5='?' (Size = 4000), @p6='?' (Size = 4000), @p7='?' (Size = 4000), @p8='?' (Size = 4000), @p9='?' (Size = 4000)], CommandType='"Text"', CommandTimeout='30']
INSERT INTO `CenterAlerts` (`AlertId`, `Classification`, `Content`, `Lat`, `Lon`, `Priority`, `Source`, `Status`, `Timestamp`, `Title`)
VALUES (@p0, @p1, @p2, @p3, @p4, @p5, @p6, @p7, @p8, @p9);
SELECT `Id`
FROM `CenterAlerts`
WHERE ROW_COUNT() = 1 AND `Id` = LAST_INSERT_ID();
2026-10-06 18:29:35 - INF - Executed DbCommand (1ms) [Parameters=[], CommandType='"Text"', CommandTimeout='30']
SELECT `s`.`Id`, `s`.`AlertId`, `s`.`Classification`, `s`.`Content`, `s`.`Lat`, `s`.`Lon`, `s`.`Priority`, `s`.`Source`, `s`.`Status`, `s`.`Timestamp`, `s`.`Title`
FROM `SouthAlerts` AS `s`
WHERE `s`.`Status` = 'WAITING'
LIMIT 1
2026-10-06 18:29:35 - INF - Executed DbCommand (1ms) [Parameters=[@__title_0='?' (Size = 4000)], CommandType='"Text"', CommandTimeout='30']
SELECT `c`.`Id`, `c`.`AlertId`, `c`.`Classification`, `c`.`Content`, `c`.`Lat`, `c`.`Lon`, `c`.`Priority`, `c`.`Source`, `c`.`Status`, `c`.`Timestamp`, `c`.`Title`
FROM `CenterAlerts` AS `c`
WHERE `c`.`Title` = @__title_0
LIMIT 1
2026-10-06 18:29:35 - INF - Executed DbCommand (1ms) [Parameters=[@__title_0='?' (Size = 4000)], CommandType='"Text"', CommandTimeout='30']
SELECT `n`.`Id`, `n`.`AlertId`, `n`.`Classification`, `n`.`Content`, `n`.`Lat`, `n`.`Lon`, `n`.`Priority`, `n`.`Source`, `n`.`Status`, `n`.`Timestamp`, `n`.`Title`
FROM `NorthAlerts` AS `n`
WHERE `n`.`Title` = @__title_0
LIMIT 1
2026-10-06 18:29:35 - INF - Executed DbCommand (1ms) [Parameters=[@__title_0='?' (Size = 4000)], CommandType='"Text"', CommandTimeout='30']
SELECT `o`.`Id`, `o`.`AlertId`, `o`.`Classification`, `o`.`Content`, `o`.`Lat`, `o`.`Lon`, `o`.`Priority`, `o`.`Source`, `o`.`Status`, `o`.`Timestamp`, `o`.`Title`
FROM `OverseasAlerts` AS `o`
WHERE `o`.`Title` = @__title_0
LIMIT 1
2026-10-06 18:29:42 - INF - Executed DbCommand (1ms) [Parameters=[@p0='?' (Size = 4000), @p1='?' (Size = 4000), @p2='?' (Size = 4000), @p3='?' (DbType = Double), @p4='?' (DbType = Double), @p5='?' (Size = 4000), @p6='?' (Size = 4000), @p7='?' (Size = 4000), @p8='?' (Size = 4000), @p9='?' (Size = 4000)], CommandType='"Text"', CommandTimeout='30']
INSERT INTO `SouthAlerts` (`AlertId`, `Classification`, `Content`, `Lat`, `Lon`, `Priority`, `Source`, `Status`, `Timestamp`, `Title`)
VALUES (@p0, @p1, @p2, @p3, @p4, @p5, @p6, @p7, @p8, @p9);
SELECT `Id`
FROM `SouthAlerts`
WHERE ROW_COUNT() = 1 AND `Id` = LAST_INSERT_ID();
2026-10-06 18:29:42 - INF - Executed DbCommand (1ms) [Parameters=[], CommandType='"Text"', CommandTimeout='30']
SELECT `o`.`Id`, `o`.`AlertId`, `o`.`Classification`, `o`.`Content`, `o`.`Lat`, `o`.`Lon`, `o`.`Priority`, `o`.`Source`, `o`.`Status`, `o`.`Timestamp`, `o`.`Title`
FROM `OverseasAlerts` AS `o`
WHERE `o`.`Status` = 'WAITING'
LIMIT 1
2026-10-06 18:29:42 - INF - Executed DbCommand (2ms) [Parameters=[@__title_0='?' (Size = 4000)], CommandType='"Text"', CommandTimeout='30']
SELECT `c`.`Id`, `c`.`AlertId`, `c`.`Classification`, `c`.`Content`, `c`.`Lat`, `c`.`Lon`, `c`.`Priority`, `c`.`Source`, `c`.`Status`, `c`.`Timestamp`, `c`.`Title`
FROM `CenterAlerts` AS `c`
WHERE `c`.`Title` = @__title_0
LIMIT 1
2026-10-06 18:29:42 - INF - Executed DbCommand (5ms) [Parameters=[@__title_0='?' (Size = 4000)], CommandType='"Text"', CommandTimeout='30']
SELECT `n`.`Id`, `n`.`AlertId`, `n`.`Classification`, `n`.`Content`, `n`.`Lat`, `n`.`Lon`, `n`.`Priority`, `n`.`Source`, `n`.`Status`, `n`.`Timestamp`, `n`.`Title`
FROM `NorthAlerts` AS `n`
WHERE `n`.`Title` = @__title_0
LIMIT 1
2026-10-06 18:29:42 - INF - Executed DbCommand (5ms) [Parameters=[@__title_0='?' (Size = 4000)], CommandType='"Text"', CommandTimeout='30']
SELECT `o`.`Id`, `o`.`AlertId`, `o`.`Classification`, `o`.`Content`, `o`.`Lat`, `o`.`Lon`, `o`.`Priority`, `o`.`Source`, `o`.`Status`, `o`.`Timestamp`, `o`.`Title`
FROM `OverseasAlerts` AS `o`
WHERE `o`.`Title` = @__title_0
LIMIT 1
2026-10-06 18:29:49 - INF - Executed DbCommand (3ms) [Parameters=[@p0='?' (Size = 4000), @p1='?' (Size = 4000), @p2='?' (Size = 4000), @p3='?' (DbType = Double), @p4='?' (DbType = Double), @p5='?' (Size = 4000), @p6='?' (Size = 4000), @p7='?' (Size = 4000), @p8='?' (Size = 4000), @p9='?' (Size = 4000)], CommandType='"Text"', CommandTimeout='30']
INSERT INTO `OverseasAlerts` (`AlertId`, `Classification`, `Content`, `Lat`, `Lon`, `Priority`, `Source`, `Status`, `Timestamp`, `Title`)
VALUES (@p0, @p1, @p2, @p3, @p4, @p5, @p6, @p7, @p8, @p9);
SELECT `Id`
FROM `OverseasAlerts`
WHERE ROW_COUNT() = 1 AND `Id` = LAST_INSERT_ID();
2026-10-06 18:29:49 - INF - Executed DbCommand (3ms) [Parameters=[], CommandType='"Text"', CommandTimeout='30']
SELECT `n`.`Id`, `n`.`AlertId`, `n`.`Classification`, `n`.`Content`, `n`.`Lat`, `n`.`Lon`, `n`.`Priority`, `n`.`Source`, `n`.`Status`, `n`.`Timestamp`, `n`.`Title`
FROM `NorthAlerts` AS `n`
WHERE `n`.`Status` = 'WAITING'
LIMIT 1
2026-10-06 18:29:49 - INF - Executed DbCommand (3ms) [Parameters=[@__title_0='?' (Size = 4000)], CommandType='"Text"', CommandTimeout='30']
SELECT `s`.`Id`, `s`.`AlertId`, `s`.`Classification`, `s`.`Content`, `s`.`Lat`, `s`.`Lon`, `s`.`Priority`, `s`.`Source`, `s`.`Status`, `s`.`Timestamp`, `s`.`Title`
FROM `SouthAlerts` AS `s`
WHERE `s`.`Title` = @__title_0
LIMIT 1
2026-10-06 18:29:49 - INF - Executed DbCommand (3ms) [Parameters=[@__title_0='?' (Size = 4000)], CommandType='"Text"', CommandTimeout='30']
SELECT `c`.`Id`, `c`.`AlertId`, `c`.`Classification`, `c`.`Content`, `c`.`Lat`, `c`.`Lon`, `c`.`Priority`, `c`.`Source`, `c`.`Status`, `c`.`Timestamp`, `c`.`Title`
FROM `CenterAlerts` AS `c`
WHERE `c`.`Title` = @__title_0
LIMIT 1
2026-10-06 18:29:49 - INF - Executed DbCommand (3ms) [Parameters=[@__title_0='?' (Size = 4000)], CommandType='"Text"', CommandTimeout='30']
SELECT `o`.`Id`, `o`.`AlertId`, `o`.`Classification`, `o`.`Content`, `o`.`Lat`, `o`.`Lon`, `o`.`Priority`, `o`.`Source`, `o`.`Status`, `o`.`Timestamp`, `o`.`Title`
FROM `OverseasAlerts` AS `o`
WHERE `o`.`Title` = @__title_0
LIMIT 1
2026-10-06 18:29:49 - FTL - same Alerts to all comands! ירי רקטות וטילים
2026-10-06 18:29:55 - INF - Executed DbCommand (2ms) [Parameters=[@p0='?' (Size = 4000), @p1='?' (Size = 4000), @p2='?' (Size = 4000), @p3='?' (DbType = Double), @p4='?' (DbType = Double), @p5='?' (Size = 4000), @p6='?' (Size = 4000), @p7='?' (Size = 4000), @p8='?' (Size = 4000), @p9='?' (Size = 4000)], CommandType='"Text"', CommandTimeout='30']
INSERT INTO `NorthAlerts` (`AlertId`, `Classification`, `Content`, `Lat`, `Lon`, `Priority`, `Source`, `Status`, `Timestamp`, `Title`)
VALUES (@p0, @p1, @p2, @p3, @p4, @p5, @p6, @p7, @p8, @p9);
SELECT `Id`
FROM `NorthAlerts`
WHERE ROW_COUNT() = 1 AND `Id` = LAST_INSERT_ID();
2026-10-06 18:29:55 - INF - Executed DbCommand (2ms) [Parameters=[], CommandType='"Text"', CommandTimeout='30']
SELECT `c`.`Id`, `c`.`AlertId`, `c`.`Classification`, `c`.`Content`, `c`.`Lat`, `c`.`Lon`, `c`.`Priority`, `c`.`Source`, `c`.`Status`, `c`.`Timestamp`, `c`.`Title`
FROM `CenterAlerts` AS `c`
WHERE `c`.`Status` = 'WAITING'
LIMIT 1
2026-10-06 18:29:55 - INF - Executed DbCommand (1ms) [Parameters=[@__title_0='?' (Size = 4000)], CommandType='"Text"', CommandTimeout='30']
SELECT `s`.`Id`, `s`.`AlertId`, `s`.`Classification`, `s`.`Content`, `s`.`Lat`, `s`.`Lon`, `s`.`Priority`, `s`.`Source`, `s`.`Status`, `s`.`Timestamp`, `s`.`Title`
FROM `SouthAlerts` AS `s`
WHERE `s`.`Title` = @__title_0
LIMIT 1
2026-10-06 18:29:55 - INF - Executed DbCommand (2ms) [Parameters=[@__title_0='?' (Size = 4000)], CommandType='"Text"', CommandTimeout='30']
SELECT `n`.`Id`, `n`.`AlertId`, `n`.`Classification`, `n`.`Content`, `n`.`Lat`, `n`.`Lon`, `n`.`Priority`, `n`.`Source`, `n`.`Status`, `n`.`Timestamp`, `n`.`Title`
FROM `NorthAlerts` AS `n`
WHERE `n`.`Title` = @__title_0
LIMIT 1
2026-10-06 18:29:55 - INF - Executed DbCommand (1ms) [Parameters=[@__title_0='?' (Size = 4000)], CommandType='"Text"', CommandTimeout='30']
SELECT `o`.`Id`, `o`.`AlertId`, `o`.`Classification`, `o`.`Content`, `o`.`Lat`, `o`.`Lon`, `o`.`Priority`, `o`.`Source`, `o`.`Status`, `o`.`Timestamp`, `o`.`Title`
FROM `OverseasAlerts` AS `o`
WHERE `o`.`Title` = @__title_0
LIMIT 1
2026-10-06 18:29:57 - INF - Executed DbCommand (1ms) [Parameters=[@p0='?' (Size = 4000), @p1='?' (Size = 4000), @p2='?' (Size = 4000), @p3='?' (DbType = Double), @p4='?' (DbType = Double), @p5='?' (Size = 4000), @p6='?' (Size = 4000), @p7='?' (Size = 4000), @p8='?' (Size = 4000), @p9='?' (Size = 4000)], CommandType='"Text"', CommandTimeout='30']
INSERT INTO `CenterAlerts` (`AlertId`, `Classification`, `Content`, `Lat`, `Lon`, `Priority`, `Source`, `Status`, `Timestamp`, `Title`)
VALUES (@p0, @p1, @p2, @p3, @p4, @p5, @p6, @p7, @p8, @p9);
SELECT `Id`
FROM `CenterAlerts`
WHERE ROW_COUNT() = 1 AND `Id` = LAST_INSERT_ID();
2026-10-06 18:29:57 - INF - Executed DbCommand (1ms) [Parameters=[], CommandType='"Text"', CommandTimeout='30']
SELECT `s`.`Id`, `s`.`AlertId`, `s`.`Classification`, `s`.`Content`, `s`.`Lat`, `s`.`Lon`, `s`.`Priority`, `s`.`Source`, `s`.`Status`, `s`.`Timestamp`, `s`.`Title`
FROM `SouthAlerts` AS `s`
WHERE `s`.`Status` = 'WAITING'
LIMIT 1
2026-10-06 18:29:57 - INF - Executed DbCommand (1ms) [Parameters=[@__title_0='?' (Size = 4000)], CommandType='"Text"', CommandTimeout='30']
SELECT `c`.`Id`, `c`.`AlertId`, `c`.`Classification`, `c`.`Content`, `c`.`Lat`, `c`.`Lon`, `c`.`Priority`, `c`.`Source`, `c`.`Status`, `c`.`Timestamp`, `c`.`Title`
FROM `CenterAlerts` AS `c`
WHERE `c`.`Title` = @__title_0
LIMIT 1
2026-10-06 18:29:57 - INF - Executed DbCommand (1ms) [Parameters=[@__title_0='?' (Size = 4000)], CommandType='"Text"', CommandTimeout='30']
SELECT `n`.`Id`, `n`.`AlertId`, `n`.`Classification`, `n`.`Content`, `n`.`Lat`, `n`.`Lon`, `n`.`Priority`, `n`.`Source`, `n`.`Status`, `n`.`Timestamp`, `n`.`Title`
FROM `NorthAlerts` AS `n`
WHERE `n`.`Title` = @__title_0
LIMIT 1
2026-10-06 18:29:57 - INF - Executed DbCommand (1ms) [Parameters=[@__title_0='?' (Size = 4000)], CommandType='"Text"', CommandTimeout='30']
SELECT `o`.`Id`, `o`.`AlertId`, `o`.`Classification`, `o`.`Content`, `o`.`Lat`, `o`.`Lon`, `o`.`Priority`, `o`.`Source`, `o`.`Status`, `o`.`Timestamp`, `o`.`Title`
FROM `OverseasAlerts` AS `o`
WHERE `o`.`Title` = @__title_0
LIMIT 1
2026-10-06 18:30:04 - INF - Executed DbCommand (2ms) [Parameters=[@p0='?' (Size = 4000), @p1='?' (Size = 4000), @p2='?' (Size = 4000), @p3='?' (DbType = Double), @p4='?' (DbType = Double), @p5='?' (Size = 4000), @p6='?' (Size = 4000), @p7='?' (Size = 4000), @p8='?' (Size = 4000), @p9='?' (Size = 4000)], CommandType='"Text"', CommandTimeout='30']
INSERT INTO `SouthAlerts` (`AlertId`, `Classification`, `Content`, `Lat`, `Lon`, `Priority`, `Source`, `Status`, `Timestamp`, `Title`)
VALUES (@p0, @p1, @p2, @p3, @p4, @p5, @p6, @p7, @p8, @p9);
SELECT `Id`
FROM `SouthAlerts`
WHERE ROW_COUNT() = 1 AND `Id` = LAST_INSERT_ID();
2026-10-06 18:30:04 - INF - Executed DbCommand (1ms) [Parameters=[], CommandType='"Text"', CommandTimeout='30']
SELECT `o`.`Id`, `o`.`AlertId`, `o`.`Classification`, `o`.`Content`, `o`.`Lat`, `o`.`Lon`, `o`.`Priority`, `o`.`Source`, `o`.`Status`, `o`.`Timestamp`, `o`.`Title`
FROM `OverseasAlerts` AS `o`
WHERE `o`.`Status` = 'WAITING'
LIMIT 1
2026-10-06 18:30:04 - INF - Executed DbCommand (1ms) [Parameters=[@__title_0='?' (Size = 4000)], CommandType='"Text"', CommandTimeout='30']
SELECT `c`.`Id`, `c`.`AlertId`, `c`.`Classification`, `c`.`Content`, `c`.`Lat`, `c`.`Lon`, `c`.`Priority`, `c`.`Source`, `c`.`Status`, `c`.`Timestamp`, `c`.`Title`
FROM `CenterAlerts` AS `c`
WHERE `c`.`Title` = @__title_0
LIMIT 1
2026-10-06 18:30:04 - INF - Executed DbCommand (1ms) [Parameters=[@__title_0='?' (Size = 4000)], CommandType='"Text"', CommandTimeout='30']
SELECT `n`.`Id`, `n`.`AlertId`, `n`.`Classification`, `n`.`Content`, `n`.`Lat`, `n`.`Lon`, `n`.`Priority`, `n`.`Source`, `n`.`Status`, `n`.`Timestamp`, `n`.`Title`
FROM `NorthAlerts` AS `n`
WHERE `n`.`Title` = @__title_0
LIMIT 1
2026-10-06 18:30:04 - INF - Executed DbCommand (1ms) [Parameters=[@__title_0='?' (Size = 4000)], CommandType='"Text"', CommandTimeout='30']
SELECT `o`.`Id`, `o`.`AlertId`, `o`.`Classification`, `o`.`Content`, `o`.`Lat`, `o`.`Lon`, `o`.`Priority`, `o`.`Source`, `o`.`Status`, `o`.`Timestamp`, `o`.`Title`
FROM `OverseasAlerts` AS `o`
WHERE `o`.`Title` = @__title_0
LIMIT 1
2026-10-06 18:30:11 - INF - Executed DbCommand (1ms) [Parameters=[@p0='?' (Size = 4000), @p1='?' (Size = 4000), @p2='?' (Size = 4000), @p3='?' (DbType = Double), @p4='?' (DbType = Double), @p5='?' (Size = 4000), @p6='?' (Size = 4000), @p7='?' (Size = 4000), @p8='?' (Size = 4000), @p9='?' (Size = 4000)], CommandType='"Text"', CommandTimeout='30']
INSERT INTO `OverseasAlerts` (`AlertId`, `Classification`, `Content`, `Lat`, `Lon`, `Priority`, `Source`, `Status`, `Timestamp`, `Title`)
VALUES (@p0, @p1, @p2, @p3, @p4, @p5, @p6, @p7, @p8, @p9);
SELECT `Id`
FROM `OverseasAlerts`
WHERE ROW_COUNT() = 1 AND `Id` = LAST_INSERT_ID();
2026-10-06 18:30:11 - INF - Executed DbCommand (1ms) [Parameters=[], CommandType='"Text"', CommandTimeout='30']
SELECT `n`.`Id`, `n`.`AlertId`, `n`.`Classification`, `n`.`Content`, `n`.`Lat`, `n`.`Lon`, `n`.`Priority`, `n`.`Source`, `n`.`Status`, `n`.`Timestamp`, `n`.`Title`
FROM `NorthAlerts` AS `n`
WHERE `n`.`Status` = 'WAITING'
LIMIT 1
2026-10-06 18:30:11 - INF - Executed DbCommand (1ms) [Parameters=[@__title_0='?' (Size = 4000)], CommandType='"Text"', CommandTimeout='30']
SELECT `s`.`Id`, `s`.`AlertId`, `s`.`Classification`, `s`.`Content`, `s`.`Lat`, `s`.`Lon`, `s`.`Priority`, `s`.`Source`, `s`.`Status`, `s`.`Timestamp`, `s`.`Title`
FROM `SouthAlerts` AS `s`
WHERE `s`.`Title` = @__title_0
LIMIT 1
2026-10-06 18:30:11 - INF - Executed DbCommand (1ms) [Parameters=[@__title_0='?' (Size = 4000)], CommandType='"Text"', CommandTimeout='30']
SELECT `c`.`Id`, `c`.`AlertId`, `c`.`Classification`, `c`.`Content`, `c`.`Lat`, `c`.`Lon`, `c`.`Priority`, `c`.`Source`, `c`.`Status`, `c`.`Timestamp`, `c`.`Title`
FROM `CenterAlerts` AS `c`
WHERE `c`.`Title` = @__title_0
LIMIT 1
2026-10-06 18:30:11 - INF - Executed DbCommand (1ms) [Parameters=[@__title_0='?' (Size = 4000)], CommandType='"Text"', CommandTimeout='30']
SELECT `o`.`Id`, `o`.`AlertId`, `o`.`Classification`, `o`.`Content`, `o`.`Lat`, `o`.`Lon`, `o`.`Priority`, `o`.`Source`, `o`.`Status`, `o`.`Timestamp`, `o`.`Title`
FROM `OverseasAlerts` AS `o`
WHERE `o`.`Title` = @__title_0
LIMIT 1
2026-10-06 18:30:11 - FTL - same Alerts to all comands! ירי רקטות וטילים
2026-10-06 18:30:17 - INF - Executed DbCommand (1ms) [Parameters=[@p0='?' (Size = 4000), @p1='?' (Size = 4000), @p2='?' (Size = 4000), @p3='?' (DbType = Double), @p4='?' (DbType = Double), @p5='?' (Size = 4000), @p6='?' (Size = 4000), @p7='?' (Size = 4000), @p8='?' (Size = 4000), @p9='?' (Size = 4000)], CommandType='"Text"', CommandTimeout='30']
INSERT INTO `NorthAlerts` (`AlertId`, `Classification`, `Content`, `Lat`, `Lon`, `Priority`, `Source`, `Status`, `Timestamp`, `Title`)
VALUES (@p0, @p1, @p2, @p3, @p4, @p5, @p6, @p7, @p8, @p9);
SELECT `Id`
FROM `NorthAlerts`
WHERE ROW_COUNT() = 1 AND `Id` = LAST_INSERT_ID();
2026-10-06 18:30:17 - INF - Executed DbCommand (1ms) [Parameters=[], CommandType='"Text"', CommandTimeout='30']
SELECT `c`.`Id`, `c`.`AlertId`, `c`.`Classification`, `c`.`Content`, `c`.`Lat`, `c`.`Lon`, `c`.`Priority`, `c`.`Source`, `c`.`Status`, `c`.`Timestamp`, `c`.`Title`
FROM `CenterAlerts` AS `c`
WHERE `c`.`Status` = 'WAITING'
LIMIT 1
2026-10-06 18:30:17 - INF - Executed DbCommand (1ms) [Parameters=[@__title_0='?' (Size = 4000)], CommandType='"Text"', CommandTimeout='30']
SELECT `s`.`Id`, `s`.`AlertId`, `s`.`Classification`, `s`.`Content`, `s`.`Lat`, `s`.`Lon`, `s`.`Priority`, `s`.`Source`, `s`.`Status`, `s`.`Timestamp`, `s`.`Title`
FROM `SouthAlerts` AS `s`
WHERE `s`.`Title` = @__title_0
LIMIT 1
2026-10-06 18:30:17 - INF - Executed DbCommand (1ms) [Parameters=[@__title_0='?' (Size = 4000)], CommandType='"Text"', CommandTimeout='30']
SELECT `n`.`Id`, `n`.`AlertId`, `n`.`Classification`, `n`.`Content`, `n`.`Lat`, `n`.`Lon`, `n`.`Priority`, `n`.`Source`, `n`.`Status`, `n`.`Timestamp`, `n`.`Title`
FROM `NorthAlerts` AS `n`
WHERE `n`.`Title` = @__title_0
LIMIT 1
2026-10-06 18:30:17 - INF - Executed DbCommand (1ms) [Parameters=[@__title_0='?' (Size = 4000)], CommandType='"Text"', CommandTimeout='30']
SELECT `o`.`Id`, `o`.`AlertId`, `o`.`Classification`, `o`.`Content`, `o`.`Lat`, `o`.`Lon`, `o`.`Priority`, `o`.`Source`, `o`.`Status`, `o`.`Timestamp`, `o`.`Title`
FROM `OverseasAlerts` AS `o`
WHERE `o`.`Title` = @__title_0
LIMIT 1
2026-10-06 18:30:19 - INF - Executed DbCommand (1ms) [Parameters=[@p0='?' (Size = 4000), @p1='?' (Size = 4000), @p2='?' (Size = 4000), @p3='?' (DbType = Double), @p4='?' (DbType = Double), @p5='?' (Size = 4000), @p6='?' (Size = 4000), @p7='?' (Size = 4000), @p8='?' (Size = 4000), @p9='?' (Size = 4000)], CommandType='"Text"', CommandTimeout='30']
INSERT INTO `CenterAlerts` (`AlertId`, `Classification`, `Content`, `Lat`, `Lon`, `Priority`, `Source`, `Status`, `Timestamp`, `Title`)
VALUES (@p0, @p1, @p2, @p3, @p4, @p5, @p6, @p7, @p8, @p9);
SELECT `Id`
FROM `CenterAlerts`
WHERE ROW_COUNT() = 1 AND `Id` = LAST_INSERT_ID();
2026-10-06 18:30:20 - INF - Executed DbCommand (2ms) [Parameters=[], CommandType='"Text"', CommandTimeout='30']
SELECT `s`.`Id`, `s`.`AlertId`, `s`.`Classification`, `s`.`Content`, `s`.`Lat`, `s`.`Lon`, `s`.`Priority`, `s`.`Source`, `s`.`Status`, `s`.`Timestamp`, `s`.`Title`
FROM `SouthAlerts` AS `s`
WHERE `s`.`Status` = 'WAITING'
LIMIT 1
2026-10-06 18:30:20 - INF - Executed DbCommand (1ms) [Parameters=[@__title_0='?' (Size = 4000)], CommandType='"Text"', CommandTimeout='30']
SELECT `c`.`Id`, `c`.`AlertId`, `c`.`Classification`, `c`.`Content`, `c`.`Lat`, `c`.`Lon`, `c`.`Priority`, `c`.`Source`, `c`.`Status`, `c`.`Timestamp`, `c`.`Title`
FROM `CenterAlerts` AS `c`
WHERE `c`.`Title` = @__title_0
LIMIT 1
2026-10-06 18:30:20 - INF - Executed DbCommand (1ms) [Parameters=[@__title_0='?' (Size = 4000)], CommandType='"Text"', CommandTimeout='30']
SELECT `n`.`Id`, `n`.`AlertId`, `n`.`Classification`, `n`.`Content`, `n`.`Lat`, `n`.`Lon`, `n`.`Priority`, `n`.`Source`, `n`.`Status`, `n`.`Timestamp`, `n`.`Title`
FROM `NorthAlerts` AS `n`
WHERE `n`.`Title` = @__title_0
LIMIT 1
2026-10-06 18:30:20 - INF - Executed DbCommand (1ms) [Parameters=[@__title_0='?' (Size = 4000)], CommandType='"Text"', CommandTimeout='30']
SELECT `o`.`Id`, `o`.`AlertId`, `o`.`Classification`, `o`.`Content`, `o`.`Lat`, `o`.`Lon`, `o`.`Priority`, `o`.`Source`, `o`.`Status`, `o`.`Timestamp`, `o`.`Title`
FROM `OverseasAlerts` AS `o`
WHERE `o`.`Title` = @__title_0
LIMIT 1
2026-10-06 18:30:27 - INF - Executed DbCommand (2ms) [Parameters=[@p0='?' (Size = 4000), @p1='?' (Size = 4000), @p2='?' (Size = 4000), @p3='?' (DbType = Double), @p4='?' (DbType = Double), @p5='?' (Size = 4000), @p6='?' (Size = 4000), @p7='?' (Size = 4000), @p8='?' (Size = 4000), @p9='?' (Size = 4000)], CommandType='"Text"', CommandTimeout='30']
INSERT INTO `SouthAlerts` (`AlertId`, `Classification`, `Content`, `Lat`, `Lon`, `Priority`, `Source`, `Status`, `Timestamp`, `Title`)
VALUES (@p0, @p1, @p2, @p3, @p4, @p5, @p6, @p7, @p8, @p9);
SELECT `Id`
FROM `SouthAlerts`
WHERE ROW_COUNT() = 1 AND `Id` = LAST_INSERT_ID();
2026-10-06 18:30:27 - INF - Executed DbCommand (1ms) [Parameters=[], CommandType='"Text"', CommandTimeout='30']
SELECT `o`.`Id`, `o`.`AlertId`, `o`.`Classification`, `o`.`Content`, `o`.`Lat`, `o`.`Lon`, `o`.`Priority`, `o`.`Source`, `o`.`Status`, `o`.`Timestamp`, `o`.`Title`
FROM `OverseasAlerts` AS `o`
WHERE `o`.`Status` = 'WAITING'
LIMIT 1
2026-10-06 18:30:27 - INF - Executed DbCommand (1ms) [Parameters=[@__title_0='?' (Size = 4000)], CommandType='"Text"', CommandTimeout='30']
SELECT `c`.`Id`, `c`.`AlertId`, `c`.`Classification`, `c`.`Content`, `c`.`Lat`, `c`.`Lon`, `c`.`Priority`, `c`.`Source`, `c`.`Status`, `c`.`Timestamp`, `c`.`Title`
FROM `CenterAlerts` AS `c`
WHERE `c`.`Title` = @__title_0
LIMIT 1
2026-10-06 18:30:27 - INF - Executed DbCommand (1ms) [Parameters=[@__title_0='?' (Size = 4000)], CommandType='"Text"', CommandTimeout='30']
SELECT `n`.`Id`, `n`.`AlertId`, `n`.`Classification`, `n`.`Content`, `n`.`Lat`, `n`.`Lon`, `n`.`Priority`, `n`.`Source`, `n`.`Status`, `n`.`Timestamp`, `n`.`Title`
FROM `NorthAlerts` AS `n`
WHERE `n`.`Title` = @__title_0
LIMIT 1
2026-10-06 18:30:27 - INF - Executed DbCommand (1ms) [Parameters=[@__title_0='?' (Size = 4000)], CommandType='"Text"', CommandTimeout='30']
SELECT `o`.`Id`, `o`.`AlertId`, `o`.`Classification`, `o`.`Content`, `o`.`Lat`, `o`.`Lon`, `o`.`Priority`, `o`.`Source`, `o`.`Status`, `o`.`Timestamp`, `o`.`Title`
FROM `OverseasAlerts` AS `o`
WHERE `o`.`Title` = @__title_0
LIMIT 1
2026-10-06 18:30:34 - INF - Executed DbCommand (1ms) [Parameters=[@p0='?' (Size = 4000), @p1='?' (Size = 4000), @p2='?' (Size = 4000), @p3='?' (DbType = Double), @p4='?' (DbType = Double), @p5='?' (Size = 4000), @p6='?' (Size = 4000), @p7='?' (Size = 4000), @p8='?' (Size = 4000), @p9='?' (Size = 4000)], CommandType='"Text"', CommandTimeout='30']
INSERT INTO `OverseasAlerts` (`AlertId`, `Classification`, `Content`, `Lat`, `Lon`, `Priority`, `Source`, `Status`, `Timestamp`, `Title`)
VALUES (@p0, @p1, @p2, @p3, @p4, @p5, @p6, @p7, @p8, @p9);
SELECT `Id`
FROM `OverseasAlerts`
WHERE ROW_COUNT() = 1 AND `Id` = LAST_INSERT_ID();
2026-10-06 18:30:34 - INF - Executed DbCommand (1ms) [Parameters=[], CommandType='"Text"', CommandTimeout='30']
SELECT `n`.`Id`, `n`.`AlertId`, `n`.`Classification`, `n`.`Content`, `n`.`Lat`, `n`.`Lon`, `n`.`Priority`, `n`.`Source`, `n`.`Status`, `n`.`Timestamp`, `n`.`Title`
FROM `NorthAlerts` AS `n`
WHERE `n`.`Status` = 'WAITING'
LIMIT 1
2026-10-06 18:30:34 - INF - Executed DbCommand (1ms) [Parameters=[@__title_0='?' (Size = 4000)], CommandType='"Text"', CommandTimeout='30']
SELECT `s`.`Id`, `s`.`AlertId`, `s`.`Classification`, `s`.`Content`, `s`.`Lat`, `s`.`Lon`, `s`.`Priority`, `s`.`Source`, `s`.`Status`, `s`.`Timestamp`, `s`.`Title`
FROM `SouthAlerts` AS `s`
WHERE `s`.`Title` = @__title_0
LIMIT 1
2026-10-06 18:30:34 - INF - Executed DbCommand (1ms) [Parameters=[@__title_0='?' (Size = 4000)], CommandType='"Text"', CommandTimeout='30']
SELECT `c`.`Id`, `c`.`AlertId`, `c`.`Classification`, `c`.`Content`, `c`.`Lat`, `c`.`Lon`, `c`.`Priority`, `c`.`Source`, `c`.`Status`, `c`.`Timestamp`, `c`.`Title`
FROM `CenterAlerts` AS `c`
WHERE `c`.`Title` = @__title_0
LIMIT 1
2026-10-06 18:30:34 - INF - Executed DbCommand (1ms) [Parameters=[@__title_0='?' (Size = 4000)], CommandType='"Text"', CommandTimeout='30']
SELECT `o`.`Id`, `o`.`AlertId`, `o`.`Classification`, `o`.`Content`, `o`.`Lat`, `o`.`Lon`, `o`.`Priority`, `o`.`Source`, `o`.`Status`, `o`.`Timestamp`, `o`.`Title`
FROM `OverseasAlerts` AS `o`
WHERE `o`.`Title` = @__title_0
LIMIT 1
2026-10-06 18:30:34 - FTL - same Alerts to all comands! ירי רקטות וטילים
2026-10-06 18:30:40 - INF - Executed DbCommand (2ms) [Parameters=[@p0='?' (Size = 4000), @p1='?' (Size = 4000), @p2='?' (Size = 4000), @p3='?' (DbType = Double), @p4='?' (DbType = Double), @p5='?' (Size = 4000), @p6='?' (Size = 4000), @p7='?' (Size = 4000), @p8='?' (Size = 4000), @p9='?' (Size = 4000)], CommandType='"Text"', CommandTimeout='30']
INSERT INTO `NorthAlerts` (`AlertId`, `Classification`, `Content`, `Lat`, `Lon`, `Priority`, `Source`, `Status`, `Timestamp`, `Title`)
VALUES (@p0, @p1, @p2, @p3, @p4, @p5, @p6, @p7, @p8, @p9);
SELECT `Id`
FROM `NorthAlerts`
WHERE ROW_COUNT() = 1 AND `Id` = LAST_INSERT_ID();
2026-10-06 18:30:40 - INF - Executed DbCommand (2ms) [Parameters=[], CommandType='"Text"', CommandTimeout='30']
SELECT `c`.`Id`, `c`.`AlertId`, `c`.`Classification`, `c`.`Content`, `c`.`Lat`, `c`.`Lon`, `c`.`Priority`, `c`.`Source`, `c`.`Status`, `c`.`Timestamp`, `c`.`Title`
FROM `CenterAlerts` AS `c`
WHERE `c`.`Status` = 'WAITING'
LIMIT 1
2026-10-06 18:30:40 - INF - Executed DbCommand (4ms) [Parameters=[@__title_0='?' (Size = 4000)], CommandType='"Text"', CommandTimeout='30']
SELECT `s`.`Id`, `s`.`AlertId`, `s`.`Classification`, `s`.`Content`, `s`.`Lat`, `s`.`Lon`, `s`.`Priority`, `s`.`Source`, `s`.`Status`, `s`.`Timestamp`, `s`.`Title`
FROM `SouthAlerts` AS `s`
WHERE `s`.`Title` = @__title_0
LIMIT 1
2026-10-06 18:30:40 - INF - Executed DbCommand (2ms) [Parameters=[@__title_0='?' (Size = 4000)], CommandType='"Text"', CommandTimeout='30']
SELECT `n`.`Id`, `n`.`AlertId`, `n`.`Classification`, `n`.`Content`, `n`.`Lat`, `n`.`Lon`, `n`.`Priority`, `n`.`Source`, `n`.`Status`, `n`.`Timestamp`, `n`.`Title`
FROM `NorthAlerts` AS `n`
WHERE `n`.`Title` = @__title_0
LIMIT 1
2026-10-06 18:30:40 - INF - Executed DbCommand (2ms) [Parameters=[@__title_0='?' (Size = 4000)], CommandType='"Text"', CommandTimeout='30']
SELECT `o`.`Id`, `o`.`AlertId`, `o`.`Classification`, `o`.`Content`, `o`.`Lat`, `o`.`Lon`, `o`.`Priority`, `o`.`Source`, `o`.`Status`, `o`.`Timestamp`, `o`.`Title`
FROM `OverseasAlerts` AS `o`
WHERE `o`.`Title` = @__title_0
LIMIT 1
2026-10-06 18:30:42 - INF - Executed DbCommand (3ms) [Parameters=[@p0='?' (Size = 4000), @p1='?' (Size = 4000), @p2='?' (Size = 4000), @p3='?' (DbType = Double), @p4='?' (DbType = Double), @p5='?' (Size = 4000), @p6='?' (Size = 4000), @p7='?' (Size = 4000), @p8='?' (Size = 4000), @p9='?' (Size = 4000)], CommandType='"Text"', CommandTimeout='30']
INSERT INTO `CenterAlerts` (`AlertId`, `Classification`, `Content`, `Lat`, `Lon`, `Priority`, `Source`, `Status`, `Timestamp`, `Title`)
VALUES (@p0, @p1, @p2, @p3, @p4, @p5, @p6, @p7, @p8, @p9);
SELECT `Id`
FROM `CenterAlerts`
WHERE ROW_COUNT() = 1 AND `Id` = LAST_INSERT_ID();
2026-10-06 18:30:42 - INF - Executed DbCommand (2ms) [Parameters=[], CommandType='"Text"', CommandTimeout='30']
SELECT `s`.`Id`, `s`.`AlertId`, `s`.`Classification`, `s`.`Content`, `s`.`Lat`, `s`.`Lon`, `s`.`Priority`, `s`.`Source`, `s`.`Status`, `s`.`Timestamp`, `s`.`Title`
FROM `SouthAlerts` AS `s`
WHERE `s`.`Status` = 'WAITING'
LIMIT 1
2026-10-06 18:30:42 - INF - Executed DbCommand (2ms) [Parameters=[@__title_0='?' (Size = 4000)], CommandType='"Text"', CommandTimeout='30']
SELECT `c`.`Id`, `c`.`AlertId`, `c`.`Classification`, `c`.`Content`, `c`.`Lat`, `c`.`Lon`, `c`.`Priority`, `c`.`Source`, `c`.`Status`, `c`.`Timestamp`, `c`.`Title`
FROM `CenterAlerts` AS `c`
WHERE `c`.`Title` = @__title_0
LIMIT 1
2026-10-06 18:30:42 - INF - Executed DbCommand (2ms) [Parameters=[@__title_0='?' (Size = 4000)], CommandType='"Text"', CommandTimeout='30']
SELECT `n`.`Id`, `n`.`AlertId`, `n`.`Classification`, `n`.`Content`, `n`.`Lat`, `n`.`Lon`, `n`.`Priority`, `n`.`Source`, `n`.`Status`, `n`.`Timestamp`, `n`.`Title`
FROM `NorthAlerts` AS `n`
WHERE `n`.`Title` = @__title_0
LIMIT 1
2026-10-06 18:30:42 - INF - Executed DbCommand (2ms) [Parameters=[@__title_0='?' (Size = 4000)], CommandType='"Text"', CommandTimeout='30']
SELECT `o`.`Id`, `o`.`AlertId`, `o`.`Classification`, `o`.`Content`, `o`.`Lat`, `o`.`Lon`, `o`.`Priority`, `o`.`Source`, `o`.`Status`, `o`.`Timestamp`, `o`.`Title`
FROM `OverseasAlerts` AS `o`
WHERE `o`.`Title` = @__title_0
LIMIT 1
2026-10-06 18:30:49 - INF - Executed DbCommand (1ms) [Parameters=[@p0='?' (Size = 4000), @p1='?' (Size = 4000), @p2='?' (Size = 4000), @p3='?' (DbType = Double), @p4='?' (DbType = Double), @p5='?' (Size = 4000), @p6='?' (Size = 4000), @p7='?' (Size = 4000), @p8='?' (Size = 4000), @p9='?' (Size = 4000)], CommandType='"Text"', CommandTimeout='30']
INSERT INTO `SouthAlerts` (`AlertId`, `Classification`, `Content`, `Lat`, `Lon`, `Priority`, `Source`, `Status`, `Timestamp`, `Title`)
VALUES (@p0, @p1, @p2, @p3, @p4, @p5, @p6, @p7, @p8, @p9);
SELECT `Id`
FROM `SouthAlerts`
WHERE ROW_COUNT() = 1 AND `Id` = LAST_INSERT_ID();
2026-10-06 18:30:49 - INF - Executed DbCommand (1ms) [Parameters=[], CommandType='"Text"', CommandTimeout='30']
SELECT `o`.`Id`, `o`.`AlertId`, `o`.`Classification`, `o`.`Content`, `o`.`Lat`, `o`.`Lon`, `o`.`Priority`, `o`.`Source`, `o`.`Status`, `o`.`Timestamp`, `o`.`Title`
FROM `OverseasAlerts` AS `o`
WHERE `o`.`Status` = 'WAITING'
LIMIT 1
2026-10-06 18:30:49 - INF - Executed DbCommand (1ms) [Parameters=[@__title_0='?' (Size = 4000)], CommandType='"Text"', CommandTimeout='30']
SELECT `c`.`Id`, `c`.`AlertId`, `c`.`Classification`, `c`.`Content`, `c`.`Lat`, `c`.`Lon`, `c`.`Priority`, `c`.`Source`, `c`.`Status`, `c`.`Timestamp`, `c`.`Title`
FROM `CenterAlerts` AS `c`
WHERE `c`.`Title` = @__title_0
LIMIT 1
2026-10-06 18:30:49 - INF - Executed DbCommand (1ms) [Parameters=[@__title_0='?' (Size = 4000)], CommandType='"Text"', CommandTimeout='30']
SELECT `n`.`Id`, `n`.`AlertId`, `n`.`Classification`, `n`.`Content`, `n`.`Lat`, `n`.`Lon`, `n`.`Priority`, `n`.`Source`, `n`.`Status`, `n`.`Timestamp`, `n`.`Title`
FROM `NorthAlerts` AS `n`
WHERE `n`.`Title` = @__title_0
LIMIT 1
2026-10-06 18:30:49 - INF - Executed DbCommand (1ms) [Parameters=[@__title_0='?' (Size = 4000)], CommandType='"Text"', CommandTimeout='30']
SELECT `o`.`Id`, `o`.`AlertId`, `o`.`Classification`, `o`.`Content`, `o`.`Lat`, `o`.`Lon`, `o`.`Priority`, `o`.`Source`, `o`.`Status`, `o`.`Timestamp`, `o`.`Title`
FROM `OverseasAlerts` AS `o`
WHERE `o`.`Title` = @__title_0
LIMIT 1
2026-10-06 18:30:56 - INF - Executed DbCommand (2ms) [Parameters=[@p0='?' (Size = 4000), @p1='?' (Size = 4000), @p2='?' (Size = 4000), @p3='?' (DbType = Double), @p4='?' (DbType = Double), @p5='?' (Size = 4000), @p6='?' (Size = 4000), @p7='?' (Size = 4000), @p8='?' (Size = 4000), @p9='?' (Size = 4000)], CommandType='"Text"', CommandTimeout='30']
INSERT INTO `OverseasAlerts` (`AlertId`, `Classification`, `Content`, `Lat`, `Lon`, `Priority`, `Source`, `Status`, `Timestamp`, `Title`)
VALUES (@p0, @p1, @p2, @p3, @p4, @p5, @p6, @p7, @p8, @p9);
SELECT `Id`
FROM `OverseasAlerts`
WHERE ROW_COUNT() = 1 AND `Id` = LAST_INSERT_ID();
2026-10-06 18:30:56 - INF - Executed DbCommand (1ms) [Parameters=[], CommandType='"Text"', CommandTimeout='30']
SELECT `n`.`Id`, `n`.`AlertId`, `n`.`Classification`, `n`.`Content`, `n`.`Lat`, `n`.`Lon`, `n`.`Priority`, `n`.`Source`, `n`.`Status`, `n`.`Timestamp`, `n`.`Title`
FROM `NorthAlerts` AS `n`
WHERE `n`.`Status` = 'WAITING'
LIMIT 1
2026-10-06 18:30:56 - INF - Executed DbCommand (1ms) [Parameters=[@__title_0='?' (Size = 4000)], CommandType='"Text"', CommandTimeout='30']
SELECT `s`.`Id`, `s`.`AlertId`, `s`.`Classification`, `s`.`Content`, `s`.`Lat`, `s`.`Lon`, `s`.`Priority`, `s`.`Source`, `s`.`Status`, `s`.`Timestamp`, `s`.`Title`
FROM `SouthAlerts` AS `s`
WHERE `s`.`Title` = @__title_0
LIMIT 1
2026-10-06 18:30:56 - INF - Executed DbCommand (1ms) [Parameters=[@__title_0='?' (Size = 4000)], CommandType='"Text"', CommandTimeout='30']
SELECT `c`.`Id`, `c`.`AlertId`, `c`.`Classification`, `c`.`Content`, `c`.`Lat`, `c`.`Lon`, `c`.`Priority`, `c`.`Source`, `c`.`Status`, `c`.`Timestamp`, `c`.`Title`
FROM `CenterAlerts` AS `c`
WHERE `c`.`Title` = @__title_0
LIMIT 1
2026-10-06 18:30:56 - INF - Executed DbCommand (1ms) [Parameters=[@__title_0='?' (Size = 4000)], CommandType='"Text"', CommandTimeout='30']
SELECT `o`.`Id`, `o`.`AlertId`, `o`.`Classification`, `o`.`Content`, `o`.`Lat`, `o`.`Lon`, `o`.`Priority`, `o`.`Source`, `o`.`Status`, `o`.`Timestamp`, `o`.`Title`
FROM `OverseasAlerts` AS `o`
WHERE `o`.`Title` = @__title_0
LIMIT 1
2026-10-06 18:30:56 - FTL - same Alerts to all comands! ירי רקטות וטילים
2026-10-06 18:31:02 - INF - Executed DbCommand (5ms) [Parameters=[@p0='?' (Size = 4000), @p1='?' (Size = 4000), @p2='?' (Size = 4000), @p3='?' (DbType = Double), @p4='?' (DbType = Double), @p5='?' (Size = 4000), @p6='?' (Size = 4000), @p7='?' (Size = 4000), @p8='?' (Size = 4000), @p9='?' (Size = 4000)], CommandType='"Text"', CommandTimeout='30']
INSERT INTO `NorthAlerts` (`AlertId`, `Classification`, `Content`, `Lat`, `Lon`, `Priority`, `Source`, `Status`, `Timestamp`, `Title`)
VALUES (@p0, @p1, @p2, @p3, @p4, @p5, @p6, @p7, @p8, @p9);
SELECT `Id`
FROM `NorthAlerts`
WHERE ROW_COUNT() = 1 AND `Id` = LAST_INSERT_ID();
2026-10-06 18:31:02 - INF - Executed DbCommand (5ms) [Parameters=[], CommandType='"Text"', CommandTimeout='30']
SELECT `c`.`Id`, `c`.`AlertId`, `c`.`Classification`, `c`.`Content`, `c`.`Lat`, `c`.`Lon`, `c`.`Priority`, `c`.`Source`, `c`.`Status`, `c`.`Timestamp`, `c`.`Title`
FROM `CenterAlerts` AS `c`
WHERE `c`.`Status` = 'WAITING'
LIMIT 1
2026-10-06 18:31:02 - INF - Executed DbCommand (5ms) [Parameters=[@__title_0='?' (Size = 4000)], CommandType='"Text"', CommandTimeout='30']
SELECT `s`.`Id`, `s`.`AlertId`, `s`.`Classification`, `s`.`Content`, `s`.`Lat`, `s`.`Lon`, `s`.`Priority`, `s`.`Source`, `s`.`Status`, `s`.`Timestamp`, `s`.`Title`
FROM `SouthAlerts` AS `s`
WHERE `s`.`Title` = @__title_0
LIMIT 1
2026-10-06 18:31:02 - INF - Executed DbCommand (4ms) [Parameters=[@__title_0='?' (Size = 4000)], CommandType='"Text"', CommandTimeout='30']
SELECT `n`.`Id`, `n`.`AlertId`, `n`.`Classification`, `n`.`Content`, `n`.`Lat`, `n`.`Lon`, `n`.`Priority`, `n`.`Source`, `n`.`Status`, `n`.`Timestamp`, `n`.`Title`
FROM `NorthAlerts` AS `n`
WHERE `n`.`Title` = @__title_0
LIMIT 1
2026-10-06 18:31:02 - INF - Executed DbCommand (5ms) [Parameters=[@__title_0='?' (Size = 4000)], CommandType='"Text"', CommandTimeout='30']
SELECT `o`.`Id`, `o`.`AlertId`, `o`.`Classification`, `o`.`Content`, `o`.`Lat`, `o`.`Lon`, `o`.`Priority`, `o`.`Source`, `o`.`Status`, `o`.`Timestamp`, `o`.`Title`
FROM `OverseasAlerts` AS `o`
WHERE `o`.`Title` = @__title_0
LIMIT 1
2026-10-06 18:31:04 - INF - Executed DbCommand (3ms) [Parameters=[@p0='?' (Size = 4000), @p1='?' (Size = 4000), @p2='?' (Size = 4000), @p3='?' (DbType = Double), @p4='?' (DbType = Double), @p5='?' (Size = 4000), @p6='?' (Size = 4000), @p7='?' (Size = 4000), @p8='?' (Size = 4000), @p9='?' (Size = 4000)], CommandType='"Text"', CommandTimeout='30']
INSERT INTO `CenterAlerts` (`AlertId`, `Classification`, `Content`, `Lat`, `Lon`, `Priority`, `Source`, `Status`, `Timestamp`, `Title`)
VALUES (@p0, @p1, @p2, @p3, @p4, @p5, @p6, @p7, @p8, @p9);
SELECT `Id`
FROM `CenterAlerts`
WHERE ROW_COUNT() = 1 AND `Id` = LAST_INSERT_ID();
2026-10-06 18:31:04 - INF - Executed DbCommand (2ms) [Parameters=[], CommandType='"Text"', CommandTimeout='30']
SELECT `s`.`Id`, `s`.`AlertId`, `s`.`Classification`, `s`.`Content`, `s`.`Lat`, `s`.`Lon`, `s`.`Priority`, `s`.`Source`, `s`.`Status`, `s`.`Timestamp`, `s`.`Title`
FROM `SouthAlerts` AS `s`
WHERE `s`.`Status` = 'WAITING'
LIMIT 1
2026-10-06 18:31:04 - INF - Executed DbCommand (2ms) [Parameters=[@__title_0='?' (Size = 4000)], CommandType='"Text"', CommandTimeout='30']
SELECT `c`.`Id`, `c`.`AlertId`, `c`.`Classification`, `c`.`Content`, `c`.`Lat`, `c`.`Lon`, `c`.`Priority`, `c`.`Source`, `c`.`Status`, `c`.`Timestamp`, `c`.`Title`
FROM `CenterAlerts` AS `c`
WHERE `c`.`Title` = @__title_0
LIMIT 1
2026-10-06 18:31:04 - INF - Executed DbCommand (3ms) [Parameters=[@__title_0='?' (Size = 4000)], CommandType='"Text"', CommandTimeout='30']
SELECT `n`.`Id`, `n`.`AlertId`, `n`.`Classification`, `n`.`Content`, `n`.`Lat`, `n`.`Lon`, `n`.`Priority`, `n`.`Source`, `n`.`Status`, `n`.`Timestamp`, `n`.`Title`
FROM `NorthAlerts` AS `n`
WHERE `n`.`Title` = @__title_0
LIMIT 1
2026-10-06 18:31:04 - INF - Executed DbCommand (2ms) [Parameters=[@__title_0='?' (Size = 4000)], CommandType='"Text"', CommandTimeout='30']
SELECT `o`.`Id`, `o`.`AlertId`, `o`.`Classification`, `o`.`Content`, `o`.`Lat`, `o`.`Lon`, `o`.`Priority`, `o`.`Source`, `o`.`Status`, `o`.`Timestamp`, `o`.`Title`
FROM `OverseasAlerts` AS `o`
WHERE `o`.`Title` = @__title_0
LIMIT 1
2026-10-06 18:31:11 - INF - Executed DbCommand (2ms) [Parameters=[@p0='?' (Size = 4000), @p1='?' (Size = 4000), @p2='?' (Size = 4000), @p3='?' (DbType = Double), @p4='?' (DbType = Double), @p5='?' (Size = 4000), @p6='?' (Size = 4000), @p7='?' (Size = 4000), @p8='?' (Size = 4000), @p9='?' (Size = 4000)], CommandType='"Text"', CommandTimeout='30']
INSERT INTO `SouthAlerts` (`AlertId`, `Classification`, `Content`, `Lat`, `Lon`, `Priority`, `Source`, `Status`, `Timestamp`, `Title`)
VALUES (@p0, @p1, @p2, @p3, @p4, @p5, @p6, @p7, @p8, @p9);
SELECT `Id`
FROM `SouthAlerts`
WHERE ROW_COUNT() = 1 AND `Id` = LAST_INSERT_ID();
2026-10-06 18:31:11 - INF - Executed DbCommand (1ms) [Parameters=[], CommandType='"Text"', CommandTimeout='30']
SELECT `o`.`Id`, `o`.`AlertId`, `o`.`Classification`, `o`.`Content`, `o`.`Lat`, `o`.`Lon`, `o`.`Priority`, `o`.`Source`, `o`.`Status`, `o`.`Timestamp`, `o`.`Title`
FROM `OverseasAlerts` AS `o`
WHERE `o`.`Status` = 'WAITING'
LIMIT 1
2026-10-06 18:31:11 - INF - Executed DbCommand (1ms) [Parameters=[@__title_0='?' (Size = 4000)], CommandType='"Text"', CommandTimeout='30']
SELECT `c`.`Id`, `c`.`AlertId`, `c`.`Classification`, `c`.`Content`, `c`.`Lat`, `c`.`Lon`, `c`.`Priority`, `c`.`Source`, `c`.`Status`, `c`.`Timestamp`, `c`.`Title`
FROM `CenterAlerts` AS `c`
WHERE `c`.`Title` = @__title_0
LIMIT 1
2026-10-06 18:31:11 - INF - Executed DbCommand (2ms) [Parameters=[@__title_0='?' (Size = 4000)], CommandType='"Text"', CommandTimeout='30']
SELECT `n`.`Id`, `n`.`AlertId`, `n`.`Classification`, `n`.`Content`, `n`.`Lat`, `n`.`Lon`, `n`.`Priority`, `n`.`Source`, `n`.`Status`, `n`.`Timestamp`, `n`.`Title`
FROM `NorthAlerts` AS `n`
WHERE `n`.`Title` = @__title_0
LIMIT 1
2026-10-06 18:31:11 - INF - Executed DbCommand (1ms) [Parameters=[@__title_0='?' (Size = 4000)], CommandType='"Text"', CommandTimeout='30']
SELECT `o`.`Id`, `o`.`AlertId`, `o`.`Classification`, `o`.`Content`, `o`.`Lat`, `o`.`Lon`, `o`.`Priority`, `o`.`Source`, `o`.`Status`, `o`.`Timestamp`, `o`.`Title`
FROM `OverseasAlerts` AS `o`
WHERE `o`.`Title` = @__title_0
LIMIT 1
2026-10-06 18:31:18 - INF - Executed DbCommand (3ms) [Parameters=[@p0='?' (Size = 4000), @p1='?' (Size = 4000), @p2='?' (Size = 4000), @p3='?' (DbType = Double), @p4='?' (DbType = Double), @p5='?' (Size = 4000), @p6='?' (Size = 4000), @p7='?' (Size = 4000), @p8='?' (Size = 4000), @p9='?' (Size = 4000)], CommandType='"Text"', CommandTimeout='30']
INSERT INTO `OverseasAlerts` (`AlertId`, `Classification`, `Content`, `Lat`, `Lon`, `Priority`, `Source`, `Status`, `Timestamp`, `Title`)
VALUES (@p0, @p1, @p2, @p3, @p4, @p5, @p6, @p7, @p8, @p9);
SELECT `Id`
FROM `OverseasAlerts`
WHERE ROW_COUNT() = 1 AND `Id` = LAST_INSERT_ID();
2026-10-06 18:31:18 - INF - Executed DbCommand (2ms) [Parameters=[], CommandType='"Text"', CommandTimeout='30']
SELECT `n`.`Id`, `n`.`AlertId`, `n`.`Classification`, `n`.`Content`, `n`.`Lat`, `n`.`Lon`, `n`.`Priority`, `n`.`Source`, `n`.`Status`, `n`.`Timestamp`, `n`.`Title`
FROM `NorthAlerts` AS `n`
WHERE `n`.`Status` = 'WAITING'
LIMIT 1
2026-10-06 18:31:18 - INF - Executed DbCommand (2ms) [Parameters=[@__title_0='?' (Size = 4000)], CommandType='"Text"', CommandTimeout='30']
SELECT `s`.`Id`, `s`.`AlertId`, `s`.`Classification`, `s`.`Content`, `s`.`Lat`, `s`.`Lon`, `s`.`Priority`, `s`.`Source`, `s`.`Status`, `s`.`Timestamp`, `s`.`Title`
FROM `SouthAlerts` AS `s`
WHERE `s`.`Title` = @__title_0
LIMIT 1
2026-10-06 18:31:18 - INF - Executed DbCommand (2ms) [Parameters=[@__title_0='?' (Size = 4000)], CommandType='"Text"', CommandTimeout='30']
SELECT `c`.`Id`, `c`.`AlertId`, `c`.`Classification`, `c`.`Content`, `c`.`Lat`, `c`.`Lon`, `c`.`Priority`, `c`.`Source`, `c`.`Status`, `c`.`Timestamp`, `c`.`Title`
FROM `CenterAlerts` AS `c`
WHERE `c`.`Title` = @__title_0
LIMIT 1
2026-10-06 18:31:18 - INF - Executed DbCommand (1ms) [Parameters=[@__title_0='?' (Size = 4000)], CommandType='"Text"', CommandTimeout='30']
SELECT `o`.`Id`, `o`.`AlertId`, `o`.`Classification`, `o`.`Content`, `o`.`Lat`, `o`.`Lon`, `o`.`Priority`, `o`.`Source`, `o`.`Status`, `o`.`Timestamp`, `o`.`Title`
FROM `OverseasAlerts` AS `o`
WHERE `o`.`Title` = @__title_0
LIMIT 1
2026-10-06 18:31:18 - FTL - same Alerts to all comands! ירי רקטות וטילים
2026-10-06 18:31:24 - INF - Executed DbCommand (1ms) [Parameters=[@p0='?' (Size = 4000), @p1='?' (Size = 4000), @p2='?' (Size = 4000), @p3='?' (DbType = Double), @p4='?' (DbType = Double), @p5='?' (Size = 4000), @p6='?' (Size = 4000), @p7='?' (Size = 4000), @p8='?' (Size = 4000), @p9='?' (Size = 4000)], CommandType='"Text"', CommandTimeout='30']
INSERT INTO `NorthAlerts` (`AlertId`, `Classification`, `Content`, `Lat`, `Lon`, `Priority`, `Source`, `Status`, `Timestamp`, `Title`)
VALUES (@p0, @p1, @p2, @p3, @p4, @p5, @p6, @p7, @p8, @p9);
SELECT `Id`
FROM `NorthAlerts`
WHERE ROW_COUNT() = 1 AND `Id` = LAST_INSERT_ID();
2026-10-06 18:31:24 - INF - Executed DbCommand (1ms) [Parameters=[], CommandType='"Text"', CommandTimeout='30']
SELECT `c`.`Id`, `c`.`AlertId`, `c`.`Classification`, `c`.`Content`, `c`.`Lat`, `c`.`Lon`, `c`.`Priority`, `c`.`Source`, `c`.`Status`, `c`.`Timestamp`, `c`.`Title`
FROM `CenterAlerts` AS `c`
WHERE `c`.`Status` = 'WAITING'
LIMIT 1
2026-10-06 18:31:24 - INF - Executed DbCommand (1ms) [Parameters=[@__title_0='?' (Size = 4000)], CommandType='"Text"', CommandTimeout='30']
SELECT `s`.`Id`, `s`.`AlertId`, `s`.`Classification`, `s`.`Content`, `s`.`Lat`, `s`.`Lon`, `s`.`Priority`, `s`.`Source`, `s`.`Status`, `s`.`Timestamp`, `s`.`Title`
FROM `SouthAlerts` AS `s`
WHERE `s`.`Title` = @__title_0
LIMIT 1
2026-10-06 18:31:24 - INF - Executed DbCommand (1ms) [Parameters=[@__title_0='?' (Size = 4000)], CommandType='"Text"', CommandTimeout='30']
SELECT `n`.`Id`, `n`.`AlertId`, `n`.`Classification`, `n`.`Content`, `n`.`Lat`, `n`.`Lon`, `n`.`Priority`, `n`.`Source`, `n`.`Status`, `n`.`Timestamp`, `n`.`Title`
FROM `NorthAlerts` AS `n`
WHERE `n`.`Title` = @__title_0
LIMIT 1
2026-10-06 18:31:24 - INF - Executed DbCommand (1ms) [Parameters=[@__title_0='?' (Size = 4000)], CommandType='"Text"', CommandTimeout='30']
SELECT `o`.`Id`, `o`.`AlertId`, `o`.`Classification`, `o`.`Content`, `o`.`Lat`, `o`.`Lon`, `o`.`Priority`, `o`.`Source`, `o`.`Status`, `o`.`Timestamp`, `o`.`Title`
FROM `OverseasAlerts` AS `o`
WHERE `o`.`Title` = @__title_0
LIMIT 1
2026-10-06 18:31:26 - INF - Executed DbCommand (1ms) [Parameters=[@p0='?' (Size = 4000), @p1='?' (Size = 4000), @p2='?' (Size = 4000), @p3='?' (DbType = Double), @p4='?' (DbType = Double), @p5='?' (Size = 4000), @p6='?' (Size = 4000), @p7='?' (Size = 4000), @p8='?' (Size = 4000), @p9='?' (Size = 4000)], CommandType='"Text"', CommandTimeout='30']
INSERT INTO `CenterAlerts` (`AlertId`, `Classification`, `Content`, `Lat`, `Lon`, `Priority`, `Source`, `Status`, `Timestamp`, `Title`)
VALUES (@p0, @p1, @p2, @p3, @p4, @p5, @p6, @p7, @p8, @p9);
SELECT `Id`
FROM `CenterAlerts`
WHERE ROW_COUNT() = 1 AND `Id` = LAST_INSERT_ID();
2026-10-06 18:31:26 - INF - Executed DbCommand (1ms) [Parameters=[], CommandType='"Text"', CommandTimeout='30']
SELECT `s`.`Id`, `s`.`AlertId`, `s`.`Classification`, `s`.`Content`, `s`.`Lat`, `s`.`Lon`, `s`.`Priority`, `s`.`Source`, `s`.`Status`, `s`.`Timestamp`, `s`.`Title`
FROM `SouthAlerts` AS `s`
WHERE `s`.`Status` = 'WAITING'
LIMIT 1
2026-10-06 18:31:26 - INF - Executed DbCommand (1ms) [Parameters=[@__title_0='?' (Size = 4000)], CommandType='"Text"', CommandTimeout='30']
SELECT `c`.`Id`, `c`.`AlertId`, `c`.`Classification`, `c`.`Content`, `c`.`Lat`, `c`.`Lon`, `c`.`Priority`, `c`.`Source`, `c`.`Status`, `c`.`Timestamp`, `c`.`Title`
FROM `CenterAlerts` AS `c`
WHERE `c`.`Title` = @__title_0
LIMIT 1
2026-10-06 18:31:26 - INF - Executed DbCommand (1ms) [Parameters=[@__title_0='?' (Size = 4000)], CommandType='"Text"', CommandTimeout='30']
SELECT `n`.`Id`, `n`.`AlertId`, `n`.`Classification`, `n`.`Content`, `n`.`Lat`, `n`.`Lon`, `n`.`Priority`, `n`.`Source`, `n`.`Status`, `n`.`Timestamp`, `n`.`Title`
FROM `NorthAlerts` AS `n`
WHERE `n`.`Title` = @__title_0
LIMIT 1
2026-10-06 18:31:26 - INF - Executed DbCommand (1ms) [Parameters=[@__title_0='?' (Size = 4000)], CommandType='"Text"', CommandTimeout='30']
SELECT `o`.`Id`, `o`.`AlertId`, `o`.`Classification`, `o`.`Content`, `o`.`Lat`, `o`.`Lon`, `o`.`Priority`, `o`.`Source`, `o`.`Status`, `o`.`Timestamp`, `o`.`Title`
FROM `OverseasAlerts` AS `o`
WHERE `o`.`Title` = @__title_0
LIMIT 1
2026-10-06 18:31:33 - INF - Executed DbCommand (2ms) [Parameters=[@p0='?' (Size = 4000), @p1='?' (Size = 4000), @p2='?' (Size = 4000), @p3='?' (DbType = Double), @p4='?' (DbType = Double), @p5='?' (Size = 4000), @p6='?' (Size = 4000), @p7='?' (Size = 4000), @p8='?' (Size = 4000), @p9='?' (Size = 4000)], CommandType='"Text"', CommandTimeout='30']
INSERT INTO `SouthAlerts` (`AlertId`, `Classification`, `Content`, `Lat`, `Lon`, `Priority`, `Source`, `Status`, `Timestamp`, `Title`)
VALUES (@p0, @p1, @p2, @p3, @p4, @p5, @p6, @p7, @p8, @p9);
SELECT `Id`
FROM `SouthAlerts`
WHERE ROW_COUNT() = 1 AND `Id` = LAST_INSERT_ID();
2026-10-06 18:31:33 - INF - Executed DbCommand (5ms) [Parameters=[], CommandType='"Text"', CommandTimeout='30']
SELECT `o`.`Id`, `o`.`AlertId`, `o`.`Classification`, `o`.`Content`, `o`.`Lat`, `o`.`Lon`, `o`.`Priority`, `o`.`Source`, `o`.`Status`, `o`.`Timestamp`, `o`.`Title`
FROM `OverseasAlerts` AS `o`
WHERE `o`.`Status` = 'WAITING'
LIMIT 1
2026-10-06 18:31:33 - INF - Executed DbCommand (4ms) [Parameters=[@__title_0='?' (Size = 4000)], CommandType='"Text"', CommandTimeout='30']
SELECT `c`.`Id`, `c`.`AlertId`, `c`.`Classification`, `c`.`Content`, `c`.`Lat`, `c`.`Lon`, `c`.`Priority`, `c`.`Source`, `c`.`Status`, `c`.`Timestamp`, `c`.`Title`
FROM `CenterAlerts` AS `c`
WHERE `c`.`Title` = @__title_0
LIMIT 1
2026-10-06 18:31:33 - INF - Executed DbCommand (3ms) [Parameters=[@__title_0='?' (Size = 4000)], CommandType='"Text"', CommandTimeout='30']
SELECT `n`.`Id`, `n`.`AlertId`, `n`.`Classification`, `n`.`Content`, `n`.`Lat`, `n`.`Lon`, `n`.`Priority`, `n`.`Source`, `n`.`Status`, `n`.`Timestamp`, `n`.`Title`
FROM `NorthAlerts` AS `n`
WHERE `n`.`Title` = @__title_0
LIMIT 1
2026-10-06 18:31:33 - INF - Executed DbCommand (2ms) [Parameters=[@__title_0='?' (Size = 4000)], CommandType='"Text"', CommandTimeout='30']
SELECT `o`.`Id`, `o`.`AlertId`, `o`.`Classification`, `o`.`Content`, `o`.`Lat`, `o`.`Lon`, `o`.`Priority`, `o`.`Source`, `o`.`Status`, `o`.`Timestamp`, `o`.`Title`
FROM `OverseasAlerts` AS `o`
WHERE `o`.`Title` = @__title_0
LIMIT 1
2026-10-06 18:31:40 - INF - Executed DbCommand (6ms) [Parameters=[@p0='?' (Size = 4000), @p1='?' (Size = 4000), @p2='?' (Size = 4000), @p3='?' (DbType = Double), @p4='?' (DbType = Double), @p5='?' (Size = 4000), @p6='?' (Size = 4000), @p7='?' (Size = 4000), @p8='?' (Size = 4000), @p9='?' (Size = 4000)], CommandType='"Text"', CommandTimeout='30']
INSERT INTO `OverseasAlerts` (`AlertId`, `Classification`, `Content`, `Lat`, `Lon`, `Priority`, `Source`, `Status`, `Timestamp`, `Title`)
VALUES (@p0, @p1, @p2, @p3, @p4, @p5, @p6, @p7, @p8, @p9);
SELECT `Id`
FROM `OverseasAlerts`
WHERE ROW_COUNT() = 1 AND `Id` = LAST_INSERT_ID();
2026-10-06 18:31:40 - INF - Executed DbCommand (4ms) [Parameters=[], CommandType='"Text"', CommandTimeout='30']
SELECT `n`.`Id`, `n`.`AlertId`, `n`.`Classification`, `n`.`Content`, `n`.`Lat`, `n`.`Lon`, `n`.`Priority`, `n`.`Source`, `n`.`Status`, `n`.`Timestamp`, `n`.`Title`
FROM `NorthAlerts` AS `n`
WHERE `n`.`Status` = 'WAITING'
LIMIT 1
2026-10-06 18:31:40 - INF - Executed DbCommand (2ms) [Parameters=[@__title_0='?' (Size = 4000)], CommandType='"Text"', CommandTimeout='30']
SELECT `s`.`Id`, `s`.`AlertId`, `s`.`Classification`, `s`.`Content`, `s`.`Lat`, `s`.`Lon`, `s`.`Priority`, `s`.`Source`, `s`.`Status`, `s`.`Timestamp`, `s`.`Title`
FROM `SouthAlerts` AS `s`
WHERE `s`.`Title` = @__title_0
LIMIT 1
2026-10-06 18:31:40 - INF - Executed DbCommand (3ms) [Parameters=[@__title_0='?' (Size = 4000)], CommandType='"Text"', CommandTimeout='30']
SELECT `c`.`Id`, `c`.`AlertId`, `c`.`Classification`, `c`.`Content`, `c`.`Lat`, `c`.`Lon`, `c`.`Priority`, `c`.`Source`, `c`.`Status`, `c`.`Timestamp`, `c`.`Title`
FROM `CenterAlerts` AS `c`
WHERE `c`.`Title` = @__title_0
LIMIT 1
2026-10-06 18:31:40 - INF - Executed DbCommand (4ms) [Parameters=[@__title_0='?' (Size = 4000)], CommandType='"Text"', CommandTimeout='30']
SELECT `o`.`Id`, `o`.`AlertId`, `o`.`Classification`, `o`.`Content`, `o`.`Lat`, `o`.`Lon`, `o`.`Priority`, `o`.`Source`, `o`.`Status`, `o`.`Timestamp`, `o`.`Title`
FROM `OverseasAlerts` AS `o`
WHERE `o`.`Title` = @__title_0
LIMIT 1
2026-10-06 18:31:40 - FTL - same Alerts to all comands! ירי רקטות וטילים
2026-10-06 18:31:46 - INF - Executed DbCommand (3ms) [Parameters=[@p0='?' (Size = 4000), @p1='?' (Size = 4000), @p2='?' (Size = 4000), @p3='?' (DbType = Double), @p4='?' (DbType = Double), @p5='?' (Size = 4000), @p6='?' (Size = 4000), @p7='?' (Size = 4000), @p8='?' (Size = 4000), @p9='?' (Size = 4000)], CommandType='"Text"', CommandTimeout='30']
INSERT INTO `NorthAlerts` (`AlertId`, `Classification`, `Content`, `Lat`, `Lon`, `Priority`, `Source`, `Status`, `Timestamp`, `Title`)
VALUES (@p0, @p1, @p2, @p3, @p4, @p5, @p6, @p7, @p8, @p9);
SELECT `Id`
FROM `NorthAlerts`
WHERE ROW_COUNT() = 1 AND `Id` = LAST_INSERT_ID();
2026-10-06 18:31:46 - INF - Executed DbCommand (1ms) [Parameters=[], CommandType='"Text"', CommandTimeout='30']
SELECT `c`.`Id`, `c`.`AlertId`, `c`.`Classification`, `c`.`Content`, `c`.`Lat`, `c`.`Lon`, `c`.`Priority`, `c`.`Source`, `c`.`Status`, `c`.`Timestamp`, `c`.`Title`
FROM `CenterAlerts` AS `c`
WHERE `c`.`Status` = 'WAITING'
LIMIT 1
2026-10-06 18:31:46 - INF - Executed DbCommand (1ms) [Parameters=[@__title_0='?' (Size = 4000)], CommandType='"Text"', CommandTimeout='30']
SELECT `s`.`Id`, `s`.`AlertId`, `s`.`Classification`, `s`.`Content`, `s`.`Lat`, `s`.`Lon`, `s`.`Priority`, `s`.`Source`, `s`.`Status`, `s`.`Timestamp`, `s`.`Title`
FROM `SouthAlerts` AS `s`
WHERE `s`.`Title` = @__title_0
LIMIT 1
2026-10-06 18:31:46 - INF - Executed DbCommand (1ms) [Parameters=[@__title_0='?' (Size = 4000)], CommandType='"Text"', CommandTimeout='30']
SELECT `n`.`Id`, `n`.`AlertId`, `n`.`Classification`, `n`.`Content`, `n`.`Lat`, `n`.`Lon`, `n`.`Priority`, `n`.`Source`, `n`.`Status`, `n`.`Timestamp`, `n`.`Title`
FROM `NorthAlerts` AS `n`
WHERE `n`.`Title` = @__title_0
LIMIT 1
2026-10-06 18:31:46 - INF - Executed DbCommand (2ms) [Parameters=[@__title_0='?' (Size = 4000)], CommandType='"Text"', CommandTimeout='30']
SELECT `o`.`Id`, `o`.`AlertId`, `o`.`Classification`, `o`.`Content`, `o`.`Lat`, `o`.`Lon`, `o`.`Priority`, `o`.`Source`, `o`.`Status`, `o`.`Timestamp`, `o`.`Title`
FROM `OverseasAlerts` AS `o`
WHERE `o`.`Title` = @__title_0
LIMIT 1
2026-10-06 18:31:48 - INF - Executed DbCommand (6ms) [Parameters=[@p0='?' (Size = 4000), @p1='?' (Size = 4000), @p2='?' (Size = 4000), @p3='?' (DbType = Double), @p4='?' (DbType = Double), @p5='?' (Size = 4000), @p6='?' (Size = 4000), @p7='?' (Size = 4000), @p8='?' (Size = 4000), @p9='?' (Size = 4000)], CommandType='"Text"', CommandTimeout='30']
INSERT INTO `CenterAlerts` (`AlertId`, `Classification`, `Content`, `Lat`, `Lon`, `Priority`, `Source`, `Status`, `Timestamp`, `Title`)
VALUES (@p0, @p1, @p2, @p3, @p4, @p5, @p6, @p7, @p8, @p9);
SELECT `Id`
FROM `CenterAlerts`
WHERE ROW_COUNT() = 1 AND `Id` = LAST_INSERT_ID();
2026-10-06 18:31:48 - INF - Executed DbCommand (2ms) [Parameters=[], CommandType='"Text"', CommandTimeout='30']
SELECT `s`.`Id`, `s`.`AlertId`, `s`.`Classification`, `s`.`Content`, `s`.`Lat`, `s`.`Lon`, `s`.`Priority`, `s`.`Source`, `s`.`Status`, `s`.`Timestamp`, `s`.`Title`
FROM `SouthAlerts` AS `s`
WHERE `s`.`Status` = 'WAITING'
LIMIT 1
2026-10-06 18:31:48 - INF - Executed DbCommand (2ms) [Parameters=[@__title_0='?' (Size = 4000)], CommandType='"Text"', CommandTimeout='30']
SELECT `c`.`Id`, `c`.`AlertId`, `c`.`Classification`, `c`.`Content`, `c`.`Lat`, `c`.`Lon`, `c`.`Priority`, `c`.`Source`, `c`.`Status`, `c`.`Timestamp`, `c`.`Title`
FROM `CenterAlerts` AS `c`
WHERE `c`.`Title` = @__title_0
LIMIT 1
2026-10-06 18:31:48 - INF - Executed DbCommand (3ms) [Parameters=[@__title_0='?' (Size = 4000)], CommandType='"Text"', CommandTimeout='30']
SELECT `n`.`Id`, `n`.`AlertId`, `n`.`Classification`, `n`.`Content`, `n`.`Lat`, `n`.`Lon`, `n`.`Priority`, `n`.`Source`, `n`.`Status`, `n`.`Timestamp`, `n`.`Title`
FROM `NorthAlerts` AS `n`
WHERE `n`.`Title` = @__title_0
LIMIT 1
2026-10-06 18:31:48 - INF - Executed DbCommand (2ms) [Parameters=[@__title_0='?' (Size = 4000)], CommandType='"Text"', CommandTimeout='30']
SELECT `o`.`Id`, `o`.`AlertId`, `o`.`Classification`, `o`.`Content`, `o`.`Lat`, `o`.`Lon`, `o`.`Priority`, `o`.`Source`, `o`.`Status`, `o`.`Timestamp`, `o`.`Title`
FROM `OverseasAlerts` AS `o`
WHERE `o`.`Title` = @__title_0
LIMIT 1
2026-10-06 18:31:55 - INF - Executed DbCommand (3ms) [Parameters=[@p0='?' (Size = 4000), @p1='?' (Size = 4000), @p2='?' (Size = 4000), @p3='?' (DbType = Double), @p4='?' (DbType = Double), @p5='?' (Size = 4000), @p6='?' (Size = 4000), @p7='?' (Size = 4000), @p8='?' (Size = 4000), @p9='?' (Size = 4000)], CommandType='"Text"', CommandTimeout='30']
INSERT INTO `SouthAlerts` (`AlertId`, `Classification`, `Content`, `Lat`, `Lon`, `Priority`, `Source`, `Status`, `Timestamp`, `Title`)
VALUES (@p0, @p1, @p2, @p3, @p4, @p5, @p6, @p7, @p8, @p9);
SELECT `Id`
FROM `SouthAlerts`
WHERE ROW_COUNT() = 1 AND `Id` = LAST_INSERT_ID();
2026-10-06 18:31:55 - INF - Executed DbCommand (2ms) [Parameters=[], CommandType='"Text"', CommandTimeout='30']
SELECT `o`.`Id`, `o`.`AlertId`, `o`.`Classification`, `o`.`Content`, `o`.`Lat`, `o`.`Lon`, `o`.`Priority`, `o`.`Source`, `o`.`Status`, `o`.`Timestamp`, `o`.`Title`
FROM `OverseasAlerts` AS `o`
WHERE `o`.`Status` = 'WAITING'
LIMIT 1
2026-10-06 18:31:55 - INF - Executed DbCommand (2ms) [Parameters=[@__title_0='?' (Size = 4000)], CommandType='"Text"', CommandTimeout='30']
SELECT `c`.`Id`, `c`.`AlertId`, `c`.`Classification`, `c`.`Content`, `c`.`Lat`, `c`.`Lon`, `c`.`Priority`, `c`.`Source`, `c`.`Status`, `c`.`Timestamp`, `c`.`Title`
FROM `CenterAlerts` AS `c`
WHERE `c`.`Title` = @__title_0
LIMIT 1
2026-10-06 18:31:55 - INF - Executed DbCommand (2ms) [Parameters=[@__title_0='?' (Size = 4000)], CommandType='"Text"', CommandTimeout='30']
SELECT `n`.`Id`, `n`.`AlertId`, `n`.`Classification`, `n`.`Content`, `n`.`Lat`, `n`.`Lon`, `n`.`Priority`, `n`.`Source`, `n`.`Status`, `n`.`Timestamp`, `n`.`Title`
FROM `NorthAlerts` AS `n`
WHERE `n`.`Title` = @__title_0
LIMIT 1
2026-10-06 18:31:55 - INF - Executed DbCommand (2ms) [Parameters=[@__title_0='?' (Size = 4000)], CommandType='"Text"', CommandTimeout='30']
SELECT `o`.`Id`, `o`.`AlertId`, `o`.`Classification`, `o`.`Content`, `o`.`Lat`, `o`.`Lon`, `o`.`Priority`, `o`.`Source`, `o`.`Status`, `o`.`Timestamp`, `o`.`Title`
FROM `OverseasAlerts` AS `o`
WHERE `o`.`Title` = @__title_0
LIMIT 1
2026-10-06 18:32:02 - INF - Executed DbCommand (6ms) [Parameters=[@p0='?' (Size = 4000), @p1='?' (Size = 4000), @p2='?' (Size = 4000), @p3='?' (DbType = Double), @p4='?' (DbType = Double), @p5='?' (Size = 4000), @p6='?' (Size = 4000), @p7='?' (Size = 4000), @p8='?' (Size = 4000), @p9='?' (Size = 4000)], CommandType='"Text"', CommandTimeout='30']
INSERT INTO `OverseasAlerts` (`AlertId`, `Classification`, `Content`, `Lat`, `Lon`, `Priority`, `Source`, `Status`, `Timestamp`, `Title`)
VALUES (@p0, @p1, @p2, @p3, @p4, @p5, @p6, @p7, @p8, @p9);
SELECT `Id`
FROM `OverseasAlerts`
WHERE ROW_COUNT() = 1 AND `Id` = LAST_INSERT_ID();
2026-10-06 18:32:02 - INF - Executed DbCommand (2ms) [Parameters=[], CommandType='"Text"', CommandTimeout='30']
SELECT `n`.`Id`, `n`.`AlertId`, `n`.`Classification`, `n`.`Content`, `n`.`Lat`, `n`.`Lon`, `n`.`Priority`, `n`.`Source`, `n`.`Status`, `n`.`Timestamp`, `n`.`Title`
FROM `NorthAlerts` AS `n`
WHERE `n`.`Status` = 'WAITING'
LIMIT 1
2026-10-06 18:32:02 - INF - Executed DbCommand (3ms) [Parameters=[@__title_0='?' (Size = 4000)], CommandType='"Text"', CommandTimeout='30']
SELECT `s`.`Id`, `s`.`AlertId`, `s`.`Classification`, `s`.`Content`, `s`.`Lat`, `s`.`Lon`, `s`.`Priority`, `s`.`Source`, `s`.`Status`, `s`.`Timestamp`, `s`.`Title`
FROM `SouthAlerts` AS `s`
WHERE `s`.`Title` = @__title_0
LIMIT 1
2026-10-06 18:32:02 - INF - Executed DbCommand (1ms) [Parameters=[@__title_0='?' (Size = 4000)], CommandType='"Text"', CommandTimeout='30']
SELECT `c`.`Id`, `c`.`AlertId`, `c`.`Classification`, `c`.`Content`, `c`.`Lat`, `c`.`Lon`, `c`.`Priority`, `c`.`Source`, `c`.`Status`, `c`.`Timestamp`, `c`.`Title`
FROM `CenterAlerts` AS `c`
WHERE `c`.`Title` = @__title_0
LIMIT 1
2026-10-06 18:32:02 - INF - Executed DbCommand (1ms) [Parameters=[@__title_0='?' (Size = 4000)], CommandType='"Text"', CommandTimeout='30']
SELECT `o`.`Id`, `o`.`AlertId`, `o`.`Classification`, `o`.`Content`, `o`.`Lat`, `o`.`Lon`, `o`.`Priority`, `o`.`Source`, `o`.`Status`, `o`.`Timestamp`, `o`.`Title`
FROM `OverseasAlerts` AS `o`
WHERE `o`.`Title` = @__title_0
LIMIT 1
2026-10-06 18:32:02 - FTL - same Alerts to all comands! ירי רקטות וטילים
2026-10-06 18:32:08 - INF - Executed DbCommand (2ms) [Parameters=[@p0='?' (Size = 4000), @p1='?' (Size = 4000), @p2='?' (Size = 4000), @p3='?' (DbType = Double), @p4='?' (DbType = Double), @p5='?' (Size = 4000), @p6='?' (Size = 4000), @p7='?' (Size = 4000), @p8='?' (Size = 4000), @p9='?' (Size = 4000)], CommandType='"Text"', CommandTimeout='30']
INSERT INTO `NorthAlerts` (`AlertId`, `Classification`, `Content`, `Lat`, `Lon`, `Priority`, `Source`, `Status`, `Timestamp`, `Title`)
VALUES (@p0, @p1, @p2, @p3, @p4, @p5, @p6, @p7, @p8, @p9);
SELECT `Id`
FROM `NorthAlerts`
WHERE ROW_COUNT() = 1 AND `Id` = LAST_INSERT_ID();
2026-10-06 18:32:08 - INF - Executed DbCommand (2ms) [Parameters=[], CommandType='"Text"', CommandTimeout='30']
SELECT `c`.`Id`, `c`.`AlertId`, `c`.`Classification`, `c`.`Content`, `c`.`Lat`, `c`.`Lon`, `c`.`Priority`, `c`.`Source`, `c`.`Status`, `c`.`Timestamp`, `c`.`Title`
FROM `CenterAlerts` AS `c`
WHERE `c`.`Status` = 'WAITING'
LIMIT 1
2026-10-06 18:32:08 - INF - Executed DbCommand (1ms) [Parameters=[@__title_0='?' (Size = 4000)], CommandType='"Text"', CommandTimeout='30']
SELECT `s`.`Id`, `s`.`AlertId`, `s`.`Classification`, `s`.`Content`, `s`.`Lat`, `s`.`Lon`, `s`.`Priority`, `s`.`Source`, `s`.`Status`, `s`.`Timestamp`, `s`.`Title`
FROM `SouthAlerts` AS `s`
WHERE `s`.`Title` = @__title_0
LIMIT 1
2026-10-06 18:32:08 - INF - Executed DbCommand (2ms) [Parameters=[@__title_0='?' (Size = 4000)], CommandType='"Text"', CommandTimeout='30']
SELECT `n`.`Id`, `n`.`AlertId`, `n`.`Classification`, `n`.`Content`, `n`.`Lat`, `n`.`Lon`, `n`.`Priority`, `n`.`Source`, `n`.`Status`, `n`.`Timestamp`, `n`.`Title`
FROM `NorthAlerts` AS `n`
WHERE `n`.`Title` = @__title_0
LIMIT 1
2026-10-06 18:32:08 - INF - Executed DbCommand (3ms) [Parameters=[@__title_0='?' (Size = 4000)], CommandType='"Text"', CommandTimeout='30']
SELECT `o`.`Id`, `o`.`AlertId`, `o`.`Classification`, `o`.`Content`, `o`.`Lat`, `o`.`Lon`, `o`.`Priority`, `o`.`Source`, `o`.`Status`, `o`.`Timestamp`, `o`.`Title`
FROM `OverseasAlerts` AS `o`
WHERE `o`.`Title` = @__title_0
LIMIT 1
2026-10-06 18:32:10 - INF - Executed DbCommand (4ms) [Parameters=[@p0='?' (Size = 4000), @p1='?' (Size = 4000), @p2='?' (Size = 4000), @p3='?' (DbType = Double), @p4='?' (DbType = Double), @p5='?' (Size = 4000), @p6='?' (Size = 4000), @p7='?' (Size = 4000), @p8='?' (Size = 4000), @p9='?' (Size = 4000)], CommandType='"Text"', CommandTimeout='30']
INSERT INTO `CenterAlerts` (`AlertId`, `Classification`, `Content`, `Lat`, `Lon`, `Priority`, `Source`, `Status`, `Timestamp`, `Title`)
VALUES (@p0, @p1, @p2, @p3, @p4, @p5, @p6, @p7, @p8, @p9);
SELECT `Id`
FROM `CenterAlerts`
WHERE ROW_COUNT() = 1 AND `Id` = LAST_INSERT_ID();
2026-10-06 18:32:11 - INF - Executed DbCommand (2ms) [Parameters=[], CommandType='"Text"', CommandTimeout='30']
SELECT `s`.`Id`, `s`.`AlertId`, `s`.`Classification`, `s`.`Content`, `s`.`Lat`, `s`.`Lon`, `s`.`Priority`, `s`.`Source`, `s`.`Status`, `s`.`Timestamp`, `s`.`Title`
FROM `SouthAlerts` AS `s`
WHERE `s`.`Status` = 'WAITING'
LIMIT 1
2026-10-06 18:32:11 - INF - Executed DbCommand (2ms) [Parameters=[@__title_0='?' (Size = 4000)], CommandType='"Text"', CommandTimeout='30']
SELECT `c`.`Id`, `c`.`AlertId`, `c`.`Classification`, `c`.`Content`, `c`.`Lat`, `c`.`Lon`, `c`.`Priority`, `c`.`Source`, `c`.`Status`, `c`.`Timestamp`, `c`.`Title`
FROM `CenterAlerts` AS `c`
WHERE `c`.`Title` = @__title_0
LIMIT 1
2026-10-06 18:32:11 - INF - Executed DbCommand (2ms) [Parameters=[@__title_0='?' (Size = 4000)], CommandType='"Text"', CommandTimeout='30']
SELECT `n`.`Id`, `n`.`AlertId`, `n`.`Classification`, `n`.`Content`, `n`.`Lat`, `n`.`Lon`, `n`.`Priority`, `n`.`Source`, `n`.`Status`, `n`.`Timestamp`, `n`.`Title`
FROM `NorthAlerts` AS `n`
WHERE `n`.`Title` = @__title_0
LIMIT 1
2026-10-06 18:32:11 - INF - Executed DbCommand (2ms) [Parameters=[@__title_0='?' (Size = 4000)], CommandType='"Text"', CommandTimeout='30']
SELECT `o`.`Id`, `o`.`AlertId`, `o`.`Classification`, `o`.`Content`, `o`.`Lat`, `o`.`Lon`, `o`.`Priority`, `o`.`Source`, `o`.`Status`, `o`.`Timestamp`, `o`.`Title`
FROM `OverseasAlerts` AS `o`
WHERE `o`.`Title` = @__title_0
LIMIT 1
2026-10-06 18:32:18 - INF - Executed DbCommand (2ms) [Parameters=[@p0='?' (Size = 4000), @p1='?' (Size = 4000), @p2='?' (Size = 4000), @p3='?' (DbType = Double), @p4='?' (DbType = Double), @p5='?' (Size = 4000), @p6='?' (Size = 4000), @p7='?' (Size = 4000), @p8='?' (Size = 4000), @p9='?' (Size = 4000)], CommandType='"Text"', CommandTimeout='30']
INSERT INTO `SouthAlerts` (`AlertId`, `Classification`, `Content`, `Lat`, `Lon`, `Priority`, `Source`, `Status`, `Timestamp`, `Title`)
VALUES (@p0, @p1, @p2, @p3, @p4, @p5, @p6, @p7, @p8, @p9);
SELECT `Id`
FROM `SouthAlerts`
WHERE ROW_COUNT() = 1 AND `Id` = LAST_INSERT_ID();
2026-10-06 18:32:18 - INF - Executed DbCommand (2ms) [Parameters=[], CommandType='"Text"', CommandTimeout='30']
SELECT `o`.`Id`, `o`.`AlertId`, `o`.`Classification`, `o`.`Content`, `o`.`Lat`, `o`.`Lon`, `o`.`Priority`, `o`.`Source`, `o`.`Status`, `o`.`Timestamp`, `o`.`Title`
FROM `OverseasAlerts` AS `o`
WHERE `o`.`Status` = 'WAITING'
LIMIT 1
2026-10-06 18:32:18 - INF - Executed DbCommand (2ms) [Parameters=[@__title_0='?' (Size = 4000)], CommandType='"Text"', CommandTimeout='30']
SELECT `c`.`Id`, `c`.`AlertId`, `c`.`Classification`, `c`.`Content`, `c`.`Lat`, `c`.`Lon`, `c`.`Priority`, `c`.`Source`, `c`.`Status`, `c`.`Timestamp`, `c`.`Title`
FROM `CenterAlerts` AS `c`
WHERE `c`.`Title` = @__title_0
LIMIT 1
2026-10-06 18:32:18 - INF - Executed DbCommand (2ms) [Parameters=[@__title_0='?' (Size = 4000)], CommandType='"Text"', CommandTimeout='30']
SELECT `n`.`Id`, `n`.`AlertId`, `n`.`Classification`, `n`.`Content`, `n`.`Lat`, `n`.`Lon`, `n`.`Priority`, `n`.`Source`, `n`.`Status`, `n`.`Timestamp`, `n`.`Title`
FROM `NorthAlerts` AS `n`
WHERE `n`.`Title` = @__title_0
LIMIT 1
2026-10-06 18:32:18 - INF - Executed DbCommand (1ms) [Parameters=[@__title_0='?' (Size = 4000)], CommandType='"Text"', CommandTimeout='30']
SELECT `o`.`Id`, `o`.`AlertId`, `o`.`Classification`, `o`.`Content`, `o`.`Lat`, `o`.`Lon`, `o`.`Priority`, `o`.`Source`, `o`.`Status`, `o`.`Timestamp`, `o`.`Title`
FROM `OverseasAlerts` AS `o`
WHERE `o`.`Title` = @__title_0
LIMIT 1
2026-10-06 18:32:25 - INF - Executed DbCommand (2ms) [Parameters=[@p0='?' (Size = 4000), @p1='?' (Size = 4000), @p2='?' (Size = 4000), @p3='?' (DbType = Double), @p4='?' (DbType = Double), @p5='?' (Size = 4000), @p6='?' (Size = 4000), @p7='?' (Size = 4000), @p8='?' (Size = 4000), @p9='?' (Size = 4000)], CommandType='"Text"', CommandTimeout='30']
INSERT INTO `OverseasAlerts` (`AlertId`, `Classification`, `Content`, `Lat`, `Lon`, `Priority`, `Source`, `Status`, `Timestamp`, `Title`)
VALUES (@p0, @p1, @p2, @p3, @p4, @p5, @p6, @p7, @p8, @p9);
SELECT `Id`
FROM `OverseasAlerts`
WHERE ROW_COUNT() = 1 AND `Id` = LAST_INSERT_ID();
2026-10-06 18:32:25 - INF - Executed DbCommand (1ms) [Parameters=[], CommandType='"Text"', CommandTimeout='30']
SELECT `n`.`Id`, `n`.`AlertId`, `n`.`Classification`, `n`.`Content`, `n`.`Lat`, `n`.`Lon`, `n`.`Priority`, `n`.`Source`, `n`.`Status`, `n`.`Timestamp`, `n`.`Title`
FROM `NorthAlerts` AS `n`
WHERE `n`.`Status` = 'WAITING'
LIMIT 1
2026-10-06 18:32:25 - INF - Executed DbCommand (1ms) [Parameters=[@__title_0='?' (Size = 4000)], CommandType='"Text"', CommandTimeout='30']
SELECT `s`.`Id`, `s`.`AlertId`, `s`.`Classification`, `s`.`Content`, `s`.`Lat`, `s`.`Lon`, `s`.`Priority`, `s`.`Source`, `s`.`Status`, `s`.`Timestamp`, `s`.`Title`
FROM `SouthAlerts` AS `s`
WHERE `s`.`Title` = @__title_0
LIMIT 1
2026-10-06 18:32:25 - INF - Executed DbCommand (1ms) [Parameters=[@__title_0='?' (Size = 4000)], CommandType='"Text"', CommandTimeout='30']
SELECT `c`.`Id`, `c`.`AlertId`, `c`.`Classification`, `c`.`Content`, `c`.`Lat`, `c`.`Lon`, `c`.`Priority`, `c`.`Source`, `c`.`Status`, `c`.`Timestamp`, `c`.`Title`
FROM `CenterAlerts` AS `c`
WHERE `c`.`Title` = @__title_0
LIMIT 1
2026-10-06 18:32:25 - INF - Executed DbCommand (1ms) [Parameters=[@__title_0='?' (Size = 4000)], CommandType='"Text"', CommandTimeout='30']
SELECT `o`.`Id`, `o`.`AlertId`, `o`.`Classification`, `o`.`Content`, `o`.`Lat`, `o`.`Lon`, `o`.`Priority`, `o`.`Source`, `o`.`Status`, `o`.`Timestamp`, `o`.`Title`
FROM `OverseasAlerts` AS `o`
WHERE `o`.`Title` = @__title_0
LIMIT 1
2026-10-06 18:32:25 - FTL - same Alerts to all comands! ירי רקטות וטילים
2026-10-06 18:32:31 - INF - Executed DbCommand (7ms) [Parameters=[@p0='?' (Size = 4000), @p1='?' (Size = 4000), @p2='?' (Size = 4000), @p3='?' (DbType = Double), @p4='?' (DbType = Double), @p5='?' (Size = 4000), @p6='?' (Size = 4000), @p7='?' (Size = 4000), @p8='?' (Size = 4000), @p9='?' (Size = 4000)], CommandType='"Text"', CommandTimeout='30']
INSERT INTO `NorthAlerts` (`AlertId`, `Classification`, `Content`, `Lat`, `Lon`, `Priority`, `Source`, `Status`, `Timestamp`, `Title`)
VALUES (@p0, @p1, @p2, @p3, @p4, @p5, @p6, @p7, @p8, @p9);
SELECT `Id`
FROM `NorthAlerts`
WHERE ROW_COUNT() = 1 AND `Id` = LAST_INSERT_ID();
2026-10-06 18:32:31 - INF - Executed DbCommand (3ms) [Parameters=[], CommandType='"Text"', CommandTimeout='30']
SELECT `c`.`Id`, `c`.`AlertId`, `c`.`Classification`, `c`.`Content`, `c`.`Lat`, `c`.`Lon`, `c`.`Priority`, `c`.`Source`, `c`.`Status`, `c`.`Timestamp`, `c`.`Title`
FROM `CenterAlerts` AS `c`
WHERE `c`.`Status` = 'WAITING'
LIMIT 1
2026-10-06 18:32:31 - INF - Executed DbCommand (4ms) [Parameters=[@__title_0='?' (Size = 4000)], CommandType='"Text"', CommandTimeout='30']
SELECT `s`.`Id`, `s`.`AlertId`, `s`.`Classification`, `s`.`Content`, `s`.`Lat`, `s`.`Lon`, `s`.`Priority`, `s`.`Source`, `s`.`Status`, `s`.`Timestamp`, `s`.`Title`
FROM `SouthAlerts` AS `s`
WHERE `s`.`Title` = @__title_0
LIMIT 1
2026-10-06 18:32:31 - INF - Executed DbCommand (2ms) [Parameters=[@__title_0='?' (Size = 4000)], CommandType='"Text"', CommandTimeout='30']
SELECT `n`.`Id`, `n`.`AlertId`, `n`.`Classification`, `n`.`Content`, `n`.`Lat`, `n`.`Lon`, `n`.`Priority`, `n`.`Source`, `n`.`Status`, `n`.`Timestamp`, `n`.`Title`
FROM `NorthAlerts` AS `n`
WHERE `n`.`Title` = @__title_0
LIMIT 1
2026-10-06 18:32:31 - INF - Executed DbCommand (3ms) [Parameters=[@__title_0='?' (Size = 4000)], CommandType='"Text"', CommandTimeout='30']
SELECT `o`.`Id`, `o`.`AlertId`, `o`.`Classification`, `o`.`Content`, `o`.`Lat`, `o`.`Lon`, `o`.`Priority`, `o`.`Source`, `o`.`Status`, `o`.`Timestamp`, `o`.`Title`
FROM `OverseasAlerts` AS `o`
WHERE `o`.`Title` = @__title_0
LIMIT 1
2026-10-06 18:32:33 - INF - Executed DbCommand (4ms) [Parameters=[@p0='?' (Size = 4000), @p1='?' (Size = 4000), @p2='?' (Size = 4000), @p3='?' (DbType = Double), @p4='?' (DbType = Double), @p5='?' (Size = 4000), @p6='?' (Size = 4000), @p7='?' (Size = 4000), @p8='?' (Size = 4000), @p9='?' (Size = 4000)], CommandType='"Text"', CommandTimeout='30']
INSERT INTO `CenterAlerts` (`AlertId`, `Classification`, `Content`, `Lat`, `Lon`, `Priority`, `Source`, `Status`, `Timestamp`, `Title`)
VALUES (@p0, @p1, @p2, @p3, @p4, @p5, @p6, @p7, @p8, @p9);
SELECT `Id`
FROM `CenterAlerts`
WHERE ROW_COUNT() = 1 AND `Id` = LAST_INSERT_ID();
2026-10-06 18:32:33 - INF - Executed DbCommand (3ms) [Parameters=[], CommandType='"Text"', CommandTimeout='30']
SELECT `s`.`Id`, `s`.`AlertId`, `s`.`Classification`, `s`.`Content`, `s`.`Lat`, `s`.`Lon`, `s`.`Priority`, `s`.`Source`, `s`.`Status`, `s`.`Timestamp`, `s`.`Title`
FROM `SouthAlerts` AS `s`
WHERE `s`.`Status` = 'WAITING'
LIMIT 1
2026-10-06 18:32:33 - INF - Executed DbCommand (2ms) [Parameters=[@__title_0='?' (Size = 4000)], CommandType='"Text"', CommandTimeout='30']
SELECT `c`.`Id`, `c`.`AlertId`, `c`.`Classification`, `c`.`Content`, `c`.`Lat`, `c`.`Lon`, `c`.`Priority`, `c`.`Source`, `c`.`Status`, `c`.`Timestamp`, `c`.`Title`
FROM `CenterAlerts` AS `c`
WHERE `c`.`Title` = @__title_0
LIMIT 1
2026-10-06 18:32:33 - INF - Executed DbCommand (4ms) [Parameters=[@__title_0='?' (Size = 4000)], CommandType='"Text"', CommandTimeout='30']
SELECT `n`.`Id`, `n`.`AlertId`, `n`.`Classification`, `n`.`Content`, `n`.`Lat`, `n`.`Lon`, `n`.`Priority`, `n`.`Source`, `n`.`Status`, `n`.`Timestamp`, `n`.`Title`
FROM `NorthAlerts` AS `n`
WHERE `n`.`Title` = @__title_0
LIMIT 1
2026-10-06 18:32:33 - INF - Executed DbCommand (1ms) [Parameters=[@__title_0='?' (Size = 4000)], CommandType='"Text"', CommandTimeout='30']
SELECT `o`.`Id`, `o`.`AlertId`, `o`.`Classification`, `o`.`Content`, `o`.`Lat`, `o`.`Lon`, `o`.`Priority`, `o`.`Source`, `o`.`Status`, `o`.`Timestamp`, `o`.`Title`
FROM `OverseasAlerts` AS `o`
WHERE `o`.`Title` = @__title_0
LIMIT 1
2026-10-06 18:32:40 - INF - Executed DbCommand (3ms) [Parameters=[@p0='?' (Size = 4000), @p1='?' (Size = 4000), @p2='?' (Size = 4000), @p3='?' (DbType = Double), @p4='?' (DbType = Double), @p5='?' (Size = 4000), @p6='?' (Size = 4000), @p7='?' (Size = 4000), @p8='?' (Size = 4000), @p9='?' (Size = 4000)], CommandType='"Text"', CommandTimeout='30']
INSERT INTO `SouthAlerts` (`AlertId`, `Classification`, `Content`, `Lat`, `Lon`, `Priority`, `Source`, `Status`, `Timestamp`, `Title`)
VALUES (@p0, @p1, @p2, @p3, @p4, @p5, @p6, @p7, @p8, @p9);
SELECT `Id`
FROM `SouthAlerts`
WHERE ROW_COUNT() = 1 AND `Id` = LAST_INSERT_ID();
2026-10-06 18:32:40 - INF - Executed DbCommand (2ms) [Parameters=[], CommandType='"Text"', CommandTimeout='30']
SELECT `o`.`Id`, `o`.`AlertId`, `o`.`Classification`, `o`.`Content`, `o`.`Lat`, `o`.`Lon`, `o`.`Priority`, `o`.`Source`, `o`.`Status`, `o`.`Timestamp`, `o`.`Title`
FROM `OverseasAlerts` AS `o`
WHERE `o`.`Status` = 'WAITING'
LIMIT 1
2026-10-06 18:32:40 - INF - Executed DbCommand (2ms) [Parameters=[@__title_0='?' (Size = 4000)], CommandType='"Text"', CommandTimeout='30']
SELECT `c`.`Id`, `c`.`AlertId`, `c`.`Classification`, `c`.`Content`, `c`.`Lat`, `c`.`Lon`, `c`.`Priority`, `c`.`Source`, `c`.`Status`, `c`.`Timestamp`, `c`.`Title`
FROM `CenterAlerts` AS `c`
WHERE `c`.`Title` = @__title_0
LIMIT 1
2026-10-06 18:32:40 - INF - Executed DbCommand (2ms) [Parameters=[@__title_0='?' (Size = 4000)], CommandType='"Text"', CommandTimeout='30']
SELECT `n`.`Id`, `n`.`AlertId`, `n`.`Classification`, `n`.`Content`, `n`.`Lat`, `n`.`Lon`, `n`.`Priority`, `n`.`Source`, `n`.`Status`, `n`.`Timestamp`, `n`.`Title`
FROM `NorthAlerts` AS `n`
WHERE `n`.`Title` = @__title_0
LIMIT 1
2026-10-06 18:32:40 - INF - Executed DbCommand (3ms) [Parameters=[@__title_0='?' (Size = 4000)], CommandType='"Text"', CommandTimeout='30']
SELECT `o`.`Id`, `o`.`AlertId`, `o`.`Classification`, `o`.`Content`, `o`.`Lat`, `o`.`Lon`, `o`.`Priority`, `o`.`Source`, `o`.`Status`, `o`.`Timestamp`, `o`.`Title`
FROM `OverseasAlerts` AS `o`
WHERE `o`.`Title` = @__title_0
LIMIT 1
2026-10-06 18:32:47 - INF - Executed DbCommand (2ms) [Parameters=[@p0='?' (Size = 4000), @p1='?' (Size = 4000), @p2='?' (Size = 4000), @p3='?' (DbType = Double), @p4='?' (DbType = Double), @p5='?' (Size = 4000), @p6='?' (Size = 4000), @p7='?' (Size = 4000), @p8='?' (Size = 4000), @p9='?' (Size = 4000)], CommandType='"Text"', CommandTimeout='30']
INSERT INTO `OverseasAlerts` (`AlertId`, `Classification`, `Content`, `Lat`, `Lon`, `Priority`, `Source`, `Status`, `Timestamp`, `Title`)
VALUES (@p0, @p1, @p2, @p3, @p4, @p5, @p6, @p7, @p8, @p9);
SELECT `Id`
FROM `OverseasAlerts`
WHERE ROW_COUNT() = 1 AND `Id` = LAST_INSERT_ID();
2026-10-06 18:32:47 - INF - Executed DbCommand (2ms) [Parameters=[], CommandType='"Text"', CommandTimeout='30']
SELECT `n`.`Id`, `n`.`AlertId`, `n`.`Classification`, `n`.`Content`, `n`.`Lat`, `n`.`Lon`, `n`.`Priority`, `n`.`Source`, `n`.`Status`, `n`.`Timestamp`, `n`.`Title`
FROM `NorthAlerts` AS `n`
WHERE `n`.`Status` = 'WAITING'
LIMIT 1
2026-10-06 18:32:47 - INF - Executed DbCommand (2ms) [Parameters=[@__title_0='?' (Size = 4000)], CommandType='"Text"', CommandTimeout='30']
SELECT `s`.`Id`, `s`.`AlertId`, `s`.`Classification`, `s`.`Content`, `s`.`Lat`, `s`.`Lon`, `s`.`Priority`, `s`.`Source`, `s`.`Status`, `s`.`Timestamp`, `s`.`Title`
FROM `SouthAlerts` AS `s`
WHERE `s`.`Title` = @__title_0
LIMIT 1
2026-10-06 18:32:47 - INF - Executed DbCommand (1ms) [Parameters=[@__title_0='?' (Size = 4000)], CommandType='"Text"', CommandTimeout='30']
SELECT `c`.`Id`, `c`.`AlertId`, `c`.`Classification`, `c`.`Content`, `c`.`Lat`, `c`.`Lon`, `c`.`Priority`, `c`.`Source`, `c`.`Status`, `c`.`Timestamp`, `c`.`Title`
FROM `CenterAlerts` AS `c`
WHERE `c`.`Title` = @__title_0
LIMIT 1
2026-10-06 18:32:47 - INF - Executed DbCommand (1ms) [Parameters=[@__title_0='?' (Size = 4000)], CommandType='"Text"', CommandTimeout='30']
SELECT `o`.`Id`, `o`.`AlertId`, `o`.`Classification`, `o`.`Content`, `o`.`Lat`, `o`.`Lon`, `o`.`Priority`, `o`.`Source`, `o`.`Status`, `o`.`Timestamp`, `o`.`Title`
FROM `OverseasAlerts` AS `o`
WHERE `o`.`Title` = @__title_0
LIMIT 1
2026-10-06 18:32:47 - FTL - same Alerts to all comands! ירי רקטות וטילים
2026-10-06 18:32:53 - INF - Executed DbCommand (2ms) [Parameters=[@p0='?' (Size = 4000), @p1='?' (Size = 4000), @p2='?' (Size = 4000), @p3='?' (DbType = Double), @p4='?' (DbType = Double), @p5='?' (Size = 4000), @p6='?' (Size = 4000), @p7='?' (Size = 4000), @p8='?' (Size = 4000), @p9='?' (Size = 4000)], CommandType='"Text"', CommandTimeout='30']
INSERT INTO `NorthAlerts` (`AlertId`, `Classification`, `Content`, `Lat`, `Lon`, `Priority`, `Source`, `Status`, `Timestamp`, `Title`)
VALUES (@p0, @p1, @p2, @p3, @p4, @p5, @p6, @p7, @p8, @p9);
SELECT `Id`
FROM `NorthAlerts`
WHERE ROW_COUNT() = 1 AND `Id` = LAST_INSERT_ID();
2026-10-06 18:32:53 - INF - Executed DbCommand (2ms) [Parameters=[], CommandType='"Text"', CommandTimeout='30']
SELECT `c`.`Id`, `c`.`AlertId`, `c`.`Classification`, `c`.`Content`, `c`.`Lat`, `c`.`Lon`, `c`.`Priority`, `c`.`Source`, `c`.`Status`, `c`.`Timestamp`, `c`.`Title`
FROM `CenterAlerts` AS `c`
WHERE `c`.`Status` = 'WAITING'
LIMIT 1
2026-10-06 18:32:53 - INF - Executed DbCommand (3ms) [Parameters=[@__title_0='?' (Size = 4000)], CommandType='"Text"', CommandTimeout='30']
SELECT `s`.`Id`, `s`.`AlertId`, `s`.`Classification`, `s`.`Content`, `s`.`Lat`, `s`.`Lon`, `s`.`Priority`, `s`.`Source`, `s`.`Status`, `s`.`Timestamp`, `s`.`Title`
FROM `SouthAlerts` AS `s`
WHERE `s`.`Title` = @__title_0
LIMIT 1
2026-10-06 18:32:53 - INF - Executed DbCommand (2ms) [Parameters=[@__title_0='?' (Size = 4000)], CommandType='"Text"', CommandTimeout='30']
SELECT `n`.`Id`, `n`.`AlertId`, `n`.`Classification`, `n`.`Content`, `n`.`Lat`, `n`.`Lon`, `n`.`Priority`, `n`.`Source`, `n`.`Status`, `n`.`Timestamp`, `n`.`Title`
FROM `NorthAlerts` AS `n`
WHERE `n`.`Title` = @__title_0
LIMIT 1
2026-10-06 18:32:53 - INF - Executed DbCommand (2ms) [Parameters=[@__title_0='?' (Size = 4000)], CommandType='"Text"', CommandTimeout='30']
SELECT `o`.`Id`, `o`.`AlertId`, `o`.`Classification`, `o`.`Content`, `o`.`Lat`, `o`.`Lon`, `o`.`Priority`, `o`.`Source`, `o`.`Status`, `o`.`Timestamp`, `o`.`Title`
FROM `OverseasAlerts` AS `o`
WHERE `o`.`Title` = @__title_0
LIMIT 1
2026-10-06 18:32:55 - INF - Executed DbCommand (3ms) [Parameters=[@p0='?' (Size = 4000), @p1='?' (Size = 4000), @p2='?' (Size = 4000), @p3='?' (DbType = Double), @p4='?' (DbType = Double), @p5='?' (Size = 4000), @p6='?' (Size = 4000), @p7='?' (Size = 4000), @p8='?' (Size = 4000), @p9='?' (Size = 4000)], CommandType='"Text"', CommandTimeout='30']
INSERT INTO `CenterAlerts` (`AlertId`, `Classification`, `Content`, `Lat`, `Lon`, `Priority`, `Source`, `Status`, `Timestamp`, `Title`)
VALUES (@p0, @p1, @p2, @p3, @p4, @p5, @p6, @p7, @p8, @p9);
SELECT `Id`
FROM `CenterAlerts`
WHERE ROW_COUNT() = 1 AND `Id` = LAST_INSERT_ID();
2026-10-06 18:32:55 - INF - Executed DbCommand (2ms) [Parameters=[], CommandType='"Text"', CommandTimeout='30']
SELECT `s`.`Id`, `s`.`AlertId`, `s`.`Classification`, `s`.`Content`, `s`.`Lat`, `s`.`Lon`, `s`.`Priority`, `s`.`Source`, `s`.`Status`, `s`.`Timestamp`, `s`.`Title`
FROM `SouthAlerts` AS `s`
WHERE `s`.`Status` = 'WAITING'
LIMIT 1
2026-10-06 18:32:55 - INF - Executed DbCommand (3ms) [Parameters=[@__title_0='?' (Size = 4000)], CommandType='"Text"', CommandTimeout='30']
SELECT `c`.`Id`, `c`.`AlertId`, `c`.`Classification`, `c`.`Content`, `c`.`Lat`, `c`.`Lon`, `c`.`Priority`, `c`.`Source`, `c`.`Status`, `c`.`Timestamp`, `c`.`Title`
FROM `CenterAlerts` AS `c`
WHERE `c`.`Title` = @__title_0
LIMIT 1
2026-10-06 18:32:55 - INF - Executed DbCommand (2ms) [Parameters=[@__title_0='?' (Size = 4000)], CommandType='"Text"', CommandTimeout='30']
SELECT `n`.`Id`, `n`.`AlertId`, `n`.`Classification`, `n`.`Content`, `n`.`Lat`, `n`.`Lon`, `n`.`Priority`, `n`.`Source`, `n`.`Status`, `n`.`Timestamp`, `n`.`Title`
FROM `NorthAlerts` AS `n`
WHERE `n`.`Title` = @__title_0
LIMIT 1
2026-10-06 18:32:55 - INF - Executed DbCommand (2ms) [Parameters=[@__title_0='?' (Size = 4000)], CommandType='"Text"', CommandTimeout='30']
SELECT `o`.`Id`, `o`.`AlertId`, `o`.`Classification`, `o`.`Content`, `o`.`Lat`, `o`.`Lon`, `o`.`Priority`, `o`.`Source`, `o`.`Status`, `o`.`Timestamp`, `o`.`Title`
FROM `OverseasAlerts` AS `o`
WHERE `o`.`Title` = @__title_0
LIMIT 1
2026-10-06 18:33:02 - INF - Executed DbCommand (3ms) [Parameters=[@p0='?' (Size = 4000), @p1='?' (Size = 4000), @p2='?' (Size = 4000), @p3='?' (DbType = Double), @p4='?' (DbType = Double), @p5='?' (Size = 4000), @p6='?' (Size = 4000), @p7='?' (Size = 4000), @p8='?' (Size = 4000), @p9='?' (Size = 4000)], CommandType='"Text"', CommandTimeout='30']
INSERT INTO `SouthAlerts` (`AlertId`, `Classification`, `Content`, `Lat`, `Lon`, `Priority`, `Source`, `Status`, `Timestamp`, `Title`)
VALUES (@p0, @p1, @p2, @p3, @p4, @p5, @p6, @p7, @p8, @p9);
SELECT `Id`
FROM `SouthAlerts`
WHERE ROW_COUNT() = 1 AND `Id` = LAST_INSERT_ID();
2026-10-06 18:33:02 - INF - Executed DbCommand (2ms) [Parameters=[], CommandType='"Text"', CommandTimeout='30']
SELECT `o`.`Id`, `o`.`AlertId`, `o`.`Classification`, `o`.`Content`, `o`.`Lat`, `o`.`Lon`, `o`.`Priority`, `o`.`Source`, `o`.`Status`, `o`.`Timestamp`, `o`.`Title`
FROM `OverseasAlerts` AS `o`
WHERE `o`.`Status` = 'WAITING'
LIMIT 1
2026-10-06 18:33:02 - INF - Executed DbCommand (2ms) [Parameters=[@__title_0='?' (Size = 4000)], CommandType='"Text"', CommandTimeout='30']
SELECT `c`.`Id`, `c`.`AlertId`, `c`.`Classification`, `c`.`Content`, `c`.`Lat`, `c`.`Lon`, `c`.`Priority`, `c`.`Source`, `c`.`Status`, `c`.`Timestamp`, `c`.`Title`
FROM `CenterAlerts` AS `c`
WHERE `c`.`Title` = @__title_0
LIMIT 1
2026-10-06 18:33:02 - INF - Executed DbCommand (2ms) [Parameters=[@__title_0='?' (Size = 4000)], CommandType='"Text"', CommandTimeout='30']
SELECT `n`.`Id`, `n`.`AlertId`, `n`.`Classification`, `n`.`Content`, `n`.`Lat`, `n`.`Lon`, `n`.`Priority`, `n`.`Source`, `n`.`Status`, `n`.`Timestamp`, `n`.`Title`
FROM `NorthAlerts` AS `n`
WHERE `n`.`Title` = @__title_0
LIMIT 1
2026-10-06 18:33:02 - INF - Executed DbCommand (1ms) [Parameters=[@__title_0='?' (Size = 4000)], CommandType='"Text"', CommandTimeout='30']
SELECT `o`.`Id`, `o`.`AlertId`, `o`.`Classification`, `o`.`Content`, `o`.`Lat`, `o`.`Lon`, `o`.`Priority`, `o`.`Source`, `o`.`Status`, `o`.`Timestamp`, `o`.`Title`
FROM `OverseasAlerts` AS `o`
WHERE `o`.`Title` = @__title_0
LIMIT 1
2026-10-06 18:33:09 - INF - Executed DbCommand (3ms) [Parameters=[@p0='?' (Size = 4000), @p1='?' (Size = 4000), @p2='?' (Size = 4000), @p3='?' (DbType = Double), @p4='?' (DbType = Double), @p5='?' (Size = 4000), @p6='?' (Size = 4000), @p7='?' (Size = 4000), @p8='?' (Size = 4000), @p9='?' (Size = 4000)], CommandType='"Text"', CommandTimeout='30']
INSERT INTO `OverseasAlerts` (`AlertId`, `Classification`, `Content`, `Lat`, `Lon`, `Priority`, `Source`, `Status`, `Timestamp`, `Title`)
VALUES (@p0, @p1, @p2, @p3, @p4, @p5, @p6, @p7, @p8, @p9);
SELECT `Id`
FROM `OverseasAlerts`
WHERE ROW_COUNT() = 1 AND `Id` = LAST_INSERT_ID();
2026-10-06 18:33:09 - INF - Executed DbCommand (3ms) [Parameters=[], CommandType='"Text"', CommandTimeout='30']
SELECT `n`.`Id`, `n`.`AlertId`, `n`.`Classification`, `n`.`Content`, `n`.`Lat`, `n`.`Lon`, `n`.`Priority`, `n`.`Source`, `n`.`Status`, `n`.`Timestamp`, `n`.`Title`
FROM `NorthAlerts` AS `n`
WHERE `n`.`Status` = 'WAITING'
LIMIT 1
2026-10-06 18:33:09 - INF - Executed DbCommand (4ms) [Parameters=[@__title_0='?' (Size = 4000)], CommandType='"Text"', CommandTimeout='30']
SELECT `s`.`Id`, `s`.`AlertId`, `s`.`Classification`, `s`.`Content`, `s`.`Lat`, `s`.`Lon`, `s`.`Priority`, `s`.`Source`, `s`.`Status`, `s`.`Timestamp`, `s`.`Title`
FROM `SouthAlerts` AS `s`
WHERE `s`.`Title` = @__title_0
LIMIT 1
2026-10-06 18:33:09 - INF - Executed DbCommand (3ms) [Parameters=[@__title_0='?' (Size = 4000)], CommandType='"Text"', CommandTimeout='30']
SELECT `c`.`Id`, `c`.`AlertId`, `c`.`Classification`, `c`.`Content`, `c`.`Lat`, `c`.`Lon`, `c`.`Priority`, `c`.`Source`, `c`.`Status`, `c`.`Timestamp`, `c`.`Title`
FROM `CenterAlerts` AS `c`
WHERE `c`.`Title` = @__title_0
LIMIT 1
2026-10-06 18:33:09 - INF - Executed DbCommand (4ms) [Parameters=[@__title_0='?' (Size = 4000)], CommandType='"Text"', CommandTimeout='30']
SELECT `o`.`Id`, `o`.`AlertId`, `o`.`Classification`, `o`.`Content`, `o`.`Lat`, `o`.`Lon`, `o`.`Priority`, `o`.`Source`, `o`.`Status`, `o`.`Timestamp`, `o`.`Title`
FROM `OverseasAlerts` AS `o`
WHERE `o`.`Title` = @__title_0
LIMIT 1
2026-10-06 18:33:09 - FTL - same Alerts to all comands! ירי רקטות וטילים
2026-10-06 18:33:15 - INF - Executed DbCommand (2ms) [Parameters=[@p0='?' (Size = 4000), @p1='?' (Size = 4000), @p2='?' (Size = 4000), @p3='?' (DbType = Double), @p4='?' (DbType = Double), @p5='?' (Size = 4000), @p6='?' (Size = 4000), @p7='?' (Size = 4000), @p8='?' (Size = 4000), @p9='?' (Size = 4000)], CommandType='"Text"', CommandTimeout='30']
INSERT INTO `NorthAlerts` (`AlertId`, `Classification`, `Content`, `Lat`, `Lon`, `Priority`, `Source`, `Status`, `Timestamp`, `Title`)
VALUES (@p0, @p1, @p2, @p3, @p4, @p5, @p6, @p7, @p8, @p9);
SELECT `Id`
FROM `NorthAlerts`
WHERE ROW_COUNT() = 1 AND `Id` = LAST_INSERT_ID();
2026-10-06 18:33:15 - INF - Executed DbCommand (4ms) [Parameters=[], CommandType='"Text"', CommandTimeout='30']
SELECT `c`.`Id`, `c`.`AlertId`, `c`.`Classification`, `c`.`Content`, `c`.`Lat`, `c`.`Lon`, `c`.`Priority`, `c`.`Source`, `c`.`Status`, `c`.`Timestamp`, `c`.`Title`
FROM `CenterAlerts` AS `c`
WHERE `c`.`Status` = 'WAITING'
LIMIT 1
2026-10-06 18:33:15 - INF - Executed DbCommand (2ms) [Parameters=[@__title_0='?' (Size = 4000)], CommandType='"Text"', CommandTimeout='30']
SELECT `s`.`Id`, `s`.`AlertId`, `s`.`Classification`, `s`.`Content`, `s`.`Lat`, `s`.`Lon`, `s`.`Priority`, `s`.`Source`, `s`.`Status`, `s`.`Timestamp`, `s`.`Title`
FROM `SouthAlerts` AS `s`
WHERE `s`.`Title` = @__title_0
LIMIT 1
2026-10-06 18:33:15 - INF - Executed DbCommand (2ms) [Parameters=[@__title_0='?' (Size = 4000)], CommandType='"Text"', CommandTimeout='30']
SELECT `n`.`Id`, `n`.`AlertId`, `n`.`Classification`, `n`.`Content`, `n`.`Lat`, `n`.`Lon`, `n`.`Priority`, `n`.`Source`, `n`.`Status`, `n`.`Timestamp`, `n`.`Title`
FROM `NorthAlerts` AS `n`
WHERE `n`.`Title` = @__title_0
LIMIT 1
2026-10-06 18:33:15 - INF - Executed DbCommand (2ms) [Parameters=[@__title_0='?' (Size = 4000)], CommandType='"Text"', CommandTimeout='30']
SELECT `o`.`Id`, `o`.`AlertId`, `o`.`Classification`, `o`.`Content`, `o`.`Lat`, `o`.`Lon`, `o`.`Priority`, `o`.`Source`, `o`.`Status`, `o`.`Timestamp`, `o`.`Title`
FROM `OverseasAlerts` AS `o`
WHERE `o`.`Title` = @__title_0
LIMIT 1
2026-10-06 18:33:17 - INF - Executed DbCommand (7ms) [Parameters=[@p0='?' (Size = 4000), @p1='?' (Size = 4000), @p2='?' (Size = 4000), @p3='?' (DbType = Double), @p4='?' (DbType = Double), @p5='?' (Size = 4000), @p6='?' (Size = 4000), @p7='?' (Size = 4000), @p8='?' (Size = 4000), @p9='?' (Size = 4000)], CommandType='"Text"', CommandTimeout='30']
INSERT INTO `CenterAlerts` (`AlertId`, `Classification`, `Content`, `Lat`, `Lon`, `Priority`, `Source`, `Status`, `Timestamp`, `Title`)
VALUES (@p0, @p1, @p2, @p3, @p4, @p5, @p6, @p7, @p8, @p9);
SELECT `Id`
FROM `CenterAlerts`
WHERE ROW_COUNT() = 1 AND `Id` = LAST_INSERT_ID();
2026-10-06 18:33:17 - INF - Executed DbCommand (4ms) [Parameters=[], CommandType='"Text"', CommandTimeout='30']
SELECT `s`.`Id`, `s`.`AlertId`, `s`.`Classification`, `s`.`Content`, `s`.`Lat`, `s`.`Lon`, `s`.`Priority`, `s`.`Source`, `s`.`Status`, `s`.`Timestamp`, `s`.`Title`
FROM `SouthAlerts` AS `s`
WHERE `s`.`Status` = 'WAITING'
LIMIT 1
2026-10-06 18:33:17 - INF - Executed DbCommand (6ms) [Parameters=[@__title_0='?' (Size = 4000)], CommandType='"Text"', CommandTimeout='30']
SELECT `c`.`Id`, `c`.`AlertId`, `c`.`Classification`, `c`.`Content`, `c`.`Lat`, `c`.`Lon`, `c`.`Priority`, `c`.`Source`, `c`.`Status`, `c`.`Timestamp`, `c`.`Title`
FROM `CenterAlerts` AS `c`
WHERE `c`.`Title` = @__title_0
LIMIT 1
2026-10-06 18:33:17 - INF - Executed DbCommand (3ms) [Parameters=[@__title_0='?' (Size = 4000)], CommandType='"Text"', CommandTimeout='30']
SELECT `n`.`Id`, `n`.`AlertId`, `n`.`Classification`, `n`.`Content`, `n`.`Lat`, `n`.`Lon`, `n`.`Priority`, `n`.`Source`, `n`.`Status`, `n`.`Timestamp`, `n`.`Title`
FROM `NorthAlerts` AS `n`
WHERE `n`.`Title` = @__title_0
LIMIT 1
2026-10-06 18:33:17 - INF - Executed DbCommand (4ms) [Parameters=[@__title_0='?' (Size = 4000)], CommandType='"Text"', CommandTimeout='30']
SELECT `o`.`Id`, `o`.`AlertId`, `o`.`Classification`, `o`.`Content`, `o`.`Lat`, `o`.`Lon`, `o`.`Priority`, `o`.`Source`, `o`.`Status`, `o`.`Timestamp`, `o`.`Title`
FROM `OverseasAlerts` AS `o`
WHERE `o`.`Title` = @__title_0
LIMIT 1
2026-10-06 18:33:24 - INF - Executed DbCommand (5ms) [Parameters=[@p0='?' (Size = 4000), @p1='?' (Size = 4000), @p2='?' (Size = 4000), @p3='?' (DbType = Double), @p4='?' (DbType = Double), @p5='?' (Size = 4000), @p6='?' (Size = 4000), @p7='?' (Size = 4000), @p8='?' (Size = 4000), @p9='?' (Size = 4000)], CommandType='"Text"', CommandTimeout='30']
INSERT INTO `SouthAlerts` (`AlertId`, `Classification`, `Content`, `Lat`, `Lon`, `Priority`, `Source`, `Status`, `Timestamp`, `Title`)
VALUES (@p0, @p1, @p2, @p3, @p4, @p5, @p6, @p7, @p8, @p9);
SELECT `Id`
FROM `SouthAlerts`
WHERE ROW_COUNT() = 1 AND `Id` = LAST_INSERT_ID();
2026-10-06 18:33:24 - INF - Executed DbCommand (2ms) [Parameters=[], CommandType='"Text"', CommandTimeout='30']
SELECT `o`.`Id`, `o`.`AlertId`, `o`.`Classification`, `o`.`Content`, `o`.`Lat`, `o`.`Lon`, `o`.`Priority`, `o`.`Source`, `o`.`Status`, `o`.`Timestamp`, `o`.`Title`
FROM `OverseasAlerts` AS `o`
WHERE `o`.`Status` = 'WAITING'
LIMIT 1
2026-10-06 18:33:24 - INF - Executed DbCommand (3ms) [Parameters=[@__title_0='?' (Size = 4000)], CommandType='"Text"', CommandTimeout='30']
SELECT `c`.`Id`, `c`.`AlertId`, `c`.`Classification`, `c`.`Content`, `c`.`Lat`, `c`.`Lon`, `c`.`Priority`, `c`.`Source`, `c`.`Status`, `c`.`Timestamp`, `c`.`Title`
FROM `CenterAlerts` AS `c`
WHERE `c`.`Title` = @__title_0
LIMIT 1
2026-10-06 18:33:24 - INF - Executed DbCommand (3ms) [Parameters=[@__title_0='?' (Size = 4000)], CommandType='"Text"', CommandTimeout='30']
SELECT `n`.`Id`, `n`.`AlertId`, `n`.`Classification`, `n`.`Content`, `n`.`Lat`, `n`.`Lon`, `n`.`Priority`, `n`.`Source`, `n`.`Status`, `n`.`Timestamp`, `n`.`Title`
FROM `NorthAlerts` AS `n`
WHERE `n`.`Title` = @__title_0
LIMIT 1
2026-10-06 18:33:24 - INF - Executed DbCommand (2ms) [Parameters=[@__title_0='?' (Size = 4000)], CommandType='"Text"', CommandTimeout='30']
SELECT `o`.`Id`, `o`.`AlertId`, `o`.`Classification`, `o`.`Content`, `o`.`Lat`, `o`.`Lon`, `o`.`Priority`, `o`.`Source`, `o`.`Status`, `o`.`Timestamp`, `o`.`Title`
FROM `OverseasAlerts` AS `o`
WHERE `o`.`Title` = @__title_0
LIMIT 1
2026-10-06 18:33:31 - INF - Executed DbCommand (4ms) [Parameters=[@p0='?' (Size = 4000), @p1='?' (Size = 4000), @p2='?' (Size = 4000), @p3='?' (DbType = Double), @p4='?' (DbType = Double), @p5='?' (Size = 4000), @p6='?' (Size = 4000), @p7='?' (Size = 4000), @p8='?' (Size = 4000), @p9='?' (Size = 4000)], CommandType='"Text"', CommandTimeout='30']
INSERT INTO `OverseasAlerts` (`AlertId`, `Classification`, `Content`, `Lat`, `Lon`, `Priority`, `Source`, `Status`, `Timestamp`, `Title`)
VALUES (@p0, @p1, @p2, @p3, @p4, @p5, @p6, @p7, @p8, @p9);
SELECT `Id`
FROM `OverseasAlerts`
WHERE ROW_COUNT() = 1 AND `Id` = LAST_INSERT_ID();
2026-10-06 18:33:31 - INF - Executed DbCommand (1ms) [Parameters=[], CommandType='"Text"', CommandTimeout='30']
SELECT `n`.`Id`, `n`.`AlertId`, `n`.`Classification`, `n`.`Content`, `n`.`Lat`, `n`.`Lon`, `n`.`Priority`, `n`.`Source`, `n`.`Status`, `n`.`Timestamp`, `n`.`Title`
FROM `NorthAlerts` AS `n`
WHERE `n`.`Status` = 'WAITING'
LIMIT 1
2026-10-06 18:33:31 - INF - Executed DbCommand (1ms) [Parameters=[@__title_0='?' (Size = 4000)], CommandType='"Text"', CommandTimeout='30']
SELECT `s`.`Id`, `s`.`AlertId`, `s`.`Classification`, `s`.`Content`, `s`.`Lat`, `s`.`Lon`, `s`.`Priority`, `s`.`Source`, `s`.`Status`, `s`.`Timestamp`, `s`.`Title`
FROM `SouthAlerts` AS `s`
WHERE `s`.`Title` = @__title_0
LIMIT 1
2026-10-06 18:33:31 - INF - Executed DbCommand (1ms) [Parameters=[@__title_0='?' (Size = 4000)], CommandType='"Text"', CommandTimeout='30']
SELECT `c`.`Id`, `c`.`AlertId`, `c`.`Classification`, `c`.`Content`, `c`.`Lat`, `c`.`Lon`, `c`.`Priority`, `c`.`Source`, `c`.`Status`, `c`.`Timestamp`, `c`.`Title`
FROM `CenterAlerts` AS `c`
WHERE `c`.`Title` = @__title_0
LIMIT 1
2026-10-06 18:33:31 - INF - Executed DbCommand (1ms) [Parameters=[@__title_0='?' (Size = 4000)], CommandType='"Text"', CommandTimeout='30']
SELECT `o`.`Id`, `o`.`AlertId`, `o`.`Classification`, `o`.`Content`, `o`.`Lat`, `o`.`Lon`, `o`.`Priority`, `o`.`Source`, `o`.`Status`, `o`.`Timestamp`, `o`.`Title`
FROM `OverseasAlerts` AS `o`
WHERE `o`.`Title` = @__title_0
LIMIT 1
2026-10-06 18:33:31 - FTL - same Alerts to all comands! ירי רקטות וטילים
2026-10-06 18:33:37 - INF - Executed DbCommand (1ms) [Parameters=[@p0='?' (Size = 4000), @p1='?' (Size = 4000), @p2='?' (Size = 4000), @p3='?' (DbType = Double), @p4='?' (DbType = Double), @p5='?' (Size = 4000), @p6='?' (Size = 4000), @p7='?' (Size = 4000), @p8='?' (Size = 4000), @p9='?' (Size = 4000)], CommandType='"Text"', CommandTimeout='30']
INSERT INTO `NorthAlerts` (`AlertId`, `Classification`, `Content`, `Lat`, `Lon`, `Priority`, `Source`, `Status`, `Timestamp`, `Title`)
VALUES (@p0, @p1, @p2, @p3, @p4, @p5, @p6, @p7, @p8, @p9);
SELECT `Id`
FROM `NorthAlerts`
WHERE ROW_COUNT() = 1 AND `Id` = LAST_INSERT_ID();
2026-10-06 18:33:37 - INF - Executed DbCommand (1ms) [Parameters=[], CommandType='"Text"', CommandTimeout='30']
SELECT `c`.`Id`, `c`.`AlertId`, `c`.`Classification`, `c`.`Content`, `c`.`Lat`, `c`.`Lon`, `c`.`Priority`, `c`.`Source`, `c`.`Status`, `c`.`Timestamp`, `c`.`Title`
FROM `CenterAlerts` AS `c`
WHERE `c`.`Status` = 'WAITING'
LIMIT 1
2026-10-06 18:33:37 - INF - Executed DbCommand (1ms) [Parameters=[@__title_0='?' (Size = 4000)], CommandType='"Text"', CommandTimeout='30']
SELECT `s`.`Id`, `s`.`AlertId`, `s`.`Classification`, `s`.`Content`, `s`.`Lat`, `s`.`Lon`, `s`.`Priority`, `s`.`Source`, `s`.`Status`, `s`.`Timestamp`, `s`.`Title`
FROM `SouthAlerts` AS `s`
WHERE `s`.`Title` = @__title_0
LIMIT 1
2026-10-06 18:33:37 - INF - Executed DbCommand (1ms) [Parameters=[@__title_0='?' (Size = 4000)], CommandType='"Text"', CommandTimeout='30']
SELECT `n`.`Id`, `n`.`AlertId`, `n`.`Classification`, `n`.`Content`, `n`.`Lat`, `n`.`Lon`, `n`.`Priority`, `n`.`Source`, `n`.`Status`, `n`.`Timestamp`, `n`.`Title`
FROM `NorthAlerts` AS `n`
WHERE `n`.`Title` = @__title_0
LIMIT 1
2026-10-06 18:33:37 - INF - Executed DbCommand (1ms) [Parameters=[@__title_0='?' (Size = 4000)], CommandType='"Text"', CommandTimeout='30']
SELECT `o`.`Id`, `o`.`AlertId`, `o`.`Classification`, `o`.`Content`, `o`.`Lat`, `o`.`Lon`, `o`.`Priority`, `o`.`Source`, `o`.`Status`, `o`.`Timestamp`, `o`.`Title`
FROM `OverseasAlerts` AS `o`
WHERE `o`.`Title` = @__title_0
LIMIT 1
2026-10-06 18:33:39 - INF - Executed DbCommand (2ms) [Parameters=[@p0='?' (Size = 4000), @p1='?' (Size = 4000), @p2='?' (Size = 4000), @p3='?' (DbType = Double), @p4='?' (DbType = Double), @p5='?' (Size = 4000), @p6='?' (Size = 4000), @p7='?' (Size = 4000), @p8='?' (Size = 4000), @p9='?' (Size = 4000)], CommandType='"Text"', CommandTimeout='30']
INSERT INTO `CenterAlerts` (`AlertId`, `Classification`, `Content`, `Lat`, `Lon`, `Priority`, `Source`, `Status`, `Timestamp`, `Title`)
VALUES (@p0, @p1, @p2, @p3, @p4, @p5, @p6, @p7, @p8, @p9);
SELECT `Id`
FROM `CenterAlerts`
WHERE ROW_COUNT() = 1 AND `Id` = LAST_INSERT_ID();
2026-10-06 18:33:39 - INF - Executed DbCommand (2ms) [Parameters=[], CommandType='"Text"', CommandTimeout='30']
SELECT `s`.`Id`, `s`.`AlertId`, `s`.`Classification`, `s`.`Content`, `s`.`Lat`, `s`.`Lon`, `s`.`Priority`, `s`.`Source`, `s`.`Status`, `s`.`Timestamp`, `s`.`Title`
FROM `SouthAlerts` AS `s`
WHERE `s`.`Status` = 'WAITING'
LIMIT 1
2026-10-06 18:33:39 - INF - Executed DbCommand (2ms) [Parameters=[@__title_0='?' (Size = 4000)], CommandType='"Text"', CommandTimeout='30']
SELECT `c`.`Id`, `c`.`AlertId`, `c`.`Classification`, `c`.`Content`, `c`.`Lat`, `c`.`Lon`, `c`.`Priority`, `c`.`Source`, `c`.`Status`, `c`.`Timestamp`, `c`.`Title`
FROM `CenterAlerts` AS `c`
WHERE `c`.`Title` = @__title_0
LIMIT 1
2026-10-06 18:33:39 - INF - Executed DbCommand (1ms) [Parameters=[@__title_0='?' (Size = 4000)], CommandType='"Text"', CommandTimeout='30']
SELECT `n`.`Id`, `n`.`AlertId`, `n`.`Classification`, `n`.`Content`, `n`.`Lat`, `n`.`Lon`, `n`.`Priority`, `n`.`Source`, `n`.`Status`, `n`.`Timestamp`, `n`.`Title`
FROM `NorthAlerts` AS `n`
WHERE `n`.`Title` = @__title_0
LIMIT 1
2026-10-06 18:33:39 - INF - Executed DbCommand (2ms) [Parameters=[@__title_0='?' (Size = 4000)], CommandType='"Text"', CommandTimeout='30']
SELECT `o`.`Id`, `o`.`AlertId`, `o`.`Classification`, `o`.`Content`, `o`.`Lat`, `o`.`Lon`, `o`.`Priority`, `o`.`Source`, `o`.`Status`, `o`.`Timestamp`, `o`.`Title`
FROM `OverseasAlerts` AS `o`
WHERE `o`.`Title` = @__title_0
LIMIT 1
2026-10-06 18:33:46 - INF - Executed DbCommand (4ms) [Parameters=[@p0='?' (Size = 4000), @p1='?' (Size = 4000), @p2='?' (Size = 4000), @p3='?' (DbType = Double), @p4='?' (DbType = Double), @p5='?' (Size = 4000), @p6='?' (Size = 4000), @p7='?' (Size = 4000), @p8='?' (Size = 4000), @p9='?' (Size = 4000)], CommandType='"Text"', CommandTimeout='30']
INSERT INTO `SouthAlerts` (`AlertId`, `Classification`, `Content`, `Lat`, `Lon`, `Priority`, `Source`, `Status`, `Timestamp`, `Title`)
VALUES (@p0, @p1, @p2, @p3, @p4, @p5, @p6, @p7, @p8, @p9);
SELECT `Id`
FROM `SouthAlerts`
WHERE ROW_COUNT() = 1 AND `Id` = LAST_INSERT_ID();
2026-10-06 18:33:46 - INF - Executed DbCommand (2ms) [Parameters=[], CommandType='"Text"', CommandTimeout='30']
SELECT `o`.`Id`, `o`.`AlertId`, `o`.`Classification`, `o`.`Content`, `o`.`Lat`, `o`.`Lon`, `o`.`Priority`, `o`.`Source`, `o`.`Status`, `o`.`Timestamp`, `o`.`Title`
FROM `OverseasAlerts` AS `o`
WHERE `o`.`Status` = 'WAITING'
LIMIT 1
2026-10-06 18:33:46 - INF - Executed DbCommand (2ms) [Parameters=[@__title_0='?' (Size = 4000)], CommandType='"Text"', CommandTimeout='30']
SELECT `c`.`Id`, `c`.`AlertId`, `c`.`Classification`, `c`.`Content`, `c`.`Lat`, `c`.`Lon`, `c`.`Priority`, `c`.`Source`, `c`.`Status`, `c`.`Timestamp`, `c`.`Title`
FROM `CenterAlerts` AS `c`
WHERE `c`.`Title` = @__title_0
LIMIT 1
2026-10-06 18:33:46 - INF - Executed DbCommand (3ms) [Parameters=[@__title_0='?' (Size = 4000)], CommandType='"Text"', CommandTimeout='30']
SELECT `n`.`Id`, `n`.`AlertId`, `n`.`Classification`, `n`.`Content`, `n`.`Lat`, `n`.`Lon`, `n`.`Priority`, `n`.`Source`, `n`.`Status`, `n`.`Timestamp`, `n`.`Title`
FROM `NorthAlerts` AS `n`
WHERE `n`.`Title` = @__title_0
LIMIT 1
2026-10-06 18:33:46 - INF - Executed DbCommand (2ms) [Parameters=[@__title_0='?' (Size = 4000)], CommandType='"Text"', CommandTimeout='30']
SELECT `o`.`Id`, `o`.`AlertId`, `o`.`Classification`, `o`.`Content`, `o`.`Lat`, `o`.`Lon`, `o`.`Priority`, `o`.`Source`, `o`.`Status`, `o`.`Timestamp`, `o`.`Title`
FROM `OverseasAlerts` AS `o`
WHERE `o`.`Title` = @__title_0
LIMIT 1
2026-10-06 18:33:54 - INF - Executed DbCommand (3ms) [Parameters=[@p0='?' (Size = 4000), @p1='?' (Size = 4000), @p2='?' (Size = 4000), @p3='?' (DbType = Double), @p4='?' (DbType = Double), @p5='?' (Size = 4000), @p6='?' (Size = 4000), @p7='?' (Size = 4000), @p8='?' (Size = 4000), @p9='?' (Size = 4000)], CommandType='"Text"', CommandTimeout='30']
INSERT INTO `OverseasAlerts` (`AlertId`, `Classification`, `Content`, `Lat`, `Lon`, `Priority`, `Source`, `Status`, `Timestamp`, `Title`)
VALUES (@p0, @p1, @p2, @p3, @p4, @p5, @p6, @p7, @p8, @p9);
SELECT `Id`
FROM `OverseasAlerts`
WHERE ROW_COUNT() = 1 AND `Id` = LAST_INSERT_ID();
2026-10-06 18:33:54 - INF - Executed DbCommand (2ms) [Parameters=[], CommandType='"Text"', CommandTimeout='30']
SELECT `n`.`Id`, `n`.`AlertId`, `n`.`Classification`, `n`.`Content`, `n`.`Lat`, `n`.`Lon`, `n`.`Priority`, `n`.`Source`, `n`.`Status`, `n`.`Timestamp`, `n`.`Title`
FROM `NorthAlerts` AS `n`
WHERE `n`.`Status` = 'WAITING'
LIMIT 1
2026-10-06 18:33:54 - INF - Executed DbCommand (1ms) [Parameters=[@__title_0='?' (Size = 4000)], CommandType='"Text"', CommandTimeout='30']
SELECT `s`.`Id`, `s`.`AlertId`, `s`.`Classification`, `s`.`Content`, `s`.`Lat`, `s`.`Lon`, `s`.`Priority`, `s`.`Source`, `s`.`Status`, `s`.`Timestamp`, `s`.`Title`
FROM `SouthAlerts` AS `s`
WHERE `s`.`Title` = @__title_0
LIMIT 1
2026-10-06 18:33:54 - INF - Executed DbCommand (2ms) [Parameters=[@__title_0='?' (Size = 4000)], CommandType='"Text"', CommandTimeout='30']
SELECT `c`.`Id`, `c`.`AlertId`, `c`.`Classification`, `c`.`Content`, `c`.`Lat`, `c`.`Lon`, `c`.`Priority`, `c`.`Source`, `c`.`Status`, `c`.`Timestamp`, `c`.`Title`
FROM `CenterAlerts` AS `c`
WHERE `c`.`Title` = @__title_0
LIMIT 1
2026-10-06 18:33:54 - INF - Executed DbCommand (3ms) [Parameters=[@__title_0='?' (Size = 4000)], CommandType='"Text"', CommandTimeout='30']
SELECT `o`.`Id`, `o`.`AlertId`, `o`.`Classification`, `o`.`Content`, `o`.`Lat`, `o`.`Lon`, `o`.`Priority`, `o`.`Source`, `o`.`Status`, `o`.`Timestamp`, `o`.`Title`
FROM `OverseasAlerts` AS `o`
WHERE `o`.`Title` = @__title_0
LIMIT 1
2026-10-06 18:33:54 - FTL - same Alerts to all comands! ירי רקטות וטילים
2026-10-06 18:34:00 - INF - Executed DbCommand (2ms) [Parameters=[@p0='?' (Size = 4000), @p1='?' (Size = 4000), @p2='?' (Size = 4000), @p3='?' (DbType = Double), @p4='?' (DbType = Double), @p5='?' (Size = 4000), @p6='?' (Size = 4000), @p7='?' (Size = 4000), @p8='?' (Size = 4000), @p9='?' (Size = 4000)], CommandType='"Text"', CommandTimeout='30']
INSERT INTO `NorthAlerts` (`AlertId`, `Classification`, `Content`, `Lat`, `Lon`, `Priority`, `Source`, `Status`, `Timestamp`, `Title`)
VALUES (@p0, @p1, @p2, @p3, @p4, @p5, @p6, @p7, @p8, @p9);
SELECT `Id`
FROM `NorthAlerts`
WHERE ROW_COUNT() = 1 AND `Id` = LAST_INSERT_ID();
2026-10-06 18:34:00 - INF - Executed DbCommand (2ms) [Parameters=[], CommandType='"Text"', CommandTimeout='30']
SELECT `c`.`Id`, `c`.`AlertId`, `c`.`Classification`, `c`.`Content`, `c`.`Lat`, `c`.`Lon`, `c`.`Priority`, `c`.`Source`, `c`.`Status`, `c`.`Timestamp`, `c`.`Title`
FROM `CenterAlerts` AS `c`
WHERE `c`.`Status` = 'WAITING'
LIMIT 1
2026-10-06 18:34:00 - INF - Executed DbCommand (3ms) [Parameters=[@__title_0='?' (Size = 4000)], CommandType='"Text"', CommandTimeout='30']
SELECT `s`.`Id`, `s`.`AlertId`, `s`.`Classification`, `s`.`Content`, `s`.`Lat`, `s`.`Lon`, `s`.`Priority`, `s`.`Source`, `s`.`Status`, `s`.`Timestamp`, `s`.`Title`
FROM `SouthAlerts` AS `s`
WHERE `s`.`Title` = @__title_0
LIMIT 1
2026-10-06 18:34:00 - INF - Executed DbCommand (4ms) [Parameters=[@__title_0='?' (Size = 4000)], CommandType='"Text"', CommandTimeout='30']
SELECT `n`.`Id`, `n`.`AlertId`, `n`.`Classification`, `n`.`Content`, `n`.`Lat`, `n`.`Lon`, `n`.`Priority`, `n`.`Source`, `n`.`Status`, `n`.`Timestamp`, `n`.`Title`
FROM `NorthAlerts` AS `n`
WHERE `n`.`Title` = @__title_0
LIMIT 1
2026-10-06 18:34:00 - INF - Executed DbCommand (4ms) [Parameters=[@__title_0='?' (Size = 4000)], CommandType='"Text"', CommandTimeout='30']
SELECT `o`.`Id`, `o`.`AlertId`, `o`.`Classification`, `o`.`Content`, `o`.`Lat`, `o`.`Lon`, `o`.`Priority`, `o`.`Source`, `o`.`Status`, `o`.`Timestamp`, `o`.`Title`
FROM `OverseasAlerts` AS `o`
WHERE `o`.`Title` = @__title_0
LIMIT 1
2026-10-06 18:34:02 - INF - Executed DbCommand (3ms) [Parameters=[@p0='?' (Size = 4000), @p1='?' (Size = 4000), @p2='?' (Size = 4000), @p3='?' (DbType = Double), @p4='?' (DbType = Double), @p5='?' (Size = 4000), @p6='?' (Size = 4000), @p7='?' (Size = 4000), @p8='?' (Size = 4000), @p9='?' (Size = 4000)], CommandType='"Text"', CommandTimeout='30']
INSERT INTO `CenterAlerts` (`AlertId`, `Classification`, `Content`, `Lat`, `Lon`, `Priority`, `Source`, `Status`, `Timestamp`, `Title`)
VALUES (@p0, @p1, @p2, @p3, @p4, @p5, @p6, @p7, @p8, @p9);
SELECT `Id`
FROM `CenterAlerts`
WHERE ROW_COUNT() = 1 AND `Id` = LAST_INSERT_ID();
2026-10-06 18:34:02 - INF - Executed DbCommand (2ms) [Parameters=[], CommandType='"Text"', CommandTimeout='30']
SELECT `s`.`Id`, `s`.`AlertId`, `s`.`Classification`, `s`.`Content`, `s`.`Lat`, `s`.`Lon`, `s`.`Priority`, `s`.`Source`, `s`.`Status`, `s`.`Timestamp`, `s`.`Title`
FROM `SouthAlerts` AS `s`
WHERE `s`.`Status` = 'WAITING'
LIMIT 1
2026-10-06 18:34:02 - INF - Executed DbCommand (3ms) [Parameters=[@__title_0='?' (Size = 4000)], CommandType='"Text"', CommandTimeout='30']
SELECT `c`.`Id`, `c`.`AlertId`, `c`.`Classification`, `c`.`Content`, `c`.`Lat`, `c`.`Lon`, `c`.`Priority`, `c`.`Source`, `c`.`Status`, `c`.`Timestamp`, `c`.`Title`
FROM `CenterAlerts` AS `c`
WHERE `c`.`Title` = @__title_0
LIMIT 1
2026-10-06 18:34:02 - INF - Executed DbCommand (2ms) [Parameters=[@__title_0='?' (Size = 4000)], CommandType='"Text"', CommandTimeout='30']
SELECT `n`.`Id`, `n`.`AlertId`, `n`.`Classification`, `n`.`Content`, `n`.`Lat`, `n`.`Lon`, `n`.`Priority`, `n`.`Source`, `n`.`Status`, `n`.`Timestamp`, `n`.`Title`
FROM `NorthAlerts` AS `n`
WHERE `n`.`Title` = @__title_0
LIMIT 1
2026-10-06 18:34:02 - INF - Executed DbCommand (2ms) [Parameters=[@__title_0='?' (Size = 4000)], CommandType='"Text"', CommandTimeout='30']
SELECT `o`.`Id`, `o`.`AlertId`, `o`.`Classification`, `o`.`Content`, `o`.`Lat`, `o`.`Lon`, `o`.`Priority`, `o`.`Source`, `o`.`Status`, `o`.`Timestamp`, `o`.`Title`
FROM `OverseasAlerts` AS `o`
WHERE `o`.`Title` = @__title_0
LIMIT 1
2026-10-06 18:34:09 - INF - Executed DbCommand (2ms) [Parameters=[@p0='?' (Size = 4000), @p1='?' (Size = 4000), @p2='?' (Size = 4000), @p3='?' (DbType = Double), @p4='?' (DbType = Double), @p5='?' (Size = 4000), @p6='?' (Size = 4000), @p7='?' (Size = 4000), @p8='?' (Size = 4000), @p9='?' (Size = 4000)], CommandType='"Text"', CommandTimeout='30']
INSERT INTO `SouthAlerts` (`AlertId`, `Classification`, `Content`, `Lat`, `Lon`, `Priority`, `Source`, `Status`, `Timestamp`, `Title`)
VALUES (@p0, @p1, @p2, @p3, @p4, @p5, @p6, @p7, @p8, @p9);
SELECT `Id`
FROM `SouthAlerts`
WHERE ROW_COUNT() = 1 AND `Id` = LAST_INSERT_ID();
2026-10-06 18:34:09 - INF - Executed DbCommand (2ms) [Parameters=[], CommandType='"Text"', CommandTimeout='30']
SELECT `o`.`Id`, `o`.`AlertId`, `o`.`Classification`, `o`.`Content`, `o`.`Lat`, `o`.`Lon`, `o`.`Priority`, `o`.`Source`, `o`.`Status`, `o`.`Timestamp`, `o`.`Title`
FROM `OverseasAlerts` AS `o`
WHERE `o`.`Status` = 'WAITING'
LIMIT 1
2026-10-06 18:34:09 - INF - Executed DbCommand (2ms) [Parameters=[@__title_0='?' (Size = 4000)], CommandType='"Text"', CommandTimeout='30']
SELECT `c`.`Id`, `c`.`AlertId`, `c`.`Classification`, `c`.`Content`, `c`.`Lat`, `c`.`Lon`, `c`.`Priority`, `c`.`Source`, `c`.`Status`, `c`.`Timestamp`, `c`.`Title`
FROM `CenterAlerts` AS `c`
WHERE `c`.`Title` = @__title_0
LIMIT 1
2026-10-06 18:34:09 - INF - Executed DbCommand (2ms) [Parameters=[@__title_0='?' (Size = 4000)], CommandType='"Text"', CommandTimeout='30']
SELECT `n`.`Id`, `n`.`AlertId`, `n`.`Classification`, `n`.`Content`, `n`.`Lat`, `n`.`Lon`, `n`.`Priority`, `n`.`Source`, `n`.`Status`, `n`.`Timestamp`, `n`.`Title`
FROM `NorthAlerts` AS `n`
WHERE `n`.`Title` = @__title_0
LIMIT 1
2026-10-06 18:34:09 - INF - Executed DbCommand (1ms) [Parameters=[@__title_0='?' (Size = 4000)], CommandType='"Text"', CommandTimeout='30']
SELECT `o`.`Id`, `o`.`AlertId`, `o`.`Classification`, `o`.`Content`, `o`.`Lat`, `o`.`Lon`, `o`.`Priority`, `o`.`Source`, `o`.`Status`, `o`.`Timestamp`, `o`.`Title`
FROM `OverseasAlerts` AS `o`
WHERE `o`.`Title` = @__title_0
LIMIT 1
2026-10-06 18:34:16 - INF - Executed DbCommand (7ms) [Parameters=[@p0='?' (Size = 4000), @p1='?' (Size = 4000), @p2='?' (Size = 4000), @p3='?' (DbType = Double), @p4='?' (DbType = Double), @p5='?' (Size = 4000), @p6='?' (Size = 4000), @p7='?' (Size = 4000), @p8='?' (Size = 4000), @p9='?' (Size = 4000)], CommandType='"Text"', CommandTimeout='30']
INSERT INTO `OverseasAlerts` (`AlertId`, `Classification`, `Content`, `Lat`, `Lon`, `Priority`, `Source`, `Status`, `Timestamp`, `Title`)
VALUES (@p0, @p1, @p2, @p3, @p4, @p5, @p6, @p7, @p8, @p9);
SELECT `Id`
FROM `OverseasAlerts`
WHERE ROW_COUNT() = 1 AND `Id` = LAST_INSERT_ID();
2026-10-06 18:34:16 - INF - Executed DbCommand (1ms) [Parameters=[], CommandType='"Text"', CommandTimeout='30']
SELECT `n`.`Id`, `n`.`AlertId`, `n`.`Classification`, `n`.`Content`, `n`.`Lat`, `n`.`Lon`, `n`.`Priority`, `n`.`Source`, `n`.`Status`, `n`.`Timestamp`, `n`.`Title`
FROM `NorthAlerts` AS `n`
WHERE `n`.`Status` = 'WAITING'
LIMIT 1
2026-10-06 18:34:16 - INF - Executed DbCommand (1ms) [Parameters=[@__title_0='?' (Size = 4000)], CommandType='"Text"', CommandTimeout='30']
SELECT `s`.`Id`, `s`.`AlertId`, `s`.`Classification`, `s`.`Content`, `s`.`Lat`, `s`.`Lon`, `s`.`Priority`, `s`.`Source`, `s`.`Status`, `s`.`Timestamp`, `s`.`Title`
FROM `SouthAlerts` AS `s`
WHERE `s`.`Title` = @__title_0
LIMIT 1
2026-10-06 18:34:16 - INF - Executed DbCommand (1ms) [Parameters=[@__title_0='?' (Size = 4000)], CommandType='"Text"', CommandTimeout='30']
SELECT `c`.`Id`, `c`.`AlertId`, `c`.`Classification`, `c`.`Content`, `c`.`Lat`, `c`.`Lon`, `c`.`Priority`, `c`.`Source`, `c`.`Status`, `c`.`Timestamp`, `c`.`Title`
FROM `CenterAlerts` AS `c`
WHERE `c`.`Title` = @__title_0
LIMIT 1
2026-10-06 18:34:16 - INF - Executed DbCommand (1ms) [Parameters=[@__title_0='?' (Size = 4000)], CommandType='"Text"', CommandTimeout='30']
SELECT `o`.`Id`, `o`.`AlertId`, `o`.`Classification`, `o`.`Content`, `o`.`Lat`, `o`.`Lon`, `o`.`Priority`, `o`.`Source`, `o`.`Status`, `o`.`Timestamp`, `o`.`Title`
FROM `OverseasAlerts` AS `o`
WHERE `o`.`Title` = @__title_0
LIMIT 1
2026-10-06 18:34:16 - FTL - same Alerts to all comands! ירי רקטות וטילים
2026-10-06 18:34:22 - INF - Executed DbCommand (5ms) [Parameters=[@p0='?' (Size = 4000), @p1='?' (Size = 4000), @p2='?' (Size = 4000), @p3='?' (DbType = Double), @p4='?' (DbType = Double), @p5='?' (Size = 4000), @p6='?' (Size = 4000), @p7='?' (Size = 4000), @p8='?' (Size = 4000), @p9='?' (Size = 4000)], CommandType='"Text"', CommandTimeout='30']
INSERT INTO `NorthAlerts` (`AlertId`, `Classification`, `Content`, `Lat`, `Lon`, `Priority`, `Source`, `Status`, `Timestamp`, `Title`)
VALUES (@p0, @p1, @p2, @p3, @p4, @p5, @p6, @p7, @p8, @p9);
SELECT `Id`
FROM `NorthAlerts`
WHERE ROW_COUNT() = 1 AND `Id` = LAST_INSERT_ID();
2026-10-06 18:34:22 - INF - Executed DbCommand (2ms) [Parameters=[], CommandType='"Text"', CommandTimeout='30']
SELECT `c`.`Id`, `c`.`AlertId`, `c`.`Classification`, `c`.`Content`, `c`.`Lat`, `c`.`Lon`, `c`.`Priority`, `c`.`Source`, `c`.`Status`, `c`.`Timestamp`, `c`.`Title`
FROM `CenterAlerts` AS `c`
WHERE `c`.`Status` = 'WAITING'
LIMIT 1
2026-10-06 18:34:22 - INF - Executed DbCommand (2ms) [Parameters=[@__title_0='?' (Size = 4000)], CommandType='"Text"', CommandTimeout='30']
SELECT `s`.`Id`, `s`.`AlertId`, `s`.`Classification`, `s`.`Content`, `s`.`Lat`, `s`.`Lon`, `s`.`Priority`, `s`.`Source`, `s`.`Status`, `s`.`Timestamp`, `s`.`Title`
FROM `SouthAlerts` AS `s`
WHERE `s`.`Title` = @__title_0
LIMIT 1
2026-10-06 18:34:22 - INF - Executed DbCommand (2ms) [Parameters=[@__title_0='?' (Size = 4000)], CommandType='"Text"', CommandTimeout='30']
SELECT `n`.`Id`, `n`.`AlertId`, `n`.`Classification`, `n`.`Content`, `n`.`Lat`, `n`.`Lon`, `n`.`Priority`, `n`.`Source`, `n`.`Status`, `n`.`Timestamp`, `n`.`Title`
FROM `NorthAlerts` AS `n`
WHERE `n`.`Title` = @__title_0
LIMIT 1
2026-10-06 18:34:22 - INF - Executed DbCommand (3ms) [Parameters=[@__title_0='?' (Size = 4000)], CommandType='"Text"', CommandTimeout='30']
SELECT `o`.`Id`, `o`.`AlertId`, `o`.`Classification`, `o`.`Content`, `o`.`Lat`, `o`.`Lon`, `o`.`Priority`, `o`.`Source`, `o`.`Status`, `o`.`Timestamp`, `o`.`Title`
FROM `OverseasAlerts` AS `o`
WHERE `o`.`Title` = @__title_0
LIMIT 1
2026-10-06 18:34:24 - INF - Executed DbCommand (3ms) [Parameters=[@p0='?' (Size = 4000), @p1='?' (Size = 4000), @p2='?' (Size = 4000), @p3='?' (DbType = Double), @p4='?' (DbType = Double), @p5='?' (Size = 4000), @p6='?' (Size = 4000), @p7='?' (Size = 4000), @p8='?' (Size = 4000), @p9='?' (Size = 4000)], CommandType='"Text"', CommandTimeout='30']
INSERT INTO `CenterAlerts` (`AlertId`, `Classification`, `Content`, `Lat`, `Lon`, `Priority`, `Source`, `Status`, `Timestamp`, `Title`)
VALUES (@p0, @p1, @p2, @p3, @p4, @p5, @p6, @p7, @p8, @p9);
SELECT `Id`
FROM `CenterAlerts`
WHERE ROW_COUNT() = 1 AND `Id` = LAST_INSERT_ID();
2026-10-06 18:34:24 - INF - Executed DbCommand (2ms) [Parameters=[], CommandType='"Text"', CommandTimeout='30']
SELECT `s`.`Id`, `s`.`AlertId`, `s`.`Classification`, `s`.`Content`, `s`.`Lat`, `s`.`Lon`, `s`.`Priority`, `s`.`Source`, `s`.`Status`, `s`.`Timestamp`, `s`.`Title`
FROM `SouthAlerts` AS `s`
WHERE `s`.`Status` = 'WAITING'
LIMIT 1
2026-10-06 18:34:24 - INF - Executed DbCommand (2ms) [Parameters=[@__title_0='?' (Size = 4000)], CommandType='"Text"', CommandTimeout='30']
SELECT `c`.`Id`, `c`.`AlertId`, `c`.`Classification`, `c`.`Content`, `c`.`Lat`, `c`.`Lon`, `c`.`Priority`, `c`.`Source`, `c`.`Status`, `c`.`Timestamp`, `c`.`Title`
FROM `CenterAlerts` AS `c`
WHERE `c`.`Title` = @__title_0
LIMIT 1
2026-10-06 18:34:24 - INF - Executed DbCommand (2ms) [Parameters=[@__title_0='?' (Size = 4000)], CommandType='"Text"', CommandTimeout='30']
SELECT `n`.`Id`, `n`.`AlertId`, `n`.`Classification`, `n`.`Content`, `n`.`Lat`, `n`.`Lon`, `n`.`Priority`, `n`.`Source`, `n`.`Status`, `n`.`Timestamp`, `n`.`Title`
FROM `NorthAlerts` AS `n`
WHERE `n`.`Title` = @__title_0
LIMIT 1
2026-10-06 18:34:24 - INF - Executed DbCommand (2ms) [Parameters=[@__title_0='?' (Size = 4000)], CommandType='"Text"', CommandTimeout='30']
SELECT `o`.`Id`, `o`.`AlertId`, `o`.`Classification`, `o`.`Content`, `o`.`Lat`, `o`.`Lon`, `o`.`Priority`, `o`.`Source`, `o`.`Status`, `o`.`Timestamp`, `o`.`Title`
FROM `OverseasAlerts` AS `o`
WHERE `o`.`Title` = @__title_0
LIMIT 1
2026-10-06 18:34:31 - INF - Executed DbCommand (36ms) [Parameters=[@p0='?' (Size = 4000), @p1='?' (Size = 4000), @p2='?' (Size = 4000), @p3='?' (DbType = Double), @p4='?' (DbType = Double), @p5='?' (Size = 4000), @p6='?' (Size = 4000), @p7='?' (Size = 4000), @p8='?' (Size = 4000), @p9='?' (Size = 4000)], CommandType='"Text"', CommandTimeout='30']
INSERT INTO `SouthAlerts` (`AlertId`, `Classification`, `Content`, `Lat`, `Lon`, `Priority`, `Source`, `Status`, `Timestamp`, `Title`)
VALUES (@p0, @p1, @p2, @p3, @p4, @p5, @p6, @p7, @p8, @p9);
SELECT `Id`
FROM `SouthAlerts`
WHERE ROW_COUNT() = 1 AND `Id` = LAST_INSERT_ID();
2026-10-06 18:34:31 - INF - Executed DbCommand (4ms) [Parameters=[], CommandType='"Text"', CommandTimeout='30']
SELECT `o`.`Id`, `o`.`AlertId`, `o`.`Classification`, `o`.`Content`, `o`.`Lat`, `o`.`Lon`, `o`.`Priority`, `o`.`Source`, `o`.`Status`, `o`.`Timestamp`, `o`.`Title`
FROM `OverseasAlerts` AS `o`
WHERE `o`.`Status` = 'WAITING'
LIMIT 1
2026-10-06 18:34:31 - INF - Executed DbCommand (5ms) [Parameters=[@__title_0='?' (Size = 4000)], CommandType='"Text"', CommandTimeout='30']
SELECT `c`.`Id`, `c`.`AlertId`, `c`.`Classification`, `c`.`Content`, `c`.`Lat`, `c`.`Lon`, `c`.`Priority`, `c`.`Source`, `c`.`Status`, `c`.`Timestamp`, `c`.`Title`
FROM `CenterAlerts` AS `c`
WHERE `c`.`Title` = @__title_0
LIMIT 1
2026-10-06 18:34:31 - INF - Executed DbCommand (6ms) [Parameters=[@__title_0='?' (Size = 4000)], CommandType='"Text"', CommandTimeout='30']
SELECT `n`.`Id`, `n`.`AlertId`, `n`.`Classification`, `n`.`Content`, `n`.`Lat`, `n`.`Lon`, `n`.`Priority`, `n`.`Source`, `n`.`Status`, `n`.`Timestamp`, `n`.`Title`
FROM `NorthAlerts` AS `n`
WHERE `n`.`Title` = @__title_0
LIMIT 1
2026-10-06 18:34:31 - INF - Executed DbCommand (4ms) [Parameters=[@__title_0='?' (Size = 4000)], CommandType='"Text"', CommandTimeout='30']
SELECT `o`.`Id`, `o`.`AlertId`, `o`.`Classification`, `o`.`Content`, `o`.`Lat`, `o`.`Lon`, `o`.`Priority`, `o`.`Source`, `o`.`Status`, `o`.`Timestamp`, `o`.`Title`
FROM `OverseasAlerts` AS `o`
WHERE `o`.`Title` = @__title_0
LIMIT 1
2026-10-06 18:34:38 - INF - Executed DbCommand (4ms) [Parameters=[@p0='?' (Size = 4000), @p1='?' (Size = 4000), @p2='?' (Size = 4000), @p3='?' (DbType = Double), @p4='?' (DbType = Double), @p5='?' (Size = 4000), @p6='?' (Size = 4000), @p7='?' (Size = 4000), @p8='?' (Size = 4000), @p9='?' (Size = 4000)], CommandType='"Text"', CommandTimeout='30']
INSERT INTO `OverseasAlerts` (`AlertId`, `Classification`, `Content`, `Lat`, `Lon`, `Priority`, `Source`, `Status`, `Timestamp`, `Title`)
VALUES (@p0, @p1, @p2, @p3, @p4, @p5, @p6, @p7, @p8, @p9);
SELECT `Id`
FROM `OverseasAlerts`
WHERE ROW_COUNT() = 1 AND `Id` = LAST_INSERT_ID();
2026-10-06 18:34:38 - INF - Executed DbCommand (2ms) [Parameters=[], CommandType='"Text"', CommandTimeout='30']
SELECT `n`.`Id`, `n`.`AlertId`, `n`.`Classification`, `n`.`Content`, `n`.`Lat`, `n`.`Lon`, `n`.`Priority`, `n`.`Source`, `n`.`Status`, `n`.`Timestamp`, `n`.`Title`
FROM `NorthAlerts` AS `n`
WHERE `n`.`Status` = 'WAITING'
LIMIT 1
2026-10-06 18:34:38 - INF - Executed DbCommand (2ms) [Parameters=[@__title_0='?' (Size = 4000)], CommandType='"Text"', CommandTimeout='30']
SELECT `s`.`Id`, `s`.`AlertId`, `s`.`Classification`, `s`.`Content`, `s`.`Lat`, `s`.`Lon`, `s`.`Priority`, `s`.`Source`, `s`.`Status`, `s`.`Timestamp`, `s`.`Title`
FROM `SouthAlerts` AS `s`
WHERE `s`.`Title` = @__title_0
LIMIT 1
2026-10-06 18:34:38 - INF - Executed DbCommand (2ms) [Parameters=[@__title_0='?' (Size = 4000)], CommandType='"Text"', CommandTimeout='30']
SELECT `c`.`Id`, `c`.`AlertId`, `c`.`Classification`, `c`.`Content`, `c`.`Lat`, `c`.`Lon`, `c`.`Priority`, `c`.`Source`, `c`.`Status`, `c`.`Timestamp`, `c`.`Title`
FROM `CenterAlerts` AS `c`
WHERE `c`.`Title` = @__title_0
LIMIT 1
2026-10-06 18:34:38 - INF - Executed DbCommand (2ms) [Parameters=[@__title_0='?' (Size = 4000)], CommandType='"Text"', CommandTimeout='30']
SELECT `o`.`Id`, `o`.`AlertId`, `o`.`Classification`, `o`.`Content`, `o`.`Lat`, `o`.`Lon`, `o`.`Priority`, `o`.`Source`, `o`.`Status`, `o`.`Timestamp`, `o`.`Title`
FROM `OverseasAlerts` AS `o`
WHERE `o`.`Title` = @__title_0
LIMIT 1
2026-10-06 18:34:38 - FTL - same Alerts to all comands! ירי רקטות וטילים
2026-10-06 18:34:44 - INF - Executed DbCommand (6ms) [Parameters=[@p0='?' (Size = 4000), @p1='?' (Size = 4000), @p2='?' (Size = 4000), @p3='?' (DbType = Double), @p4='?' (DbType = Double), @p5='?' (Size = 4000), @p6='?' (Size = 4000), @p7='?' (Size = 4000), @p8='?' (Size = 4000), @p9='?' (Size = 4000)], CommandType='"Text"', CommandTimeout='30']
INSERT INTO `NorthAlerts` (`AlertId`, `Classification`, `Content`, `Lat`, `Lon`, `Priority`, `Source`, `Status`, `Timestamp`, `Title`)
VALUES (@p0, @p1, @p2, @p3, @p4, @p5, @p6, @p7, @p8, @p9);
SELECT `Id`
FROM `NorthAlerts`
WHERE ROW_COUNT() = 1 AND `Id` = LAST_INSERT_ID();
2026-10-06 18:34:44 - INF - Executed DbCommand (18ms) [Parameters=[], CommandType='"Text"', CommandTimeout='30']
SELECT `c`.`Id`, `c`.`AlertId`, `c`.`Classification`, `c`.`Content`, `c`.`Lat`, `c`.`Lon`, `c`.`Priority`, `c`.`Source`, `c`.`Status`, `c`.`Timestamp`, `c`.`Title`
FROM `CenterAlerts` AS `c`
WHERE `c`.`Status` = 'WAITING'
LIMIT 1
2026-10-06 18:34:44 - INF - Executed DbCommand (3ms) [Parameters=[@__title_0='?' (Size = 4000)], CommandType='"Text"', CommandTimeout='30']
SELECT `s`.`Id`, `s`.`AlertId`, `s`.`Classification`, `s`.`Content`, `s`.`Lat`, `s`.`Lon`, `s`.`Priority`, `s`.`Source`, `s`.`Status`, `s`.`Timestamp`, `s`.`Title`
FROM `SouthAlerts` AS `s`
WHERE `s`.`Title` = @__title_0
LIMIT 1
2026-10-06 18:34:44 - INF - Executed DbCommand (7ms) [Parameters=[@__title_0='?' (Size = 4000)], CommandType='"Text"', CommandTimeout='30']
SELECT `n`.`Id`, `n`.`AlertId`, `n`.`Classification`, `n`.`Content`, `n`.`Lat`, `n`.`Lon`, `n`.`Priority`, `n`.`Source`, `n`.`Status`, `n`.`Timestamp`, `n`.`Title`
FROM `NorthAlerts` AS `n`
WHERE `n`.`Title` = @__title_0
LIMIT 1
2026-10-06 18:34:44 - INF - Executed DbCommand (3ms) [Parameters=[@__title_0='?' (Size = 4000)], CommandType='"Text"', CommandTimeout='30']
SELECT `o`.`Id`, `o`.`AlertId`, `o`.`Classification`, `o`.`Content`, `o`.`Lat`, `o`.`Lon`, `o`.`Priority`, `o`.`Source`, `o`.`Status`, `o`.`Timestamp`, `o`.`Title`
FROM `OverseasAlerts` AS `o`
WHERE `o`.`Title` = @__title_0
LIMIT 1
2026-10-06 18:34:46 - INF - Executed DbCommand (2ms) [Parameters=[@p0='?' (Size = 4000), @p1='?' (Size = 4000), @p2='?' (Size = 4000), @p3='?' (DbType = Double), @p4='?' (DbType = Double), @p5='?' (Size = 4000), @p6='?' (Size = 4000), @p7='?' (Size = 4000), @p8='?' (Size = 4000), @p9='?' (Size = 4000)], CommandType='"Text"', CommandTimeout='30']
INSERT INTO `CenterAlerts` (`AlertId`, `Classification`, `Content`, `Lat`, `Lon`, `Priority`, `Source`, `Status`, `Timestamp`, `Title`)
VALUES (@p0, @p1, @p2, @p3, @p4, @p5, @p6, @p7, @p8, @p9);
SELECT `Id`
FROM `CenterAlerts`
WHERE ROW_COUNT() = 1 AND `Id` = LAST_INSERT_ID();
2026-10-06 18:34:46 - INF - Executed DbCommand (1ms) [Parameters=[], CommandType='"Text"', CommandTimeout='30']
SELECT `s`.`Id`, `s`.`AlertId`, `s`.`Classification`, `s`.`Content`, `s`.`Lat`, `s`.`Lon`, `s`.`Priority`, `s`.`Source`, `s`.`Status`, `s`.`Timestamp`, `s`.`Title`
FROM `SouthAlerts` AS `s`
WHERE `s`.`Status` = 'WAITING'
LIMIT 1
2026-10-06 18:34:46 - INF - Executed DbCommand (1ms) [Parameters=[@__title_0='?' (Size = 4000)], CommandType='"Text"', CommandTimeout='30']
SELECT `c`.`Id`, `c`.`AlertId`, `c`.`Classification`, `c`.`Content`, `c`.`Lat`, `c`.`Lon`, `c`.`Priority`, `c`.`Source`, `c`.`Status`, `c`.`Timestamp`, `c`.`Title`
FROM `CenterAlerts` AS `c`
WHERE `c`.`Title` = @__title_0
LIMIT 1
2026-10-06 18:34:46 - INF - Executed DbCommand (1ms) [Parameters=[@__title_0='?' (Size = 4000)], CommandType='"Text"', CommandTimeout='30']
SELECT `n`.`Id`, `n`.`AlertId`, `n`.`Classification`, `n`.`Content`, `n`.`Lat`, `n`.`Lon`, `n`.`Priority`, `n`.`Source`, `n`.`Status`, `n`.`Timestamp`, `n`.`Title`
FROM `NorthAlerts` AS `n`
WHERE `n`.`Title` = @__title_0
LIMIT 1
2026-10-06 18:34:46 - INF - Executed DbCommand (1ms) [Parameters=[@__title_0='?' (Size = 4000)], CommandType='"Text"', CommandTimeout='30']
SELECT `o`.`Id`, `o`.`AlertId`, `o`.`Classification`, `o`.`Content`, `o`.`Lat`, `o`.`Lon`, `o`.`Priority`, `o`.`Source`, `o`.`Status`, `o`.`Timestamp`, `o`.`Title`
FROM `OverseasAlerts` AS `o`
WHERE `o`.`Title` = @__title_0
LIMIT 1
2026-10-06 18:34:53 - INF - Executed DbCommand (2ms) [Parameters=[@p0='?' (Size = 4000), @p1='?' (Size = 4000), @p2='?' (Size = 4000), @p3='?' (DbType = Double), @p4='?' (DbType = Double), @p5='?' (Size = 4000), @p6='?' (Size = 4000), @p7='?' (Size = 4000), @p8='?' (Size = 4000), @p9='?' (Size = 4000)], CommandType='"Text"', CommandTimeout='30']
INSERT INTO `SouthAlerts` (`AlertId`, `Classification`, `Content`, `Lat`, `Lon`, `Priority`, `Source`, `Status`, `Timestamp`, `Title`)
VALUES (@p0, @p1, @p2, @p3, @p4, @p5, @p6, @p7, @p8, @p9);
SELECT `Id`
FROM `SouthAlerts`
WHERE ROW_COUNT() = 1 AND `Id` = LAST_INSERT_ID();
2026-10-06 18:34:53 - INF - Executed DbCommand (1ms) [Parameters=[], CommandType='"Text"', CommandTimeout='30']
SELECT `o`.`Id`, `o`.`AlertId`, `o`.`Classification`, `o`.`Content`, `o`.`Lat`, `o`.`Lon`, `o`.`Priority`, `o`.`Source`, `o`.`Status`, `o`.`Timestamp`, `o`.`Title`
FROM `OverseasAlerts` AS `o`
WHERE `o`.`Status` = 'WAITING'
LIMIT 1
2026-10-06 18:34:53 - INF - Executed DbCommand (2ms) [Parameters=[@__title_0='?' (Size = 4000)], CommandType='"Text"', CommandTimeout='30']
SELECT `c`.`Id`, `c`.`AlertId`, `c`.`Classification`, `c`.`Content`, `c`.`Lat`, `c`.`Lon`, `c`.`Priority`, `c`.`Source`, `c`.`Status`, `c`.`Timestamp`, `c`.`Title`
FROM `CenterAlerts` AS `c`
WHERE `c`.`Title` = @__title_0
LIMIT 1
2026-10-06 18:34:53 - INF - Executed DbCommand (1ms) [Parameters=[@__title_0='?' (Size = 4000)], CommandType='"Text"', CommandTimeout='30']
SELECT `n`.`Id`, `n`.`AlertId`, `n`.`Classification`, `n`.`Content`, `n`.`Lat`, `n`.`Lon`, `n`.`Priority`, `n`.`Source`, `n`.`Status`, `n`.`Timestamp`, `n`.`Title`
FROM `NorthAlerts` AS `n`
WHERE `n`.`Title` = @__title_0
LIMIT 1
2026-10-06 18:34:53 - INF - Executed DbCommand (1ms) [Parameters=[@__title_0='?' (Size = 4000)], CommandType='"Text"', CommandTimeout='30']
SELECT `o`.`Id`, `o`.`AlertId`, `o`.`Classification`, `o`.`Content`, `o`.`Lat`, `o`.`Lon`, `o`.`Priority`, `o`.`Source`, `o`.`Status`, `o`.`Timestamp`, `o`.`Title`
FROM `OverseasAlerts` AS `o`
WHERE `o`.`Title` = @__title_0
LIMIT 1
2026-10-06 18:35:00 - INF - Executed DbCommand (2ms) [Parameters=[@p0='?' (Size = 4000), @p1='?' (Size = 4000), @p2='?' (Size = 4000), @p3='?' (DbType = Double), @p4='?' (DbType = Double), @p5='?' (Size = 4000), @p6='?' (Size = 4000), @p7='?' (Size = 4000), @p8='?' (Size = 4000), @p9='?' (Size = 4000)], CommandType='"Text"', CommandTimeout='30']
INSERT INTO `OverseasAlerts` (`AlertId`, `Classification`, `Content`, `Lat`, `Lon`, `Priority`, `Source`, `Status`, `Timestamp`, `Title`)
VALUES (@p0, @p1, @p2, @p3, @p4, @p5, @p6, @p7, @p8, @p9);
SELECT `Id`
FROM `OverseasAlerts`
WHERE ROW_COUNT() = 1 AND `Id` = LAST_INSERT_ID();
2026-10-06 18:35:00 - INF - Executed DbCommand (3ms) [Parameters=[], CommandType='"Text"', CommandTimeout='30']
SELECT `n`.`Id`, `n`.`AlertId`, `n`.`Classification`, `n`.`Content`, `n`.`Lat`, `n`.`Lon`, `n`.`Priority`, `n`.`Source`, `n`.`Status`, `n`.`Timestamp`, `n`.`Title`
FROM `NorthAlerts` AS `n`
WHERE `n`.`Status` = 'WAITING'
LIMIT 1
2026-10-06 18:35:00 - INF - Executed DbCommand (3ms) [Parameters=[@__title_0='?' (Size = 4000)], CommandType='"Text"', CommandTimeout='30']
SELECT `s`.`Id`, `s`.`AlertId`, `s`.`Classification`, `s`.`Content`, `s`.`Lat`, `s`.`Lon`, `s`.`Priority`, `s`.`Source`, `s`.`Status`, `s`.`Timestamp`, `s`.`Title`
FROM `SouthAlerts` AS `s`
WHERE `s`.`Title` = @__title_0
LIMIT 1
2026-10-06 18:35:00 - INF - Executed DbCommand (3ms) [Parameters=[@__title_0='?' (Size = 4000)], CommandType='"Text"', CommandTimeout='30']
SELECT `c`.`Id`, `c`.`AlertId`, `c`.`Classification`, `c`.`Content`, `c`.`Lat`, `c`.`Lon`, `c`.`Priority`, `c`.`Source`, `c`.`Status`, `c`.`Timestamp`, `c`.`Title`
FROM `CenterAlerts` AS `c`
WHERE `c`.`Title` = @__title_0
LIMIT 1
2026-10-06 18:35:00 - INF - Executed DbCommand (1ms) [Parameters=[@__title_0='?' (Size = 4000)], CommandType='"Text"', CommandTimeout='30']
SELECT `o`.`Id`, `o`.`AlertId`, `o`.`Classification`, `o`.`Content`, `o`.`Lat`, `o`.`Lon`, `o`.`Priority`, `o`.`Source`, `o`.`Status`, `o`.`Timestamp`, `o`.`Title`
FROM `OverseasAlerts` AS `o`
WHERE `o`.`Title` = @__title_0
LIMIT 1
2026-10-06 18:35:00 - FTL - same Alerts to all comands! ירי רקטות וטילים
2026-10-06 18:35:06 - INF - Executed DbCommand (2ms) [Parameters=[@p0='?' (Size = 4000), @p1='?' (Size = 4000), @p2='?' (Size = 4000), @p3='?' (DbType = Double), @p4='?' (DbType = Double), @p5='?' (Size = 4000), @p6='?' (Size = 4000), @p7='?' (Size = 4000), @p8='?' (Size = 4000), @p9='?' (Size = 4000)], CommandType='"Text"', CommandTimeout='30']
INSERT INTO `NorthAlerts` (`AlertId`, `Classification`, `Content`, `Lat`, `Lon`, `Priority`, `Source`, `Status`, `Timestamp`, `Title`)
VALUES (@p0, @p1, @p2, @p3, @p4, @p5, @p6, @p7, @p8, @p9);
SELECT `Id`
FROM `NorthAlerts`
WHERE ROW_COUNT() = 1 AND `Id` = LAST_INSERT_ID();
2026-10-06 18:35:06 - INF - Executed DbCommand (3ms) [Parameters=[], CommandType='"Text"', CommandTimeout='30']
SELECT `c`.`Id`, `c`.`AlertId`, `c`.`Classification`, `c`.`Content`, `c`.`Lat`, `c`.`Lon`, `c`.`Priority`, `c`.`Source`, `c`.`Status`, `c`.`Timestamp`, `c`.`Title`
FROM `CenterAlerts` AS `c`
WHERE `c`.`Status` = 'WAITING'
LIMIT 1
2026-10-06 18:35:06 - INF - Executed DbCommand (1ms) [Parameters=[@__title_0='?' (Size = 4000)], CommandType='"Text"', CommandTimeout='30']
SELECT `s`.`Id`, `s`.`AlertId`, `s`.`Classification`, `s`.`Content`, `s`.`Lat`, `s`.`Lon`, `s`.`Priority`, `s`.`Source`, `s`.`Status`, `s`.`Timestamp`, `s`.`Title`
FROM `SouthAlerts` AS `s`
WHERE `s`.`Title` = @__title_0
LIMIT 1
2026-10-06 18:35:06 - INF - Executed DbCommand (1ms) [Parameters=[@__title_0='?' (Size = 4000)], CommandType='"Text"', CommandTimeout='30']
SELECT `n`.`Id`, `n`.`AlertId`, `n`.`Classification`, `n`.`Content`, `n`.`Lat`, `n`.`Lon`, `n`.`Priority`, `n`.`Source`, `n`.`Status`, `n`.`Timestamp`, `n`.`Title`
FROM `NorthAlerts` AS `n`
WHERE `n`.`Title` = @__title_0
LIMIT 1
2026-10-06 18:35:06 - INF - Executed DbCommand (1ms) [Parameters=[@__title_0='?' (Size = 4000)], CommandType='"Text"', CommandTimeout='30']
SELECT `o`.`Id`, `o`.`AlertId`, `o`.`Classification`, `o`.`Content`, `o`.`Lat`, `o`.`Lon`, `o`.`Priority`, `o`.`Source`, `o`.`Status`, `o`.`Timestamp`, `o`.`Title`
FROM `OverseasAlerts` AS `o`
WHERE `o`.`Title` = @__title_0
LIMIT 1
2026-10-06 18:35:08 - INF - Executed DbCommand (2ms) [Parameters=[@p0='?' (Size = 4000), @p1='?' (Size = 4000), @p2='?' (Size = 4000), @p3='?' (DbType = Double), @p4='?' (DbType = Double), @p5='?' (Size = 4000), @p6='?' (Size = 4000), @p7='?' (Size = 4000), @p8='?' (Size = 4000), @p9='?' (Size = 4000)], CommandType='"Text"', CommandTimeout='30']
INSERT INTO `CenterAlerts` (`AlertId`, `Classification`, `Content`, `Lat`, `Lon`, `Priority`, `Source`, `Status`, `Timestamp`, `Title`)
VALUES (@p0, @p1, @p2, @p3, @p4, @p5, @p6, @p7, @p8, @p9);
SELECT `Id`
FROM `CenterAlerts`
WHERE ROW_COUNT() = 1 AND `Id` = LAST_INSERT_ID();
2026-10-06 18:35:08 - INF - Executed DbCommand (2ms) [Parameters=[], CommandType='"Text"', CommandTimeout='30']
SELECT `s`.`Id`, `s`.`AlertId`, `s`.`Classification`, `s`.`Content`, `s`.`Lat`, `s`.`Lon`, `s`.`Priority`, `s`.`Source`, `s`.`Status`, `s`.`Timestamp`, `s`.`Title`
FROM `SouthAlerts` AS `s`
WHERE `s`.`Status` = 'WAITING'
LIMIT 1
2026-10-06 18:35:08 - INF - Executed DbCommand (1ms) [Parameters=[@__title_0='?' (Size = 4000)], CommandType='"Text"', CommandTimeout='30']
SELECT `c`.`Id`, `c`.`AlertId`, `c`.`Classification`, `c`.`Content`, `c`.`Lat`, `c`.`Lon`, `c`.`Priority`, `c`.`Source`, `c`.`Status`, `c`.`Timestamp`, `c`.`Title`
FROM `CenterAlerts` AS `c`
WHERE `c`.`Title` = @__title_0
LIMIT 1
2026-10-06 18:35:08 - INF - Executed DbCommand (1ms) [Parameters=[@__title_0='?' (Size = 4000)], CommandType='"Text"', CommandTimeout='30']
SELECT `n`.`Id`, `n`.`AlertId`, `n`.`Classification`, `n`.`Content`, `n`.`Lat`, `n`.`Lon`, `n`.`Priority`, `n`.`Source`, `n`.`Status`, `n`.`Timestamp`, `n`.`Title`
FROM `NorthAlerts` AS `n`
WHERE `n`.`Title` = @__title_0
LIMIT 1
2026-10-06 18:35:08 - INF - Executed DbCommand (1ms) [Parameters=[@__title_0='?' (Size = 4000)], CommandType='"Text"', CommandTimeout='30']
SELECT `o`.`Id`, `o`.`AlertId`, `o`.`Classification`, `o`.`Content`, `o`.`Lat`, `o`.`Lon`, `o`.`Priority`, `o`.`Source`, `o`.`Status`, `o`.`Timestamp`, `o`.`Title`
FROM `OverseasAlerts` AS `o`
WHERE `o`.`Title` = @__title_0
LIMIT 1
2026-10-06 18:35:15 - INF - Executed DbCommand (2ms) [Parameters=[@p0='?' (Size = 4000), @p1='?' (Size = 4000), @p2='?' (Size = 4000), @p3='?' (DbType = Double), @p4='?' (DbType = Double), @p5='?' (Size = 4000), @p6='?' (Size = 4000), @p7='?' (Size = 4000), @p8='?' (Size = 4000), @p9='?' (Size = 4000)], CommandType='"Text"', CommandTimeout='30']
INSERT INTO `SouthAlerts` (`AlertId`, `Classification`, `Content`, `Lat`, `Lon`, `Priority`, `Source`, `Status`, `Timestamp`, `Title`)
VALUES (@p0, @p1, @p2, @p3, @p4, @p5, @p6, @p7, @p8, @p9);
SELECT `Id`
FROM `SouthAlerts`
WHERE ROW_COUNT() = 1 AND `Id` = LAST_INSERT_ID();
2026-10-06 18:35:15 - INF - Executed DbCommand (3ms) [Parameters=[], CommandType='"Text"', CommandTimeout='30']
SELECT `o`.`Id`, `o`.`AlertId`, `o`.`Classification`, `o`.`Content`, `o`.`Lat`, `o`.`Lon`, `o`.`Priority`, `o`.`Source`, `o`.`Status`, `o`.`Timestamp`, `o`.`Title`
FROM `OverseasAlerts` AS `o`
WHERE `o`.`Status` = 'WAITING'
LIMIT 1
2026-10-06 18:35:15 - INF - Executed DbCommand (2ms) [Parameters=[@__title_0='?' (Size = 4000)], CommandType='"Text"', CommandTimeout='30']
SELECT `c`.`Id`, `c`.`AlertId`, `c`.`Classification`, `c`.`Content`, `c`.`Lat`, `c`.`Lon`, `c`.`Priority`, `c`.`Source`, `c`.`Status`, `c`.`Timestamp`, `c`.`Title`
FROM `CenterAlerts` AS `c`
WHERE `c`.`Title` = @__title_0
LIMIT 1
2026-10-06 18:35:15 - INF - Executed DbCommand (5ms) [Parameters=[@__title_0='?' (Size = 4000)], CommandType='"Text"', CommandTimeout='30']
SELECT `n`.`Id`, `n`.`AlertId`, `n`.`Classification`, `n`.`Content`, `n`.`Lat`, `n`.`Lon`, `n`.`Priority`, `n`.`Source`, `n`.`Status`, `n`.`Timestamp`, `n`.`Title`
FROM `NorthAlerts` AS `n`
WHERE `n`.`Title` = @__title_0
LIMIT 1
2026-10-06 18:35:15 - INF - Executed DbCommand (5ms) [Parameters=[@__title_0='?' (Size = 4000)], CommandType='"Text"', CommandTimeout='30']
SELECT `o`.`Id`, `o`.`AlertId`, `o`.`Classification`, `o`.`Content`, `o`.`Lat`, `o`.`Lon`, `o`.`Priority`, `o`.`Source`, `o`.`Status`, `o`.`Timestamp`, `o`.`Title`
FROM `OverseasAlerts` AS `o`
WHERE `o`.`Title` = @__title_0
LIMIT 1
2026-10-06 18:35:22 - INF - Executed DbCommand (1ms) [Parameters=[@p0='?' (Size = 4000), @p1='?' (Size = 4000), @p2='?' (Size = 4000), @p3='?' (DbType = Double), @p4='?' (DbType = Double), @p5='?' (Size = 4000), @p6='?' (Size = 4000), @p7='?' (Size = 4000), @p8='?' (Size = 4000), @p9='?' (Size = 4000)], CommandType='"Text"', CommandTimeout='30']
INSERT INTO `OverseasAlerts` (`AlertId`, `Classification`, `Content`, `Lat`, `Lon`, `Priority`, `Source`, `Status`, `Timestamp`, `Title`)
VALUES (@p0, @p1, @p2, @p3, @p4, @p5, @p6, @p7, @p8, @p9);
SELECT `Id`
FROM `OverseasAlerts`
WHERE ROW_COUNT() = 1 AND `Id` = LAST_INSERT_ID();
2026-10-06 18:35:22 - INF - Executed DbCommand (1ms) [Parameters=[], CommandType='"Text"', CommandTimeout='30']
SELECT `n`.`Id`, `n`.`AlertId`, `n`.`Classification`, `n`.`Content`, `n`.`Lat`, `n`.`Lon`, `n`.`Priority`, `n`.`Source`, `n`.`Status`, `n`.`Timestamp`, `n`.`Title`
FROM `NorthAlerts` AS `n`
WHERE `n`.`Status` = 'WAITING'
LIMIT 1
2026-10-06 18:35:22 - INF - Executed DbCommand (1ms) [Parameters=[@__title_0='?' (Size = 4000)], CommandType='"Text"', CommandTimeout='30']
SELECT `s`.`Id`, `s`.`AlertId`, `s`.`Classification`, `s`.`Content`, `s`.`Lat`, `s`.`Lon`, `s`.`Priority`, `s`.`Source`, `s`.`Status`, `s`.`Timestamp`, `s`.`Title`
FROM `SouthAlerts` AS `s`
WHERE `s`.`Title` = @__title_0
LIMIT 1
2026-10-06 18:35:22 - INF - Executed DbCommand (1ms) [Parameters=[@__title_0='?' (Size = 4000)], CommandType='"Text"', CommandTimeout='30']
SELECT `c`.`Id`, `c`.`AlertId`, `c`.`Classification`, `c`.`Content`, `c`.`Lat`, `c`.`Lon`, `c`.`Priority`, `c`.`Source`, `c`.`Status`, `c`.`Timestamp`, `c`.`Title`
FROM `CenterAlerts` AS `c`
WHERE `c`.`Title` = @__title_0
LIMIT 1
2026-10-06 18:35:22 - INF - Executed DbCommand (1ms) [Parameters=[@__title_0='?' (Size = 4000)], CommandType='"Text"', CommandTimeout='30']
SELECT `o`.`Id`, `o`.`AlertId`, `o`.`Classification`, `o`.`Content`, `o`.`Lat`, `o`.`Lon`, `o`.`Priority`, `o`.`Source`, `o`.`Status`, `o`.`Timestamp`, `o`.`Title`
FROM `OverseasAlerts` AS `o`
WHERE `o`.`Title` = @__title_0
LIMIT 1
2026-10-06 18:35:22 - FTL - same Alerts to all comands! ירי רקטות וטילים
2026-10-06 18:35:29 - INF - Executed DbCommand (4ms) [Parameters=[@p0='?' (Size = 4000), @p1='?' (Size = 4000), @p2='?' (Size = 4000), @p3='?' (DbType = Double), @p4='?' (DbType = Double), @p5='?' (Size = 4000), @p6='?' (Size = 4000), @p7='?' (Size = 4000), @p8='?' (Size = 4000), @p9='?' (Size = 4000)], CommandType='"Text"', CommandTimeout='30']
INSERT INTO `NorthAlerts` (`AlertId`, `Classification`, `Content`, `Lat`, `Lon`, `Priority`, `Source`, `Status`, `Timestamp`, `Title`)
VALUES (@p0, @p1, @p2, @p3, @p4, @p5, @p6, @p7, @p8, @p9);
SELECT `Id`
FROM `NorthAlerts`
WHERE ROW_COUNT() = 1 AND `Id` = LAST_INSERT_ID();
2026-10-06 18:35:29 - INF - Executed DbCommand (4ms) [Parameters=[], CommandType='"Text"', CommandTimeout='30']
SELECT `c`.`Id`, `c`.`AlertId`, `c`.`Classification`, `c`.`Content`, `c`.`Lat`, `c`.`Lon`, `c`.`Priority`, `c`.`Source`, `c`.`Status`, `c`.`Timestamp`, `c`.`Title`
FROM `CenterAlerts` AS `c`
WHERE `c`.`Status` = 'WAITING'
LIMIT 1
2026-10-06 18:35:29 - INF - Executed DbCommand (4ms) [Parameters=[@__title_0='?' (Size = 4000)], CommandType='"Text"', CommandTimeout='30']
SELECT `s`.`Id`, `s`.`AlertId`, `s`.`Classification`, `s`.`Content`, `s`.`Lat`, `s`.`Lon`, `s`.`Priority`, `s`.`Source`, `s`.`Status`, `s`.`Timestamp`, `s`.`Title`
FROM `SouthAlerts` AS `s`
WHERE `s`.`Title` = @__title_0
LIMIT 1
2026-10-06 18:35:29 - INF - Executed DbCommand (3ms) [Parameters=[@__title_0='?' (Size = 4000)], CommandType='"Text"', CommandTimeout='30']
SELECT `n`.`Id`, `n`.`AlertId`, `n`.`Classification`, `n`.`Content`, `n`.`Lat`, `n`.`Lon`, `n`.`Priority`, `n`.`Source`, `n`.`Status`, `n`.`Timestamp`, `n`.`Title`
FROM `NorthAlerts` AS `n`
WHERE `n`.`Title` = @__title_0
LIMIT 1
2026-10-06 18:35:29 - INF - Executed DbCommand (4ms) [Parameters=[@__title_0='?' (Size = 4000)], CommandType='"Text"', CommandTimeout='30']
SELECT `o`.`Id`, `o`.`AlertId`, `o`.`Classification`, `o`.`Content`, `o`.`Lat`, `o`.`Lon`, `o`.`Priority`, `o`.`Source`, `o`.`Status`, `o`.`Timestamp`, `o`.`Title`
FROM `OverseasAlerts` AS `o`
WHERE `o`.`Title` = @__title_0
LIMIT 1
2026-10-06 18:35:31 - INF - Executed DbCommand (1ms) [Parameters=[@p0='?' (Size = 4000), @p1='?' (Size = 4000), @p2='?' (Size = 4000), @p3='?' (DbType = Double), @p4='?' (DbType = Double), @p5='?' (Size = 4000), @p6='?' (Size = 4000), @p7='?' (Size = 4000), @p8='?' (Size = 4000), @p9='?' (Size = 4000)], CommandType='"Text"', CommandTimeout='30']
INSERT INTO `CenterAlerts` (`AlertId`, `Classification`, `Content`, `Lat`, `Lon`, `Priority`, `Source`, `Status`, `Timestamp`, `Title`)
VALUES (@p0, @p1, @p2, @p3, @p4, @p5, @p6, @p7, @p8, @p9);
SELECT `Id`
FROM `CenterAlerts`
WHERE ROW_COUNT() = 1 AND `Id` = LAST_INSERT_ID();
2026-10-06 18:35:31 - INF - Executed DbCommand (2ms) [Parameters=[], CommandType='"Text"', CommandTimeout='30']
SELECT `s`.`Id`, `s`.`AlertId`, `s`.`Classification`, `s`.`Content`, `s`.`Lat`, `s`.`Lon`, `s`.`Priority`, `s`.`Source`, `s`.`Status`, `s`.`Timestamp`, `s`.`Title`
FROM `SouthAlerts` AS `s`
WHERE `s`.`Status` = 'WAITING'
LIMIT 1
2026-10-06 18:35:31 - INF - Executed DbCommand (1ms) [Parameters=[@__title_0='?' (Size = 4000)], CommandType='"Text"', CommandTimeout='30']
SELECT `c`.`Id`, `c`.`AlertId`, `c`.`Classification`, `c`.`Content`, `c`.`Lat`, `c`.`Lon`, `c`.`Priority`, `c`.`Source`, `c`.`Status`, `c`.`Timestamp`, `c`.`Title`
FROM `CenterAlerts` AS `c`
WHERE `c`.`Title` = @__title_0
LIMIT 1
2026-10-06 18:35:31 - INF - Executed DbCommand (1ms) [Parameters=[@__title_0='?' (Size = 4000)], CommandType='"Text"', CommandTimeout='30']
SELECT `n`.`Id`, `n`.`AlertId`, `n`.`Classification`, `n`.`Content`, `n`.`Lat`, `n`.`Lon`, `n`.`Priority`, `n`.`Source`, `n`.`Status`, `n`.`Timestamp`, `n`.`Title`
FROM `NorthAlerts` AS `n`
WHERE `n`.`Title` = @__title_0
LIMIT 1
2026-10-06 18:35:31 - INF - Executed DbCommand (1ms) [Parameters=[@__title_0='?' (Size = 4000)], CommandType='"Text"', CommandTimeout='30']
SELECT `o`.`Id`, `o`.`AlertId`, `o`.`Classification`, `o`.`Content`, `o`.`Lat`, `o`.`Lon`, `o`.`Priority`, `o`.`Source`, `o`.`Status`, `o`.`Timestamp`, `o`.`Title`
FROM `OverseasAlerts` AS `o`
WHERE `o`.`Title` = @__title_0
LIMIT 1
2026-10-06 18:35:38 - INF - Executed DbCommand (2ms) [Parameters=[@p0='?' (Size = 4000), @p1='?' (Size = 4000), @p2='?' (Size = 4000), @p3='?' (DbType = Double), @p4='?' (DbType = Double), @p5='?' (Size = 4000), @p6='?' (Size = 4000), @p7='?' (Size = 4000), @p8='?' (Size = 4000), @p9='?' (Size = 4000)], CommandType='"Text"', CommandTimeout='30']
INSERT INTO `SouthAlerts` (`AlertId`, `Classification`, `Content`, `Lat`, `Lon`, `Priority`, `Source`, `Status`, `Timestamp`, `Title`)
VALUES (@p0, @p1, @p2, @p3, @p4, @p5, @p6, @p7, @p8, @p9);
SELECT `Id`
FROM `SouthAlerts`
WHERE ROW_COUNT() = 1 AND `Id` = LAST_INSERT_ID();
2026-10-06 18:35:38 - INF - Executed DbCommand (2ms) [Parameters=[], CommandType='"Text"', CommandTimeout='30']
SELECT `o`.`Id`, `o`.`AlertId`, `o`.`Classification`, `o`.`Content`, `o`.`Lat`, `o`.`Lon`, `o`.`Priority`, `o`.`Source`, `o`.`Status`, `o`.`Timestamp`, `o`.`Title`
FROM `OverseasAlerts` AS `o`
WHERE `o`.`Status` = 'WAITING'
LIMIT 1
2026-10-06 18:35:38 - INF - Executed DbCommand (2ms) [Parameters=[@__title_0='?' (Size = 4000)], CommandType='"Text"', CommandTimeout='30']
SELECT `c`.`Id`, `c`.`AlertId`, `c`.`Classification`, `c`.`Content`, `c`.`Lat`, `c`.`Lon`, `c`.`Priority`, `c`.`Source`, `c`.`Status`, `c`.`Timestamp`, `c`.`Title`
FROM `CenterAlerts` AS `c`
WHERE `c`.`Title` = @__title_0
LIMIT 1
2026-10-06 18:35:38 - INF - Executed DbCommand (2ms) [Parameters=[@__title_0='?' (Size = 4000)], CommandType='"Text"', CommandTimeout='30']
SELECT `n`.`Id`, `n`.`AlertId`, `n`.`Classification`, `n`.`Content`, `n`.`Lat`, `n`.`Lon`, `n`.`Priority`, `n`.`Source`, `n`.`Status`, `n`.`Timestamp`, `n`.`Title`
FROM `NorthAlerts` AS `n`
WHERE `n`.`Title` = @__title_0
LIMIT 1
2026-10-06 18:35:38 - INF - Executed DbCommand (2ms) [Parameters=[@__title_0='?' (Size = 4000)], CommandType='"Text"', CommandTimeout='30']
SELECT `o`.`Id`, `o`.`AlertId`, `o`.`Classification`, `o`.`Content`, `o`.`Lat`, `o`.`Lon`, `o`.`Priority`, `o`.`Source`, `o`.`Status`, `o`.`Timestamp`, `o`.`Title`
FROM `OverseasAlerts` AS `o`
WHERE `o`.`Title` = @__title_0
LIMIT 1
2026-10-06 18:35:45 - INF - Executed DbCommand (4ms) [Parameters=[@p0='?' (Size = 4000), @p1='?' (Size = 4000), @p2='?' (Size = 4000), @p3='?' (DbType = Double), @p4='?' (DbType = Double), @p5='?' (Size = 4000), @p6='?' (Size = 4000), @p7='?' (Size = 4000), @p8='?' (Size = 4000), @p9='?' (Size = 4000)], CommandType='"Text"', CommandTimeout='30']
INSERT INTO `OverseasAlerts` (`AlertId`, `Classification`, `Content`, `Lat`, `Lon`, `Priority`, `Source`, `Status`, `Timestamp`, `Title`)
VALUES (@p0, @p1, @p2, @p3, @p4, @p5, @p6, @p7, @p8, @p9);
SELECT `Id`
FROM `OverseasAlerts`
WHERE ROW_COUNT() = 1 AND `Id` = LAST_INSERT_ID();
2026-10-06 18:35:45 - INF - Executed DbCommand (1ms) [Parameters=[], CommandType='"Text"', CommandTimeout='30']
SELECT `n`.`Id`, `n`.`AlertId`, `n`.`Classification`, `n`.`Content`, `n`.`Lat`, `n`.`Lon`, `n`.`Priority`, `n`.`Source`, `n`.`Status`, `n`.`Timestamp`, `n`.`Title`
FROM `NorthAlerts` AS `n`
WHERE `n`.`Status` = 'WAITING'
LIMIT 1
2026-10-06 18:35:45 - INF - Executed DbCommand (2ms) [Parameters=[@__title_0='?' (Size = 4000)], CommandType='"Text"', CommandTimeout='30']
SELECT `s`.`Id`, `s`.`AlertId`, `s`.`Classification`, `s`.`Content`, `s`.`Lat`, `s`.`Lon`, `s`.`Priority`, `s`.`Source`, `s`.`Status`, `s`.`Timestamp`, `s`.`Title`
FROM `SouthAlerts` AS `s`
WHERE `s`.`Title` = @__title_0
LIMIT 1
2026-10-06 18:35:45 - INF - Executed DbCommand (1ms) [Parameters=[@__title_0='?' (Size = 4000)], CommandType='"Text"', CommandTimeout='30']
SELECT `c`.`Id`, `c`.`AlertId`, `c`.`Classification`, `c`.`Content`, `c`.`Lat`, `c`.`Lon`, `c`.`Priority`, `c`.`Source`, `c`.`Status`, `c`.`Timestamp`, `c`.`Title`
FROM `CenterAlerts` AS `c`
WHERE `c`.`Title` = @__title_0
LIMIT 1
2026-10-06 18:35:45 - INF - Executed DbCommand (1ms) [Parameters=[@__title_0='?' (Size = 4000)], CommandType='"Text"', CommandTimeout='30']
SELECT `o`.`Id`, `o`.`AlertId`, `o`.`Classification`, `o`.`Content`, `o`.`Lat`, `o`.`Lon`, `o`.`Priority`, `o`.`Source`, `o`.`Status`, `o`.`Timestamp`, `o`.`Title`
FROM `OverseasAlerts` AS `o`
WHERE `o`.`Title` = @__title_0
LIMIT 1
2026-10-06 18:35:45 - FTL - same Alerts to all comands! ירי רקטות וטילים
2026-10-06 18:35:51 - INF - Executed DbCommand (2ms) [Parameters=[@p0='?' (Size = 4000), @p1='?' (Size = 4000), @p2='?' (Size = 4000), @p3='?' (DbType = Double), @p4='?' (DbType = Double), @p5='?' (Size = 4000), @p6='?' (Size = 4000), @p7='?' (Size = 4000), @p8='?' (Size = 4000), @p9='?' (Size = 4000)], CommandType='"Text"', CommandTimeout='30']
INSERT INTO `NorthAlerts` (`AlertId`, `Classification`, `Content`, `Lat`, `Lon`, `Priority`, `Source`, `Status`, `Timestamp`, `Title`)
VALUES (@p0, @p1, @p2, @p3, @p4, @p5, @p6, @p7, @p8, @p9);
SELECT `Id`
FROM `NorthAlerts`
WHERE ROW_COUNT() = 1 AND `Id` = LAST_INSERT_ID();
2026-10-06 18:35:51 - INF - Executed DbCommand (3ms) [Parameters=[], CommandType='"Text"', CommandTimeout='30']
SELECT `c`.`Id`, `c`.`AlertId`, `c`.`Classification`, `c`.`Content`, `c`.`Lat`, `c`.`Lon`, `c`.`Priority`, `c`.`Source`, `c`.`Status`, `c`.`Timestamp`, `c`.`Title`
FROM `CenterAlerts` AS `c`
WHERE `c`.`Status` = 'WAITING'
LIMIT 1
2026-10-06 18:35:51 - INF - Executed DbCommand (4ms) [Parameters=[@__title_0='?' (Size = 4000)], CommandType='"Text"', CommandTimeout='30']
SELECT `s`.`Id`, `s`.`AlertId`, `s`.`Classification`, `s`.`Content`, `s`.`Lat`, `s`.`Lon`, `s`.`Priority`, `s`.`Source`, `s`.`Status`, `s`.`Timestamp`, `s`.`Title`
FROM `SouthAlerts` AS `s`
WHERE `s`.`Title` = @__title_0
LIMIT 1
2026-10-06 18:35:51 - INF - Executed DbCommand (1ms) [Parameters=[@__title_0='?' (Size = 4000)], CommandType='"Text"', CommandTimeout='30']
SELECT `n`.`Id`, `n`.`AlertId`, `n`.`Classification`, `n`.`Content`, `n`.`Lat`, `n`.`Lon`, `n`.`Priority`, `n`.`Source`, `n`.`Status`, `n`.`Timestamp`, `n`.`Title`
FROM `NorthAlerts` AS `n`
WHERE `n`.`Title` = @__title_0
LIMIT 1
2026-10-06 18:35:51 - INF - Executed DbCommand (1ms) [Parameters=[@__title_0='?' (Size = 4000)], CommandType='"Text"', CommandTimeout='30']
SELECT `o`.`Id`, `o`.`AlertId`, `o`.`Classification`, `o`.`Content`, `o`.`Lat`, `o`.`Lon`, `o`.`Priority`, `o`.`Source`, `o`.`Status`, `o`.`Timestamp`, `o`.`Title`
FROM `OverseasAlerts` AS `o`
WHERE `o`.`Title` = @__title_0
LIMIT 1
2026-10-06 18:35:53 - INF - Executed DbCommand (1ms) [Parameters=[@p0='?' (Size = 4000), @p1='?' (Size = 4000), @p2='?' (Size = 4000), @p3='?' (DbType = Double), @p4='?' (DbType = Double), @p5='?' (Size = 4000), @p6='?' (Size = 4000), @p7='?' (Size = 4000), @p8='?' (Size = 4000), @p9='?' (Size = 4000)], CommandType='"Text"', CommandTimeout='30']
INSERT INTO `CenterAlerts` (`AlertId`, `Classification`, `Content`, `Lat`, `Lon`, `Priority`, `Source`, `Status`, `Timestamp`, `Title`)
VALUES (@p0, @p1, @p2, @p3, @p4, @p5, @p6, @p7, @p8, @p9);
SELECT `Id`
FROM `CenterAlerts`
WHERE ROW_COUNT() = 1 AND `Id` = LAST_INSERT_ID();
2026-10-06 18:35:53 - INF - Executed DbCommand (1ms) [Parameters=[], CommandType='"Text"', CommandTimeout='30']
SELECT `s`.`Id`, `s`.`AlertId`, `s`.`Classification`, `s`.`Content`, `s`.`Lat`, `s`.`Lon`, `s`.`Priority`, `s`.`Source`, `s`.`Status`, `s`.`Timestamp`, `s`.`Title`
FROM `SouthAlerts` AS `s`
WHERE `s`.`Status` = 'WAITING'
LIMIT 1
2026-10-06 18:35:53 - INF - Executed DbCommand (1ms) [Parameters=[@__title_0='?' (Size = 4000)], CommandType='"Text"', CommandTimeout='30']
SELECT `c`.`Id`, `c`.`AlertId`, `c`.`Classification`, `c`.`Content`, `c`.`Lat`, `c`.`Lon`, `c`.`Priority`, `c`.`Source`, `c`.`Status`, `c`.`Timestamp`, `c`.`Title`
FROM `CenterAlerts` AS `c`
WHERE `c`.`Title` = @__title_0
LIMIT 1
2026-10-06 18:35:53 - INF - Executed DbCommand (1ms) [Parameters=[@__title_0='?' (Size = 4000)], CommandType='"Text"', CommandTimeout='30']
SELECT `n`.`Id`, `n`.`AlertId`, `n`.`Classification`, `n`.`Content`, `n`.`Lat`, `n`.`Lon`, `n`.`Priority`, `n`.`Source`, `n`.`Status`, `n`.`Timestamp`, `n`.`Title`
FROM `NorthAlerts` AS `n`
WHERE `n`.`Title` = @__title_0
LIMIT 1
2026-10-06 18:35:53 - INF - Executed DbCommand (1ms) [Parameters=[@__title_0='?' (Size = 4000)], CommandType='"Text"', CommandTimeout='30']
SELECT `o`.`Id`, `o`.`AlertId`, `o`.`Classification`, `o`.`Content`, `o`.`Lat`, `o`.`Lon`, `o`.`Priority`, `o`.`Source`, `o`.`Status`, `o`.`Timestamp`, `o`.`Title`
FROM `OverseasAlerts` AS `o`
WHERE `o`.`Title` = @__title_0
LIMIT 1
2026-10-06 18:36:00 - INF - Executed DbCommand (2ms) [Parameters=[@p0='?' (Size = 4000), @p1='?' (Size = 4000), @p2='?' (Size = 4000), @p3='?' (DbType = Double), @p4='?' (DbType = Double), @p5='?' (Size = 4000), @p6='?' (Size = 4000), @p7='?' (Size = 4000), @p8='?' (Size = 4000), @p9='?' (Size = 4000)], CommandType='"Text"', CommandTimeout='30']
INSERT INTO `SouthAlerts` (`AlertId`, `Classification`, `Content`, `Lat`, `Lon`, `Priority`, `Source`, `Status`, `Timestamp`, `Title`)
VALUES (@p0, @p1, @p2, @p3, @p4, @p5, @p6, @p7, @p8, @p9);
SELECT `Id`
FROM `SouthAlerts`
WHERE ROW_COUNT() = 1 AND `Id` = LAST_INSERT_ID();
2026-10-06 18:36:00 - INF - Executed DbCommand (2ms) [Parameters=[], CommandType='"Text"', CommandTimeout='30']
SELECT `o`.`Id`, `o`.`AlertId`, `o`.`Classification`, `o`.`Content`, `o`.`Lat`, `o`.`Lon`, `o`.`Priority`, `o`.`Source`, `o`.`Status`, `o`.`Timestamp`, `o`.`Title`
FROM `OverseasAlerts` AS `o`
WHERE `o`.`Status` = 'WAITING'
LIMIT 1
2026-10-06 18:36:00 - INF - Executed DbCommand (2ms) [Parameters=[@__title_0='?' (Size = 4000)], CommandType='"Text"', CommandTimeout='30']
SELECT `c`.`Id`, `c`.`AlertId`, `c`.`Classification`, `c`.`Content`, `c`.`Lat`, `c`.`Lon`, `c`.`Priority`, `c`.`Source`, `c`.`Status`, `c`.`Timestamp`, `c`.`Title`
FROM `CenterAlerts` AS `c`
WHERE `c`.`Title` = @__title_0
LIMIT 1
2026-10-06 18:36:00 - INF - Executed DbCommand (2ms) [Parameters=[@__title_0='?' (Size = 4000)], CommandType='"Text"', CommandTimeout='30']
SELECT `n`.`Id`, `n`.`AlertId`, `n`.`Classification`, `n`.`Content`, `n`.`Lat`, `n`.`Lon`, `n`.`Priority`, `n`.`Source`, `n`.`Status`, `n`.`Timestamp`, `n`.`Title`
FROM `NorthAlerts` AS `n`
WHERE `n`.`Title` = @__title_0
LIMIT 1
2026-10-06 18:36:00 - INF - Executed DbCommand (1ms) [Parameters=[@__title_0='?' (Size = 4000)], CommandType='"Text"', CommandTimeout='30']
SELECT `o`.`Id`, `o`.`AlertId`, `o`.`Classification`, `o`.`Content`, `o`.`Lat`, `o`.`Lon`, `o`.`Priority`, `o`.`Source`, `o`.`Status`, `o`.`Timestamp`, `o`.`Title`
FROM `OverseasAlerts` AS `o`
WHERE `o`.`Title` = @__title_0
LIMIT 1
2026-10-06 18:36:07 - INF - Executed DbCommand (2ms) [Parameters=[@p0='?' (Size = 4000), @p1='?' (Size = 4000), @p2='?' (Size = 4000), @p3='?' (DbType = Double), @p4='?' (DbType = Double), @p5='?' (Size = 4000), @p6='?' (Size = 4000), @p7='?' (Size = 4000), @p8='?' (Size = 4000), @p9='?' (Size = 4000)], CommandType='"Text"', CommandTimeout='30']
INSERT INTO `OverseasAlerts` (`AlertId`, `Classification`, `Content`, `Lat`, `Lon`, `Priority`, `Source`, `Status`, `Timestamp`, `Title`)
VALUES (@p0, @p1, @p2, @p3, @p4, @p5, @p6, @p7, @p8, @p9);
SELECT `Id`
FROM `OverseasAlerts`
WHERE ROW_COUNT() = 1 AND `Id` = LAST_INSERT_ID();
2026-10-06 18:36:07 - INF - Executed DbCommand (2ms) [Parameters=[], CommandType='"Text"', CommandTimeout='30']
SELECT `n`.`Id`, `n`.`AlertId`, `n`.`Classification`, `n`.`Content`, `n`.`Lat`, `n`.`Lon`, `n`.`Priority`, `n`.`Source`, `n`.`Status`, `n`.`Timestamp`, `n`.`Title`
FROM `NorthAlerts` AS `n`
WHERE `n`.`Status` = 'WAITING'
LIMIT 1
2026-10-06 18:36:07 - INF - Executed DbCommand (1ms) [Parameters=[@__title_0='?' (Size = 4000)], CommandType='"Text"', CommandTimeout='30']
SELECT `s`.`Id`, `s`.`AlertId`, `s`.`Classification`, `s`.`Content`, `s`.`Lat`, `s`.`Lon`, `s`.`Priority`, `s`.`Source`, `s`.`Status`, `s`.`Timestamp`, `s`.`Title`
FROM `SouthAlerts` AS `s`
WHERE `s`.`Title` = @__title_0
LIMIT 1
2026-10-06 18:36:07 - INF - Executed DbCommand (1ms) [Parameters=[@__title_0='?' (Size = 4000)], CommandType='"Text"', CommandTimeout='30']
SELECT `c`.`Id`, `c`.`AlertId`, `c`.`Classification`, `c`.`Content`, `c`.`Lat`, `c`.`Lon`, `c`.`Priority`, `c`.`Source`, `c`.`Status`, `c`.`Timestamp`, `c`.`Title`
FROM `CenterAlerts` AS `c`
WHERE `c`.`Title` = @__title_0
LIMIT 1
2026-10-06 18:36:07 - INF - Executed DbCommand (1ms) [Parameters=[@__title_0='?' (Size = 4000)], CommandType='"Text"', CommandTimeout='30']
SELECT `o`.`Id`, `o`.`AlertId`, `o`.`Classification`, `o`.`Content`, `o`.`Lat`, `o`.`Lon`, `o`.`Priority`, `o`.`Source`, `o`.`Status`, `o`.`Timestamp`, `o`.`Title`
FROM `OverseasAlerts` AS `o`
WHERE `o`.`Title` = @__title_0
LIMIT 1
2026-10-06 18:36:07 - FTL - same Alerts to all comands! ירי רקטות וטילים
2026-10-06 18:36:13 - INF - Executed DbCommand (1ms) [Parameters=[@p0='?' (Size = 4000), @p1='?' (Size = 4000), @p2='?' (Size = 4000), @p3='?' (DbType = Double), @p4='?' (DbType = Double), @p5='?' (Size = 4000), @p6='?' (Size = 4000), @p7='?' (Size = 4000), @p8='?' (Size = 4000), @p9='?' (Size = 4000)], CommandType='"Text"', CommandTimeout='30']
INSERT INTO `NorthAlerts` (`AlertId`, `Classification`, `Content`, `Lat`, `Lon`, `Priority`, `Source`, `Status`, `Timestamp`, `Title`)
VALUES (@p0, @p1, @p2, @p3, @p4, @p5, @p6, @p7, @p8, @p9);
SELECT `Id`
FROM `NorthAlerts`
WHERE ROW_COUNT() = 1 AND `Id` = LAST_INSERT_ID();
2026-10-06 18:36:13 - INF - Executed DbCommand (1ms) [Parameters=[], CommandType='"Text"', CommandTimeout='30']
SELECT `c`.`Id`, `c`.`AlertId`, `c`.`Classification`, `c`.`Content`, `c`.`Lat`, `c`.`Lon`, `c`.`Priority`, `c`.`Source`, `c`.`Status`, `c`.`Timestamp`, `c`.`Title`
FROM `CenterAlerts` AS `c`
WHERE `c`.`Status` = 'WAITING'
LIMIT 1
2026-10-06 18:36:13 - INF - Executed DbCommand (1ms) [Parameters=[@__title_0='?' (Size = 4000)], CommandType='"Text"', CommandTimeout='30']
SELECT `s`.`Id`, `s`.`AlertId`, `s`.`Classification`, `s`.`Content`, `s`.`Lat`, `s`.`Lon`, `s`.`Priority`, `s`.`Source`, `s`.`Status`, `s`.`Timestamp`, `s`.`Title`
FROM `SouthAlerts` AS `s`
WHERE `s`.`Title` = @__title_0
LIMIT 1
2026-10-06 18:36:13 - INF - Executed DbCommand (0ms) [Parameters=[@__title_0='?' (Size = 4000)], CommandType='"Text"', CommandTimeout='30']
SELECT `n`.`Id`, `n`.`AlertId`, `n`.`Classification`, `n`.`Content`, `n`.`Lat`, `n`.`Lon`, `n`.`Priority`, `n`.`Source`, `n`.`Status`, `n`.`Timestamp`, `n`.`Title`
FROM `NorthAlerts` AS `n`
WHERE `n`.`Title` = @__title_0
LIMIT 1
2026-10-06 18:36:13 - INF - Executed DbCommand (1ms) [Parameters=[@__title_0='?' (Size = 4000)], CommandType='"Text"', CommandTimeout='30']
SELECT `o`.`Id`, `o`.`AlertId`, `o`.`Classification`, `o`.`Content`, `o`.`Lat`, `o`.`Lon`, `o`.`Priority`, `o`.`Source`, `o`.`Status`, `o`.`Timestamp`, `o`.`Title`
FROM `OverseasAlerts` AS `o`
WHERE `o`.`Title` = @__title_0
LIMIT 1
2026-10-06 18:36:15 - INF - Executed DbCommand (1ms) [Parameters=[@p0='?' (Size = 4000), @p1='?' (Size = 4000), @p2='?' (Size = 4000), @p3='?' (DbType = Double), @p4='?' (DbType = Double), @p5='?' (Size = 4000), @p6='?' (Size = 4000), @p7='?' (Size = 4000), @p8='?' (Size = 4000), @p9='?' (Size = 4000)], CommandType='"Text"', CommandTimeout='30']
INSERT INTO `CenterAlerts` (`AlertId`, `Classification`, `Content`, `Lat`, `Lon`, `Priority`, `Source`, `Status`, `Timestamp`, `Title`)
VALUES (@p0, @p1, @p2, @p3, @p4, @p5, @p6, @p7, @p8, @p9);
SELECT `Id`
FROM `CenterAlerts`
WHERE ROW_COUNT() = 1 AND `Id` = LAST_INSERT_ID();
2026-10-06 18:36:15 - INF - Executed DbCommand (1ms) [Parameters=[], CommandType='"Text"', CommandTimeout='30']
SELECT `s`.`Id`, `s`.`AlertId`, `s`.`Classification`, `s`.`Content`, `s`.`Lat`, `s`.`Lon`, `s`.`Priority`, `s`.`Source`, `s`.`Status`, `s`.`Timestamp`, `s`.`Title`
FROM `SouthAlerts` AS `s`
WHERE `s`.`Status` = 'WAITING'
LIMIT 1
2026-10-06 18:36:15 - INF - Executed DbCommand (1ms) [Parameters=[@__title_0='?' (Size = 4000)], CommandType='"Text"', CommandTimeout='30']
SELECT `c`.`Id`, `c`.`AlertId`, `c`.`Classification`, `c`.`Content`, `c`.`Lat`, `c`.`Lon`, `c`.`Priority`, `c`.`Source`, `c`.`Status`, `c`.`Timestamp`, `c`.`Title`
FROM `CenterAlerts` AS `c`
WHERE `c`.`Title` = @__title_0
LIMIT 1
2026-10-06 18:36:15 - INF - Executed DbCommand (1ms) [Parameters=[@__title_0='?' (Size = 4000)], CommandType='"Text"', CommandTimeout='30']
SELECT `n`.`Id`, `n`.`AlertId`, `n`.`Classification`, `n`.`Content`, `n`.`Lat`, `n`.`Lon`, `n`.`Priority`, `n`.`Source`, `n`.`Status`, `n`.`Timestamp`, `n`.`Title`
FROM `NorthAlerts` AS `n`
WHERE `n`.`Title` = @__title_0
LIMIT 1
2026-10-06 18:36:15 - INF - Executed DbCommand (1ms) [Parameters=[@__title_0='?' (Size = 4000)], CommandType='"Text"', CommandTimeout='30']
SELECT `o`.`Id`, `o`.`AlertId`, `o`.`Classification`, `o`.`Content`, `o`.`Lat`, `o`.`Lon`, `o`.`Priority`, `o`.`Source`, `o`.`Status`, `o`.`Timestamp`, `o`.`Title`
FROM `OverseasAlerts` AS `o`
WHERE `o`.`Title` = @__title_0
LIMIT 1
2026-10-06 18:36:22 - INF - Executed DbCommand (22ms) [Parameters=[@p0='?' (Size = 4000), @p1='?' (Size = 4000), @p2='?' (Size = 4000), @p3='?' (DbType = Double), @p4='?' (DbType = Double), @p5='?' (Size = 4000), @p6='?' (Size = 4000), @p7='?' (Size = 4000), @p8='?' (Size = 4000), @p9='?' (Size = 4000)], CommandType='"Text"', CommandTimeout='30']
INSERT INTO `SouthAlerts` (`AlertId`, `Classification`, `Content`, `Lat`, `Lon`, `Priority`, `Source`, `Status`, `Timestamp`, `Title`)
VALUES (@p0, @p1, @p2, @p3, @p4, @p5, @p6, @p7, @p8, @p9);
SELECT `Id`
FROM `SouthAlerts`
WHERE ROW_COUNT() = 1 AND `Id` = LAST_INSERT_ID();
2026-10-06 18:36:22 - INF - Executed DbCommand (3ms) [Parameters=[], CommandType='"Text"', CommandTimeout='30']
SELECT `o`.`Id`, `o`.`AlertId`, `o`.`Classification`, `o`.`Content`, `o`.`Lat`, `o`.`Lon`, `o`.`Priority`, `o`.`Source`, `o`.`Status`, `o`.`Timestamp`, `o`.`Title`
FROM `OverseasAlerts` AS `o`
WHERE `o`.`Status` = 'WAITING'
LIMIT 1
2026-10-06 18:36:22 - INF - Executed DbCommand (2ms) [Parameters=[@__title_0='?' (Size = 4000)], CommandType='"Text"', CommandTimeout='30']
SELECT `c`.`Id`, `c`.`AlertId`, `c`.`Classification`, `c`.`Content`, `c`.`Lat`, `c`.`Lon`, `c`.`Priority`, `c`.`Source`, `c`.`Status`, `c`.`Timestamp`, `c`.`Title`
FROM `CenterAlerts` AS `c`
WHERE `c`.`Title` = @__title_0
LIMIT 1
2026-10-06 18:36:22 - INF - Executed DbCommand (2ms) [Parameters=[@__title_0='?' (Size = 4000)], CommandType='"Text"', CommandTimeout='30']
SELECT `n`.`Id`, `n`.`AlertId`, `n`.`Classification`, `n`.`Content`, `n`.`Lat`, `n`.`Lon`, `n`.`Priority`, `n`.`Source`, `n`.`Status`, `n`.`Timestamp`, `n`.`Title`
FROM `NorthAlerts` AS `n`
WHERE `n`.`Title` = @__title_0
LIMIT 1
2026-10-06 18:36:22 - INF - Executed DbCommand (1ms) [Parameters=[@__title_0='?' (Size = 4000)], CommandType='"Text"', CommandTimeout='30']
SELECT `o`.`Id`, `o`.`AlertId`, `o`.`Classification`, `o`.`Content`, `o`.`Lat`, `o`.`Lon`, `o`.`Priority`, `o`.`Source`, `o`.`Status`, `o`.`Timestamp`, `o`.`Title`
FROM `OverseasAlerts` AS `o`
WHERE `o`.`Title` = @__title_0
LIMIT 1
2026-10-06 18:36:29 - INF - Executed DbCommand (3ms) [Parameters=[@p0='?' (Size = 4000), @p1='?' (Size = 4000), @p2='?' (Size = 4000), @p3='?' (DbType = Double), @p4='?' (DbType = Double), @p5='?' (Size = 4000), @p6='?' (Size = 4000), @p7='?' (Size = 4000), @p8='?' (Size = 4000), @p9='?' (Size = 4000)], CommandType='"Text"', CommandTimeout='30']
INSERT INTO `OverseasAlerts` (`AlertId`, `Classification`, `Content`, `Lat`, `Lon`, `Priority`, `Source`, `Status`, `Timestamp`, `Title`)
VALUES (@p0, @p1, @p2, @p3, @p4, @p5, @p6, @p7, @p8, @p9);
SELECT `Id`
FROM `OverseasAlerts`
WHERE ROW_COUNT() = 1 AND `Id` = LAST_INSERT_ID();
2026-10-06 18:36:29 - INF - Executed DbCommand (2ms) [Parameters=[], CommandType='"Text"', CommandTimeout='30']
SELECT `n`.`Id`, `n`.`AlertId`, `n`.`Classification`, `n`.`Content`, `n`.`Lat`, `n`.`Lon`, `n`.`Priority`, `n`.`Source`, `n`.`Status`, `n`.`Timestamp`, `n`.`Title`
FROM `NorthAlerts` AS `n`
WHERE `n`.`Status` = 'WAITING'
LIMIT 1
2026-10-06 18:36:29 - INF - Executed DbCommand (2ms) [Parameters=[@__title_0='?' (Size = 4000)], CommandType='"Text"', CommandTimeout='30']
SELECT `s`.`Id`, `s`.`AlertId`, `s`.`Classification`, `s`.`Content`, `s`.`Lat`, `s`.`Lon`, `s`.`Priority`, `s`.`Source`, `s`.`Status`, `s`.`Timestamp`, `s`.`Title`
FROM `SouthAlerts` AS `s`
WHERE `s`.`Title` = @__title_0
LIMIT 1
2026-10-06 18:36:29 - INF - Executed DbCommand (2ms) [Parameters=[@__title_0='?' (Size = 4000)], CommandType='"Text"', CommandTimeout='30']
SELECT `c`.`Id`, `c`.`AlertId`, `c`.`Classification`, `c`.`Content`, `c`.`Lat`, `c`.`Lon`, `c`.`Priority`, `c`.`Source`, `c`.`Status`, `c`.`Timestamp`, `c`.`Title`
FROM `CenterAlerts` AS `c`
WHERE `c`.`Title` = @__title_0
LIMIT 1
2026-10-06 18:36:29 - INF - Executed DbCommand (2ms) [Parameters=[@__title_0='?' (Size = 4000)], CommandType='"Text"', CommandTimeout='30']
SELECT `o`.`Id`, `o`.`AlertId`, `o`.`Classification`, `o`.`Content`, `o`.`Lat`, `o`.`Lon`, `o`.`Priority`, `o`.`Source`, `o`.`Status`, `o`.`Timestamp`, `o`.`Title`
FROM `OverseasAlerts` AS `o`
WHERE `o`.`Title` = @__title_0
LIMIT 1
2026-10-06 18:36:29 - FTL - same Alerts to all comands! ירי רקטות וטילים
2026-10-06 18:36:35 - INF - Executed DbCommand (11ms) [Parameters=[@p0='?' (Size = 4000), @p1='?' (Size = 4000), @p2='?' (Size = 4000), @p3='?' (DbType = Double), @p4='?' (DbType = Double), @p5='?' (Size = 4000), @p6='?' (Size = 4000), @p7='?' (Size = 4000), @p8='?' (Size = 4000), @p9='?' (Size = 4000)], CommandType='"Text"', CommandTimeout='30']
INSERT INTO `NorthAlerts` (`AlertId`, `Classification`, `Content`, `Lat`, `Lon`, `Priority`, `Source`, `Status`, `Timestamp`, `Title`)
VALUES (@p0, @p1, @p2, @p3, @p4, @p5, @p6, @p7, @p8, @p9);
SELECT `Id`
FROM `NorthAlerts`
WHERE ROW_COUNT() = 1 AND `Id` = LAST_INSERT_ID();
2026-10-06 18:36:35 - INF - Executed DbCommand (2ms) [Parameters=[], CommandType='"Text"', CommandTimeout='30']
SELECT `c`.`Id`, `c`.`AlertId`, `c`.`Classification`, `c`.`Content`, `c`.`Lat`, `c`.`Lon`, `c`.`Priority`, `c`.`Source`, `c`.`Status`, `c`.`Timestamp`, `c`.`Title`
FROM `CenterAlerts` AS `c`
WHERE `c`.`Status` = 'WAITING'
LIMIT 1
2026-10-06 18:36:35 - INF - Executed DbCommand (2ms) [Parameters=[@__title_0='?' (Size = 4000)], CommandType='"Text"', CommandTimeout='30']
SELECT `s`.`Id`, `s`.`AlertId`, `s`.`Classification`, `s`.`Content`, `s`.`Lat`, `s`.`Lon`, `s`.`Priority`, `s`.`Source`, `s`.`Status`, `s`.`Timestamp`, `s`.`Title`
FROM `SouthAlerts` AS `s`
WHERE `s`.`Title` = @__title_0
LIMIT 1
2026-10-06 18:36:35 - INF - Executed DbCommand (2ms) [Parameters=[@__title_0='?' (Size = 4000)], CommandType='"Text"', CommandTimeout='30']
SELECT `n`.`Id`, `n`.`AlertId`, `n`.`Classification`, `n`.`Content`, `n`.`Lat`, `n`.`Lon`, `n`.`Priority`, `n`.`Source`, `n`.`Status`, `n`.`Timestamp`, `n`.`Title`
FROM `NorthAlerts` AS `n`
WHERE `n`.`Title` = @__title_0
LIMIT 1
2026-10-06 18:36:35 - INF - Executed DbCommand (2ms) [Parameters=[@__title_0='?' (Size = 4000)], CommandType='"Text"', CommandTimeout='30']
SELECT `o`.`Id`, `o`.`AlertId`, `o`.`Classification`, `o`.`Content`, `o`.`Lat`, `o`.`Lon`, `o`.`Priority`, `o`.`Source`, `o`.`Status`, `o`.`Timestamp`, `o`.`Title`
FROM `OverseasAlerts` AS `o`
WHERE `o`.`Title` = @__title_0
LIMIT 1
2026-10-06 18:36:37 - INF - Executed DbCommand (4ms) [Parameters=[@p0='?' (Size = 4000), @p1='?' (Size = 4000), @p2='?' (Size = 4000), @p3='?' (DbType = Double), @p4='?' (DbType = Double), @p5='?' (Size = 4000), @p6='?' (Size = 4000), @p7='?' (Size = 4000), @p8='?' (Size = 4000), @p9='?' (Size = 4000)], CommandType='"Text"', CommandTimeout='30']
INSERT INTO `CenterAlerts` (`AlertId`, `Classification`, `Content`, `Lat`, `Lon`, `Priority`, `Source`, `Status`, `Timestamp`, `Title`)
VALUES (@p0, @p1, @p2, @p3, @p4, @p5, @p6, @p7, @p8, @p9);
SELECT `Id`
FROM `CenterAlerts`
WHERE ROW_COUNT() = 1 AND `Id` = LAST_INSERT_ID();
2026-10-06 18:36:37 - INF - Executed DbCommand (3ms) [Parameters=[], CommandType='"Text"', CommandTimeout='30']
SELECT `s`.`Id`, `s`.`AlertId`, `s`.`Classification`, `s`.`Content`, `s`.`Lat`, `s`.`Lon`, `s`.`Priority`, `s`.`Source`, `s`.`Status`, `s`.`Timestamp`, `s`.`Title`
FROM `SouthAlerts` AS `s`
WHERE `s`.`Status` = 'WAITING'
LIMIT 1
2026-10-06 18:36:37 - INF - Executed DbCommand (4ms) [Parameters=[@__title_0='?' (Size = 4000)], CommandType='"Text"', CommandTimeout='30']
SELECT `c`.`Id`, `c`.`AlertId`, `c`.`Classification`, `c`.`Content`, `c`.`Lat`, `c`.`Lon`, `c`.`Priority`, `c`.`Source`, `c`.`Status`, `c`.`Timestamp`, `c`.`Title`
FROM `CenterAlerts` AS `c`
WHERE `c`.`Title` = @__title_0
LIMIT 1
2026-10-06 18:36:37 - INF - Executed DbCommand (2ms) [Parameters=[@__title_0='?' (Size = 4000)], CommandType='"Text"', CommandTimeout='30']
SELECT `n`.`Id`, `n`.`AlertId`, `n`.`Classification`, `n`.`Content`, `n`.`Lat`, `n`.`Lon`, `n`.`Priority`, `n`.`Source`, `n`.`Status`, `n`.`Timestamp`, `n`.`Title`
FROM `NorthAlerts` AS `n`
WHERE `n`.`Title` = @__title_0
LIMIT 1
2026-10-06 18:36:37 - INF - Executed DbCommand (2ms) [Parameters=[@__title_0='?' (Size = 4000)], CommandType='"Text"', CommandTimeout='30']
SELECT `o`.`Id`, `o`.`AlertId`, `o`.`Classification`, `o`.`Content`, `o`.`Lat`, `o`.`Lon`, `o`.`Priority`, `o`.`Source`, `o`.`Status`, `o`.`Timestamp`, `o`.`Title`
FROM `OverseasAlerts` AS `o`
WHERE `o`.`Title` = @__title_0
LIMIT 1
2026-10-06 18:36:44 - INF - Executed DbCommand (3ms) [Parameters=[@p0='?' (Size = 4000), @p1='?' (Size = 4000), @p2='?' (Size = 4000), @p3='?' (DbType = Double), @p4='?' (DbType = Double), @p5='?' (Size = 4000), @p6='?' (Size = 4000), @p7='?' (Size = 4000), @p8='?' (Size = 4000), @p9='?' (Size = 4000)], CommandType='"Text"', CommandTimeout='30']
INSERT INTO `SouthAlerts` (`AlertId`, `Classification`, `Content`, `Lat`, `Lon`, `Priority`, `Source`, `Status`, `Timestamp`, `Title`)
VALUES (@p0, @p1, @p2, @p3, @p4, @p5, @p6, @p7, @p8, @p9);
SELECT `Id`
FROM `SouthAlerts`
WHERE ROW_COUNT() = 1 AND `Id` = LAST_INSERT_ID();
2026-10-06 18:36:44 - INF - Executed DbCommand (1ms) [Parameters=[], CommandType='"Text"', CommandTimeout='30']
SELECT `o`.`Id`, `o`.`AlertId`, `o`.`Classification`, `o`.`Content`, `o`.`Lat`, `o`.`Lon`, `o`.`Priority`, `o`.`Source`, `o`.`Status`, `o`.`Timestamp`, `o`.`Title`
FROM `OverseasAlerts` AS `o`
WHERE `o`.`Status` = 'WAITING'
LIMIT 1
2026-10-06 18:36:44 - INF - Executed DbCommand (1ms) [Parameters=[@__title_0='?' (Size = 4000)], CommandType='"Text"', CommandTimeout='30']
SELECT `c`.`Id`, `c`.`AlertId`, `c`.`Classification`, `c`.`Content`, `c`.`Lat`, `c`.`Lon`, `c`.`Priority`, `c`.`Source`, `c`.`Status`, `c`.`Timestamp`, `c`.`Title`
FROM `CenterAlerts` AS `c`
WHERE `c`.`Title` = @__title_0
LIMIT 1
2026-10-06 18:36:44 - INF - Executed DbCommand (2ms) [Parameters=[@__title_0='?' (Size = 4000)], CommandType='"Text"', CommandTimeout='30']
SELECT `n`.`Id`, `n`.`AlertId`, `n`.`Classification`, `n`.`Content`, `n`.`Lat`, `n`.`Lon`, `n`.`Priority`, `n`.`Source`, `n`.`Status`, `n`.`Timestamp`, `n`.`Title`
FROM `NorthAlerts` AS `n`
WHERE `n`.`Title` = @__title_0
LIMIT 1
2026-10-06 18:36:44 - INF - Executed DbCommand (2ms) [Parameters=[@__title_0='?' (Size = 4000)], CommandType='"Text"', CommandTimeout='30']
SELECT `o`.`Id`, `o`.`AlertId`, `o`.`Classification`, `o`.`Content`, `o`.`Lat`, `o`.`Lon`, `o`.`Priority`, `o`.`Source`, `o`.`Status`, `o`.`Timestamp`, `o`.`Title`
FROM `OverseasAlerts` AS `o`
WHERE `o`.`Title` = @__title_0
LIMIT 1
2026-10-06 18:36:51 - INF - Executed DbCommand (2ms) [Parameters=[@p0='?' (Size = 4000), @p1='?' (Size = 4000), @p2='?' (Size = 4000), @p3='?' (DbType = Double), @p4='?' (DbType = Double), @p5='?' (Size = 4000), @p6='?' (Size = 4000), @p7='?' (Size = 4000), @p8='?' (Size = 4000), @p9='?' (Size = 4000)], CommandType='"Text"', CommandTimeout='30']
INSERT INTO `OverseasAlerts` (`AlertId`, `Classification`, `Content`, `Lat`, `Lon`, `Priority`, `Source`, `Status`, `Timestamp`, `Title`)
VALUES (@p0, @p1, @p2, @p3, @p4, @p5, @p6, @p7, @p8, @p9);
SELECT `Id`
FROM `OverseasAlerts`
WHERE ROW_COUNT() = 1 AND `Id` = LAST_INSERT_ID();
2026-10-06 18:36:51 - INF - Executed DbCommand (1ms) [Parameters=[], CommandType='"Text"', CommandTimeout='30']
SELECT `n`.`Id`, `n`.`AlertId`, `n`.`Classification`, `n`.`Content`, `n`.`Lat`, `n`.`Lon`, `n`.`Priority`, `n`.`Source`, `n`.`Status`, `n`.`Timestamp`, `n`.`Title`
FROM `NorthAlerts` AS `n`
WHERE `n`.`Status` = 'WAITING'
LIMIT 1
2026-10-06 18:36:51 - INF - Executed DbCommand (1ms) [Parameters=[@__title_0='?' (Size = 4000)], CommandType='"Text"', CommandTimeout='30']
SELECT `s`.`Id`, `s`.`AlertId`, `s`.`Classification`, `s`.`Content`, `s`.`Lat`, `s`.`Lon`, `s`.`Priority`, `s`.`Source`, `s`.`Status`, `s`.`Timestamp`, `s`.`Title`
FROM `SouthAlerts` AS `s`
WHERE `s`.`Title` = @__title_0
LIMIT 1
2026-10-06 18:36:51 - INF - Executed DbCommand (1ms) [Parameters=[@__title_0='?' (Size = 4000)], CommandType='"Text"', CommandTimeout='30']
SELECT `c`.`Id`, `c`.`AlertId`, `c`.`Classification`, `c`.`Content`, `c`.`Lat`, `c`.`Lon`, `c`.`Priority`, `c`.`Source`, `c`.`Status`, `c`.`Timestamp`, `c`.`Title`
FROM `CenterAlerts` AS `c`
WHERE `c`.`Title` = @__title_0
LIMIT 1
2026-10-06 18:36:51 - INF - Executed DbCommand (1ms) [Parameters=[@__title_0='?' (Size = 4000)], CommandType='"Text"', CommandTimeout='30']
SELECT `o`.`Id`, `o`.`AlertId`, `o`.`Classification`, `o`.`Content`, `o`.`Lat`, `o`.`Lon`, `o`.`Priority`, `o`.`Source`, `o`.`Status`, `o`.`Timestamp`, `o`.`Title`
FROM `OverseasAlerts` AS `o`
WHERE `o`.`Title` = @__title_0
LIMIT 1
2026-10-06 18:36:51 - FTL - same Alerts to all comands! ירי רקטות וטילים
2026-10-06 18:36:57 - INF - Executed DbCommand (3ms) [Parameters=[@p0='?' (Size = 4000), @p1='?' (Size = 4000), @p2='?' (Size = 4000), @p3='?' (DbType = Double), @p4='?' (DbType = Double), @p5='?' (Size = 4000), @p6='?' (Size = 4000), @p7='?' (Size = 4000), @p8='?' (Size = 4000), @p9='?' (Size = 4000)], CommandType='"Text"', CommandTimeout='30']
INSERT INTO `NorthAlerts` (`AlertId`, `Classification`, `Content`, `Lat`, `Lon`, `Priority`, `Source`, `Status`, `Timestamp`, `Title`)
VALUES (@p0, @p1, @p2, @p3, @p4, @p5, @p6, @p7, @p8, @p9);
SELECT `Id`
FROM `NorthAlerts`
WHERE ROW_COUNT() = 1 AND `Id` = LAST_INSERT_ID();
2026-10-06 18:36:57 - INF - Executed DbCommand (2ms) [Parameters=[], CommandType='"Text"', CommandTimeout='30']
SELECT `c`.`Id`, `c`.`AlertId`, `c`.`Classification`, `c`.`Content`, `c`.`Lat`, `c`.`Lon`, `c`.`Priority`, `c`.`Source`, `c`.`Status`, `c`.`Timestamp`, `c`.`Title`
FROM `CenterAlerts` AS `c`
WHERE `c`.`Status` = 'WAITING'
LIMIT 1
2026-10-06 18:36:57 - INF - Executed DbCommand (2ms) [Parameters=[@__title_0='?' (Size = 4000)], CommandType='"Text"', CommandTimeout='30']
SELECT `s`.`Id`, `s`.`AlertId`, `s`.`Classification`, `s`.`Content`, `s`.`Lat`, `s`.`Lon`, `s`.`Priority`, `s`.`Source`, `s`.`Status`, `s`.`Timestamp`, `s`.`Title`
FROM `SouthAlerts` AS `s`
WHERE `s`.`Title` = @__title_0
LIMIT 1
2026-10-06 18:36:57 - INF - Executed DbCommand (1ms) [Parameters=[@__title_0='?' (Size = 4000)], CommandType='"Text"', CommandTimeout='30']
SELECT `n`.`Id`, `n`.`AlertId`, `n`.`Classification`, `n`.`Content`, `n`.`Lat`, `n`.`Lon`, `n`.`Priority`, `n`.`Source`, `n`.`Status`, `n`.`Timestamp`, `n`.`Title`
FROM `NorthAlerts` AS `n`
WHERE `n`.`Title` = @__title_0
LIMIT 1
2026-10-06 18:36:57 - INF - Executed DbCommand (2ms) [Parameters=[@__title_0='?' (Size = 4000)], CommandType='"Text"', CommandTimeout='30']
SELECT `o`.`Id`, `o`.`AlertId`, `o`.`Classification`, `o`.`Content`, `o`.`Lat`, `o`.`Lon`, `o`.`Priority`, `o`.`Source`, `o`.`Status`, `o`.`Timestamp`, `o`.`Title`
FROM `OverseasAlerts` AS `o`
WHERE `o`.`Title` = @__title_0
LIMIT 1
2026-10-06 18:36:59 - INF - Executed DbCommand (8ms) [Parameters=[@p0='?' (Size = 4000), @p1='?' (Size = 4000), @p2='?' (Size = 4000), @p3='?' (DbType = Double), @p4='?' (DbType = Double), @p5='?' (Size = 4000), @p6='?' (Size = 4000), @p7='?' (Size = 4000), @p8='?' (Size = 4000), @p9='?' (Size = 4000)], CommandType='"Text"', CommandTimeout='30']
INSERT INTO `CenterAlerts` (`AlertId`, `Classification`, `Content`, `Lat`, `Lon`, `Priority`, `Source`, `Status`, `Timestamp`, `Title`)
VALUES (@p0, @p1, @p2, @p3, @p4, @p5, @p6, @p7, @p8, @p9);
SELECT `Id`
FROM `CenterAlerts`
WHERE ROW_COUNT() = 1 AND `Id` = LAST_INSERT_ID();
2026-10-06 18:36:59 - INF - Executed DbCommand (2ms) [Parameters=[], CommandType='"Text"', CommandTimeout='30']
SELECT `s`.`Id`, `s`.`AlertId`, `s`.`Classification`, `s`.`Content`, `s`.`Lat`, `s`.`Lon`, `s`.`Priority`, `s`.`Source`, `s`.`Status`, `s`.`Timestamp`, `s`.`Title`
FROM `SouthAlerts` AS `s`
WHERE `s`.`Status` = 'WAITING'
LIMIT 1
2026-10-06 18:36:59 - INF - Executed DbCommand (3ms) [Parameters=[@__title_0='?' (Size = 4000)], CommandType='"Text"', CommandTimeout='30']
SELECT `c`.`Id`, `c`.`AlertId`, `c`.`Classification`, `c`.`Content`, `c`.`Lat`, `c`.`Lon`, `c`.`Priority`, `c`.`Source`, `c`.`Status`, `c`.`Timestamp`, `c`.`Title`
FROM `CenterAlerts` AS `c`
WHERE `c`.`Title` = @__title_0
LIMIT 1
2026-10-06 18:36:59 - INF - Executed DbCommand (3ms) [Parameters=[@__title_0='?' (Size = 4000)], CommandType='"Text"', CommandTimeout='30']
SELECT `n`.`Id`, `n`.`AlertId`, `n`.`Classification`, `n`.`Content`, `n`.`Lat`, `n`.`Lon`, `n`.`Priority`, `n`.`Source`, `n`.`Status`, `n`.`Timestamp`, `n`.`Title`
FROM `NorthAlerts` AS `n`
WHERE `n`.`Title` = @__title_0
LIMIT 1
2026-10-06 18:36:59 - INF - Executed DbCommand (2ms) [Parameters=[@__title_0='?' (Size = 4000)], CommandType='"Text"', CommandTimeout='30']
SELECT `o`.`Id`, `o`.`AlertId`, `o`.`Classification`, `o`.`Content`, `o`.`Lat`, `o`.`Lon`, `o`.`Priority`, `o`.`Source`, `o`.`Status`, `o`.`Timestamp`, `o`.`Title`
FROM `OverseasAlerts` AS `o`
WHERE `o`.`Title` = @__title_0
LIMIT 1
2026-10-06 18:37:06 - INF - Executed DbCommand (2ms) [Parameters=[@p0='?' (Size = 4000), @p1='?' (Size = 4000), @p2='?' (Size = 4000), @p3='?' (DbType = Double), @p4='?' (DbType = Double), @p5='?' (Size = 4000), @p6='?' (Size = 4000), @p7='?' (Size = 4000), @p8='?' (Size = 4000), @p9='?' (Size = 4000)], CommandType='"Text"', CommandTimeout='30']
INSERT INTO `SouthAlerts` (`AlertId`, `Classification`, `Content`, `Lat`, `Lon`, `Priority`, `Source`, `Status`, `Timestamp`, `Title`)
VALUES (@p0, @p1, @p2, @p3, @p4, @p5, @p6, @p7, @p8, @p9);
SELECT `Id`
FROM `SouthAlerts`
WHERE ROW_COUNT() = 1 AND `Id` = LAST_INSERT_ID();
2026-10-06 18:37:06 - INF - Executed DbCommand (2ms) [Parameters=[], CommandType='"Text"', CommandTimeout='30']
SELECT `o`.`Id`, `o`.`AlertId`, `o`.`Classification`, `o`.`Content`, `o`.`Lat`, `o`.`Lon`, `o`.`Priority`, `o`.`Source`, `o`.`Status`, `o`.`Timestamp`, `o`.`Title`
FROM `OverseasAlerts` AS `o`
WHERE `o`.`Status` = 'WAITING'
LIMIT 1
2026-10-06 18:37:06 - INF - Executed DbCommand (2ms) [Parameters=[@__title_0='?' (Size = 4000)], CommandType='"Text"', CommandTimeout='30']
SELECT `c`.`Id`, `c`.`AlertId`, `c`.`Classification`, `c`.`Content`, `c`.`Lat`, `c`.`Lon`, `c`.`Priority`, `c`.`Source`, `c`.`Status`, `c`.`Timestamp`, `c`.`Title`
FROM `CenterAlerts` AS `c`
WHERE `c`.`Title` = @__title_0
LIMIT 1
2026-10-06 18:37:06 - INF - Executed DbCommand (2ms) [Parameters=[@__title_0='?' (Size = 4000)], CommandType='"Text"', CommandTimeout='30']
SELECT `n`.`Id`, `n`.`AlertId`, `n`.`Classification`, `n`.`Content`, `n`.`Lat`, `n`.`Lon`, `n`.`Priority`, `n`.`Source`, `n`.`Status`, `n`.`Timestamp`, `n`.`Title`
FROM `NorthAlerts` AS `n`
WHERE `n`.`Title` = @__title_0
LIMIT 1
2026-10-06 18:37:06 - INF - Executed DbCommand (1ms) [Parameters=[@__title_0='?' (Size = 4000)], CommandType='"Text"', CommandTimeout='30']
SELECT `o`.`Id`, `o`.`AlertId`, `o`.`Classification`, `o`.`Content`, `o`.`Lat`, `o`.`Lon`, `o`.`Priority`, `o`.`Source`, `o`.`Status`, `o`.`Timestamp`, `o`.`Title`
FROM `OverseasAlerts` AS `o`
WHERE `o`.`Title` = @__title_0
LIMIT 1
2026-10-06 18:37:13 - INF - Executed DbCommand (3ms) [Parameters=[@p0='?' (Size = 4000), @p1='?' (Size = 4000), @p2='?' (Size = 4000), @p3='?' (DbType = Double), @p4='?' (DbType = Double), @p5='?' (Size = 4000), @p6='?' (Size = 4000), @p7='?' (Size = 4000), @p8='?' (Size = 4000), @p9='?' (Size = 4000)], CommandType='"Text"', CommandTimeout='30']
INSERT INTO `OverseasAlerts` (`AlertId`, `Classification`, `Content`, `Lat`, `Lon`, `Priority`, `Source`, `Status`, `Timestamp`, `Title`)
VALUES (@p0, @p1, @p2, @p3, @p4, @p5, @p6, @p7, @p8, @p9);
SELECT `Id`
FROM `OverseasAlerts`
WHERE ROW_COUNT() = 1 AND `Id` = LAST_INSERT_ID();
2026-10-06 18:37:13 - INF - Executed DbCommand (3ms) [Parameters=[], CommandType='"Text"', CommandTimeout='30']
SELECT `n`.`Id`, `n`.`AlertId`, `n`.`Classification`, `n`.`Content`, `n`.`Lat`, `n`.`Lon`, `n`.`Priority`, `n`.`Source`, `n`.`Status`, `n`.`Timestamp`, `n`.`Title`
FROM `NorthAlerts` AS `n`
WHERE `n`.`Status` = 'WAITING'
LIMIT 1
2026-10-06 18:37:13 - INF - Executed DbCommand (3ms) [Parameters=[@__title_0='?' (Size = 4000)], CommandType='"Text"', CommandTimeout='30']
SELECT `s`.`Id`, `s`.`AlertId`, `s`.`Classification`, `s`.`Content`, `s`.`Lat`, `s`.`Lon`, `s`.`Priority`, `s`.`Source`, `s`.`Status`, `s`.`Timestamp`, `s`.`Title`
FROM `SouthAlerts` AS `s`
WHERE `s`.`Title` = @__title_0
LIMIT 1
2026-10-06 18:37:13 - INF - Executed DbCommand (3ms) [Parameters=[@__title_0='?' (Size = 4000)], CommandType='"Text"', CommandTimeout='30']
SELECT `c`.`Id`, `c`.`AlertId`, `c`.`Classification`, `c`.`Content`, `c`.`Lat`, `c`.`Lon`, `c`.`Priority`, `c`.`Source`, `c`.`Status`, `c`.`Timestamp`, `c`.`Title`
FROM `CenterAlerts` AS `c`
WHERE `c`.`Title` = @__title_0
LIMIT 1
2026-10-06 18:37:13 - INF - Executed DbCommand (3ms) [Parameters=[@__title_0='?' (Size = 4000)], CommandType='"Text"', CommandTimeout='30']
SELECT `o`.`Id`, `o`.`AlertId`, `o`.`Classification`, `o`.`Content`, `o`.`Lat`, `o`.`Lon`, `o`.`Priority`, `o`.`Source`, `o`.`Status`, `o`.`Timestamp`, `o`.`Title`
FROM `OverseasAlerts` AS `o`
WHERE `o`.`Title` = @__title_0
LIMIT 1
2026-10-06 18:37:13 - FTL - same Alerts to all comands! ירי רקטות וטילים
2026-10-06 18:37:19 - INF - Executed DbCommand (2ms) [Parameters=[@p0='?' (Size = 4000), @p1='?' (Size = 4000), @p2='?' (Size = 4000), @p3='?' (DbType = Double), @p4='?' (DbType = Double), @p5='?' (Size = 4000), @p6='?' (Size = 4000), @p7='?' (Size = 4000), @p8='?' (Size = 4000), @p9='?' (Size = 4000)], CommandType='"Text"', CommandTimeout='30']
INSERT INTO `NorthAlerts` (`AlertId`, `Classification`, `Content`, `Lat`, `Lon`, `Priority`, `Source`, `Status`, `Timestamp`, `Title`)
VALUES (@p0, @p1, @p2, @p3, @p4, @p5, @p6, @p7, @p8, @p9);
SELECT `Id`
FROM `NorthAlerts`
WHERE ROW_COUNT() = 1 AND `Id` = LAST_INSERT_ID();
2026-10-06 18:37:19 - INF - Executed DbCommand (1ms) [Parameters=[], CommandType='"Text"', CommandTimeout='30']
SELECT `c`.`Id`, `c`.`AlertId`, `c`.`Classification`, `c`.`Content`, `c`.`Lat`, `c`.`Lon`, `c`.`Priority`, `c`.`Source`, `c`.`Status`, `c`.`Timestamp`, `c`.`Title`
FROM `CenterAlerts` AS `c`
WHERE `c`.`Status` = 'WAITING'
LIMIT 1
2026-10-06 18:37:19 - INF - Executed DbCommand (2ms) [Parameters=[@__title_0='?' (Size = 4000)], CommandType='"Text"', CommandTimeout='30']
SELECT `s`.`Id`, `s`.`AlertId`, `s`.`Classification`, `s`.`Content`, `s`.`Lat`, `s`.`Lon`, `s`.`Priority`, `s`.`Source`, `s`.`Status`, `s`.`Timestamp`, `s`.`Title`
FROM `SouthAlerts` AS `s`
WHERE `s`.`Title` = @__title_0
LIMIT 1
2026-10-06 18:37:19 - INF - Executed DbCommand (3ms) [Parameters=[@__title_0='?' (Size = 4000)], CommandType='"Text"', CommandTimeout='30']
SELECT `n`.`Id`, `n`.`AlertId`, `n`.`Classification`, `n`.`Content`, `n`.`Lat`, `n`.`Lon`, `n`.`Priority`, `n`.`Source`, `n`.`Status`, `n`.`Timestamp`, `n`.`Title`
FROM `NorthAlerts` AS `n`
WHERE `n`.`Title` = @__title_0
LIMIT 1
2026-10-06 18:37:20 - INF - Executed DbCommand (1ms) [Parameters=[@__title_0='?' (Size = 4000)], CommandType='"Text"', CommandTimeout='30']
SELECT `o`.`Id`, `o`.`AlertId`, `o`.`Classification`, `o`.`Content`, `o`.`Lat`, `o`.`Lon`, `o`.`Priority`, `o`.`Source`, `o`.`Status`, `o`.`Timestamp`, `o`.`Title`
FROM `OverseasAlerts` AS `o`
WHERE `o`.`Title` = @__title_0
LIMIT 1
2026-10-06 18:37:22 - INF - Executed DbCommand (2ms) [Parameters=[@p0='?' (Size = 4000), @p1='?' (Size = 4000), @p2='?' (Size = 4000), @p3='?' (DbType = Double), @p4='?' (DbType = Double), @p5='?' (Size = 4000), @p6='?' (Size = 4000), @p7='?' (Size = 4000), @p8='?' (Size = 4000), @p9='?' (Size = 4000)], CommandType='"Text"', CommandTimeout='30']
INSERT INTO `CenterAlerts` (`AlertId`, `Classification`, `Content`, `Lat`, `Lon`, `Priority`, `Source`, `Status`, `Timestamp`, `Title`)
VALUES (@p0, @p1, @p2, @p3, @p4, @p5, @p6, @p7, @p8, @p9);
SELECT `Id`
FROM `CenterAlerts`
WHERE ROW_COUNT() = 1 AND `Id` = LAST_INSERT_ID();
2026-10-06 18:37:22 - INF - Executed DbCommand (2ms) [Parameters=[], CommandType='"Text"', CommandTimeout='30']
SELECT `s`.`Id`, `s`.`AlertId`, `s`.`Classification`, `s`.`Content`, `s`.`Lat`, `s`.`Lon`, `s`.`Priority`, `s`.`Source`, `s`.`Status`, `s`.`Timestamp`, `s`.`Title`
FROM `SouthAlerts` AS `s`
WHERE `s`.`Status` = 'WAITING'
LIMIT 1
2026-10-06 18:37:22 - INF - Executed DbCommand (2ms) [Parameters=[@__title_0='?' (Size = 4000)], CommandType='"Text"', CommandTimeout='30']
SELECT `c`.`Id`, `c`.`AlertId`, `c`.`Classification`, `c`.`Content`, `c`.`Lat`, `c`.`Lon`, `c`.`Priority`, `c`.`Source`, `c`.`Status`, `c`.`Timestamp`, `c`.`Title`
FROM `CenterAlerts` AS `c`
WHERE `c`.`Title` = @__title_0
LIMIT 1
2026-10-06 18:37:22 - INF - Executed DbCommand (2ms) [Parameters=[@__title_0='?' (Size = 4000)], CommandType='"Text"', CommandTimeout='30']
SELECT `n`.`Id`, `n`.`AlertId`, `n`.`Classification`, `n`.`Content`, `n`.`Lat`, `n`.`Lon`, `n`.`Priority`, `n`.`Source`, `n`.`Status`, `n`.`Timestamp`, `n`.`Title`
FROM `NorthAlerts` AS `n`
WHERE `n`.`Title` = @__title_0
LIMIT 1
2026-10-06 18:37:22 - INF - Executed DbCommand (2ms) [Parameters=[@__title_0='?' (Size = 4000)], CommandType='"Text"', CommandTimeout='30']
SELECT `o`.`Id`, `o`.`AlertId`, `o`.`Classification`, `o`.`Content`, `o`.`Lat`, `o`.`Lon`, `o`.`Priority`, `o`.`Source`, `o`.`Status`, `o`.`Timestamp`, `o`.`Title`
FROM `OverseasAlerts` AS `o`
WHERE `o`.`Title` = @__title_0
LIMIT 1
2026-10-06 18:37:29 - INF - Executed DbCommand (5ms) [Parameters=[@p0='?' (Size = 4000), @p1='?' (Size = 4000), @p2='?' (Size = 4000), @p3='?' (DbType = Double), @p4='?' (DbType = Double), @p5='?' (Size = 4000), @p6='?' (Size = 4000), @p7='?' (Size = 4000), @p8='?' (Size = 4000), @p9='?' (Size = 4000)], CommandType='"Text"', CommandTimeout='30']
INSERT INTO `SouthAlerts` (`AlertId`, `Classification`, `Content`, `Lat`, `Lon`, `Priority`, `Source`, `Status`, `Timestamp`, `Title`)
VALUES (@p0, @p1, @p2, @p3, @p4, @p5, @p6, @p7, @p8, @p9);
SELECT `Id`
FROM `SouthAlerts`
WHERE ROW_COUNT() = 1 AND `Id` = LAST_INSERT_ID();
2026-10-06 18:37:29 - INF - Executed DbCommand (1ms) [Parameters=[], CommandType='"Text"', CommandTimeout='30']
SELECT `o`.`Id`, `o`.`AlertId`, `o`.`Classification`, `o`.`Content`, `o`.`Lat`, `o`.`Lon`, `o`.`Priority`, `o`.`Source`, `o`.`Status`, `o`.`Timestamp`, `o`.`Title`
FROM `OverseasAlerts` AS `o`
WHERE `o`.`Status` = 'WAITING'
LIMIT 1
2026-10-06 18:37:29 - INF - Executed DbCommand (1ms) [Parameters=[@__title_0='?' (Size = 4000)], CommandType='"Text"', CommandTimeout='30']
SELECT `c`.`Id`, `c`.`AlertId`, `c`.`Classification`, `c`.`Content`, `c`.`Lat`, `c`.`Lon`, `c`.`Priority`, `c`.`Source`, `c`.`Status`, `c`.`Timestamp`, `c`.`Title`
FROM `CenterAlerts` AS `c`
WHERE `c`.`Title` = @__title_0
LIMIT 1
2026-10-06 18:37:29 - INF - Executed DbCommand (1ms) [Parameters=[@__title_0='?' (Size = 4000)], CommandType='"Text"', CommandTimeout='30']
SELECT `n`.`Id`, `n`.`AlertId`, `n`.`Classification`, `n`.`Content`, `n`.`Lat`, `n`.`Lon`, `n`.`Priority`, `n`.`Source`, `n`.`Status`, `n`.`Timestamp`, `n`.`Title`
FROM `NorthAlerts` AS `n`
WHERE `n`.`Title` = @__title_0
LIMIT 1
2026-10-06 18:37:29 - INF - Executed DbCommand (1ms) [Parameters=[@__title_0='?' (Size = 4000)], CommandType='"Text"', CommandTimeout='30']
SELECT `o`.`Id`, `o`.`AlertId`, `o`.`Classification`, `o`.`Content`, `o`.`Lat`, `o`.`Lon`, `o`.`Priority`, `o`.`Source`, `o`.`Status`, `o`.`Timestamp`, `o`.`Title`
FROM `OverseasAlerts` AS `o`
WHERE `o`.`Title` = @__title_0
LIMIT 1
2026-10-06 18:37:36 - INF - Executed DbCommand (2ms) [Parameters=[@p0='?' (Size = 4000), @p1='?' (Size = 4000), @p2='?' (Size = 4000), @p3='?' (DbType = Double), @p4='?' (DbType = Double), @p5='?' (Size = 4000), @p6='?' (Size = 4000), @p7='?' (Size = 4000), @p8='?' (Size = 4000), @p9='?' (Size = 4000)], CommandType='"Text"', CommandTimeout='30']
INSERT INTO `OverseasAlerts` (`AlertId`, `Classification`, `Content`, `Lat`, `Lon`, `Priority`, `Source`, `Status`, `Timestamp`, `Title`)
VALUES (@p0, @p1, @p2, @p3, @p4, @p5, @p6, @p7, @p8, @p9);
SELECT `Id`
FROM `OverseasAlerts`
WHERE ROW_COUNT() = 1 AND `Id` = LAST_INSERT_ID();
2026-10-06 18:37:36 - INF - Executed DbCommand (2ms) [Parameters=[], CommandType='"Text"', CommandTimeout='30']
SELECT `n`.`Id`, `n`.`AlertId`, `n`.`Classification`, `n`.`Content`, `n`.`Lat`, `n`.`Lon`, `n`.`Priority`, `n`.`Source`, `n`.`Status`, `n`.`Timestamp`, `n`.`Title`
FROM `NorthAlerts` AS `n`
WHERE `n`.`Status` = 'WAITING'
LIMIT 1
2026-10-06 18:37:36 - INF - Executed DbCommand (2ms) [Parameters=[@__title_0='?' (Size = 4000)], CommandType='"Text"', CommandTimeout='30']
SELECT `s`.`Id`, `s`.`AlertId`, `s`.`Classification`, `s`.`Content`, `s`.`Lat`, `s`.`Lon`, `s`.`Priority`, `s`.`Source`, `s`.`Status`, `s`.`Timestamp`, `s`.`Title`
FROM `SouthAlerts` AS `s`
WHERE `s`.`Title` = @__title_0
LIMIT 1
2026-10-06 18:37:36 - INF - Executed DbCommand (2ms) [Parameters=[@__title_0='?' (Size = 4000)], CommandType='"Text"', CommandTimeout='30']
SELECT `c`.`Id`, `c`.`AlertId`, `c`.`Classification`, `c`.`Content`, `c`.`Lat`, `c`.`Lon`, `c`.`Priority`, `c`.`Source`, `c`.`Status`, `c`.`Timestamp`, `c`.`Title`
FROM `CenterAlerts` AS `c`
WHERE `c`.`Title` = @__title_0
LIMIT 1
2026-10-06 18:37:36 - INF - Executed DbCommand (2ms) [Parameters=[@__title_0='?' (Size = 4000)], CommandType='"Text"', CommandTimeout='30']
SELECT `o`.`Id`, `o`.`AlertId`, `o`.`Classification`, `o`.`Content`, `o`.`Lat`, `o`.`Lon`, `o`.`Priority`, `o`.`Source`, `o`.`Status`, `o`.`Timestamp`, `o`.`Title`
FROM `OverseasAlerts` AS `o`
WHERE `o`.`Title` = @__title_0
LIMIT 1
2026-10-06 18:37:36 - FTL - same Alerts to all comands! ירי רקטות וטילים
2026-10-06 18:37:42 - INF - Executed DbCommand (4ms) [Parameters=[@p0='?' (Size = 4000), @p1='?' (Size = 4000), @p2='?' (Size = 4000), @p3='?' (DbType = Double), @p4='?' (DbType = Double), @p5='?' (Size = 4000), @p6='?' (Size = 4000), @p7='?' (Size = 4000), @p8='?' (Size = 4000), @p9='?' (Size = 4000)], CommandType='"Text"', CommandTimeout='30']
INSERT INTO `NorthAlerts` (`AlertId`, `Classification`, `Content`, `Lat`, `Lon`, `Priority`, `Source`, `Status`, `Timestamp`, `Title`)
VALUES (@p0, @p1, @p2, @p3, @p4, @p5, @p6, @p7, @p8, @p9);
SELECT `Id`
FROM `NorthAlerts`
WHERE ROW_COUNT() = 1 AND `Id` = LAST_INSERT_ID();
2026-10-06 18:37:42 - INF - Executed DbCommand (3ms) [Parameters=[], CommandType='"Text"', CommandTimeout='30']
SELECT `c`.`Id`, `c`.`AlertId`, `c`.`Classification`, `c`.`Content`, `c`.`Lat`, `c`.`Lon`, `c`.`Priority`, `c`.`Source`, `c`.`Status`, `c`.`Timestamp`, `c`.`Title`
FROM `CenterAlerts` AS `c`
WHERE `c`.`Status` = 'WAITING'
LIMIT 1
2026-10-06 18:37:42 - INF - Executed DbCommand (3ms) [Parameters=[@__title_0='?' (Size = 4000)], CommandType='"Text"', CommandTimeout='30']
SELECT `s`.`Id`, `s`.`AlertId`, `s`.`Classification`, `s`.`Content`, `s`.`Lat`, `s`.`Lon`, `s`.`Priority`, `s`.`Source`, `s`.`Status`, `s`.`Timestamp`, `s`.`Title`
FROM `SouthAlerts` AS `s`
WHERE `s`.`Title` = @__title_0
LIMIT 1
2026-10-06 18:37:42 - INF - Executed DbCommand (3ms) [Parameters=[@__title_0='?' (Size = 4000)], CommandType='"Text"', CommandTimeout='30']
SELECT `n`.`Id`, `n`.`AlertId`, `n`.`Classification`, `n`.`Content`, `n`.`Lat`, `n`.`Lon`, `n`.`Priority`, `n`.`Source`, `n`.`Status`, `n`.`Timestamp`, `n`.`Title`
FROM `NorthAlerts` AS `n`
WHERE `n`.`Title` = @__title_0
LIMIT 1
2026-10-06 18:37:42 - INF - Executed DbCommand (3ms) [Parameters=[@__title_0='?' (Size = 4000)], CommandType='"Text"', CommandTimeout='30']
SELECT `o`.`Id`, `o`.`AlertId`, `o`.`Classification`, `o`.`Content`, `o`.`Lat`, `o`.`Lon`, `o`.`Priority`, `o`.`Source`, `o`.`Status`, `o`.`Timestamp`, `o`.`Title`
FROM `OverseasAlerts` AS `o`
WHERE `o`.`Title` = @__title_0
LIMIT 1
2026-10-06 18:37:44 - INF - Executed DbCommand (1ms) [Parameters=[@p0='?' (Size = 4000), @p1='?' (Size = 4000), @p2='?' (Size = 4000), @p3='?' (DbType = Double), @p4='?' (DbType = Double), @p5='?' (Size = 4000), @p6='?' (Size = 4000), @p7='?' (Size = 4000), @p8='?' (Size = 4000), @p9='?' (Size = 4000)], CommandType='"Text"', CommandTimeout='30']
INSERT INTO `CenterAlerts` (`AlertId`, `Classification`, `Content`, `Lat`, `Lon`, `Priority`, `Source`, `Status`, `Timestamp`, `Title`)
VALUES (@p0, @p1, @p2, @p3, @p4, @p5, @p6, @p7, @p8, @p9);
SELECT `Id`
FROM `CenterAlerts`
WHERE ROW_COUNT() = 1 AND `Id` = LAST_INSERT_ID();
2026-10-06 18:37:44 - INF - Executed DbCommand (2ms) [Parameters=[], CommandType='"Text"', CommandTimeout='30']
SELECT `s`.`Id`, `s`.`AlertId`, `s`.`Classification`, `s`.`Content`, `s`.`Lat`, `s`.`Lon`, `s`.`Priority`, `s`.`Source`, `s`.`Status`, `s`.`Timestamp`, `s`.`Title`
FROM `SouthAlerts` AS `s`
WHERE `s`.`Status` = 'WAITING'
LIMIT 1
2026-10-06 18:37:44 - INF - Executed DbCommand (2ms) [Parameters=[@__title_0='?' (Size = 4000)], CommandType='"Text"', CommandTimeout='30']
SELECT `c`.`Id`, `c`.`AlertId`, `c`.`Classification`, `c`.`Content`, `c`.`Lat`, `c`.`Lon`, `c`.`Priority`, `c`.`Source`, `c`.`Status`, `c`.`Timestamp`, `c`.`Title`
FROM `CenterAlerts` AS `c`
WHERE `c`.`Title` = @__title_0
LIMIT 1
2026-10-06 18:37:44 - INF - Executed DbCommand (2ms) [Parameters=[@__title_0='?' (Size = 4000)], CommandType='"Text"', CommandTimeout='30']
SELECT `n`.`Id`, `n`.`AlertId`, `n`.`Classification`, `n`.`Content`, `n`.`Lat`, `n`.`Lon`, `n`.`Priority`, `n`.`Source`, `n`.`Status`, `n`.`Timestamp`, `n`.`Title`
FROM `NorthAlerts` AS `n`
WHERE `n`.`Title` = @__title_0
LIMIT 1
2026-10-06 18:37:44 - INF - Executed DbCommand (2ms) [Parameters=[@__title_0='?' (Size = 4000)], CommandType='"Text"', CommandTimeout='30']
SELECT `o`.`Id`, `o`.`AlertId`, `o`.`Classification`, `o`.`Content`, `o`.`Lat`, `o`.`Lon`, `o`.`Priority`, `o`.`Source`, `o`.`Status`, `o`.`Timestamp`, `o`.`Title`
FROM `OverseasAlerts` AS `o`
WHERE `o`.`Title` = @__title_0
LIMIT 1
2026-10-06 18:37:51 - INF - Executed DbCommand (2ms) [Parameters=[@p0='?' (Size = 4000), @p1='?' (Size = 4000), @p2='?' (Size = 4000), @p3='?' (DbType = Double), @p4='?' (DbType = Double), @p5='?' (Size = 4000), @p6='?' (Size = 4000), @p7='?' (Size = 4000), @p8='?' (Size = 4000), @p9='?' (Size = 4000)], CommandType='"Text"', CommandTimeout='30']
INSERT INTO `SouthAlerts` (`AlertId`, `Classification`, `Content`, `Lat`, `Lon`, `Priority`, `Source`, `Status`, `Timestamp`, `Title`)
VALUES (@p0, @p1, @p2, @p3, @p4, @p5, @p6, @p7, @p8, @p9);
SELECT `Id`
FROM `SouthAlerts`
WHERE ROW_COUNT() = 1 AND `Id` = LAST_INSERT_ID();
2026-10-06 18:37:51 - INF - Executed DbCommand (2ms) [Parameters=[], CommandType='"Text"', CommandTimeout='30']
SELECT `o`.`Id`, `o`.`AlertId`, `o`.`Classification`, `o`.`Content`, `o`.`Lat`, `o`.`Lon`, `o`.`Priority`, `o`.`Source`, `o`.`Status`, `o`.`Timestamp`, `o`.`Title`
FROM `OverseasAlerts` AS `o`
WHERE `o`.`Status` = 'WAITING'
LIMIT 1
2026-10-06 18:37:51 - INF - Executed DbCommand (2ms) [Parameters=[@__title_0='?' (Size = 4000)], CommandType='"Text"', CommandTimeout='30']
SELECT `c`.`Id`, `c`.`AlertId`, `c`.`Classification`, `c`.`Content`, `c`.`Lat`, `c`.`Lon`, `c`.`Priority`, `c`.`Source`, `c`.`Status`, `c`.`Timestamp`, `c`.`Title`
FROM `CenterAlerts` AS `c`
WHERE `c`.`Title` = @__title_0
LIMIT 1
2026-10-06 18:37:51 - INF - Executed DbCommand (2ms) [Parameters=[@__title_0='?' (Size = 4000)], CommandType='"Text"', CommandTimeout='30']
SELECT `n`.`Id`, `n`.`AlertId`, `n`.`Classification`, `n`.`Content`, `n`.`Lat`, `n`.`Lon`, `n`.`Priority`, `n`.`Source`, `n`.`Status`, `n`.`Timestamp`, `n`.`Title`
FROM `NorthAlerts` AS `n`
WHERE `n`.`Title` = @__title_0
LIMIT 1
2026-10-06 18:37:51 - INF - Executed DbCommand (2ms) [Parameters=[@__title_0='?' (Size = 4000)], CommandType='"Text"', CommandTimeout='30']
SELECT `o`.`Id`, `o`.`AlertId`, `o`.`Classification`, `o`.`Content`, `o`.`Lat`, `o`.`Lon`, `o`.`Priority`, `o`.`Source`, `o`.`Status`, `o`.`Timestamp`, `o`.`Title`
FROM `OverseasAlerts` AS `o`
WHERE `o`.`Title` = @__title_0
LIMIT 1
2026-10-06 18:37:58 - INF - Executed DbCommand (2ms) [Parameters=[@p0='?' (Size = 4000), @p1='?' (Size = 4000), @p2='?' (Size = 4000), @p3='?' (DbType = Double), @p4='?' (DbType = Double), @p5='?' (Size = 4000), @p6='?' (Size = 4000), @p7='?' (Size = 4000), @p8='?' (Size = 4000), @p9='?' (Size = 4000)], CommandType='"Text"', CommandTimeout='30']
INSERT INTO `OverseasAlerts` (`AlertId`, `Classification`, `Content`, `Lat`, `Lon`, `Priority`, `Source`, `Status`, `Timestamp`, `Title`)
VALUES (@p0, @p1, @p2, @p3, @p4, @p5, @p6, @p7, @p8, @p9);
SELECT `Id`
FROM `OverseasAlerts`
WHERE ROW_COUNT() = 1 AND `Id` = LAST_INSERT_ID();
2026-10-06 18:37:58 - INF - Executed DbCommand (2ms) [Parameters=[], CommandType='"Text"', CommandTimeout='30']
SELECT `n`.`Id`, `n`.`AlertId`, `n`.`Classification`, `n`.`Content`, `n`.`Lat`, `n`.`Lon`, `n`.`Priority`, `n`.`Source`, `n`.`Status`, `n`.`Timestamp`, `n`.`Title`
FROM `NorthAlerts` AS `n`
WHERE `n`.`Status` = 'WAITING'
LIMIT 1
2026-10-06 18:37:58 - INF - Executed DbCommand (2ms) [Parameters=[@__title_0='?' (Size = 4000)], CommandType='"Text"', CommandTimeout='30']
SELECT `s`.`Id`, `s`.`AlertId`, `s`.`Classification`, `s`.`Content`, `s`.`Lat`, `s`.`Lon`, `s`.`Priority`, `s`.`Source`, `s`.`Status`, `s`.`Timestamp`, `s`.`Title`
FROM `SouthAlerts` AS `s`
WHERE `s`.`Title` = @__title_0
LIMIT 1
2026-10-06 18:37:58 - INF - Executed DbCommand (2ms) [Parameters=[@__title_0='?' (Size = 4000)], CommandType='"Text"', CommandTimeout='30']
SELECT `c`.`Id`, `c`.`AlertId`, `c`.`Classification`, `c`.`Content`, `c`.`Lat`, `c`.`Lon`, `c`.`Priority`, `c`.`Source`, `c`.`Status`, `c`.`Timestamp`, `c`.`Title`
FROM `CenterAlerts` AS `c`
WHERE `c`.`Title` = @__title_0
LIMIT 1
2026-10-06 18:37:58 - INF - Executed DbCommand (2ms) [Parameters=[@__title_0='?' (Size = 4000)], CommandType='"Text"', CommandTimeout='30']
SELECT `o`.`Id`, `o`.`AlertId`, `o`.`Classification`, `o`.`Content`, `o`.`Lat`, `o`.`Lon`, `o`.`Priority`, `o`.`Source`, `o`.`Status`, `o`.`Timestamp`, `o`.`Title`
FROM `OverseasAlerts` AS `o`
WHERE `o`.`Title` = @__title_0
LIMIT 1
2026-10-06 18:37:58 - FTL - same Alerts to all comands! ירי רקטות וטילים
2026-10-06 18:38:04 - INF - Executed DbCommand (2ms) [Parameters=[@p0='?' (Size = 4000), @p1='?' (Size = 4000), @p2='?' (Size = 4000), @p3='?' (DbType = Double), @p4='?' (DbType = Double), @p5='?' (Size = 4000), @p6='?' (Size = 4000), @p7='?' (Size = 4000), @p8='?' (Size = 4000), @p9='?' (Size = 4000)], CommandType='"Text"', CommandTimeout='30']
INSERT INTO `NorthAlerts` (`AlertId`, `Classification`, `Content`, `Lat`, `Lon`, `Priority`, `Source`, `Status`, `Timestamp`, `Title`)
VALUES (@p0, @p1, @p2, @p3, @p4, @p5, @p6, @p7, @p8, @p9);
SELECT `Id`
FROM `NorthAlerts`
WHERE ROW_COUNT() = 1 AND `Id` = LAST_INSERT_ID();
2026-10-06 18:38:04 - INF - Executed DbCommand (2ms) [Parameters=[], CommandType='"Text"', CommandTimeout='30']
SELECT `c`.`Id`, `c`.`AlertId`, `c`.`Classification`, `c`.`Content`, `c`.`Lat`, `c`.`Lon`, `c`.`Priority`, `c`.`Source`, `c`.`Status`, `c`.`Timestamp`, `c`.`Title`
FROM `CenterAlerts` AS `c`
WHERE `c`.`Status` = 'WAITING'
LIMIT 1
2026-10-06 18:38:04 - INF - Executed DbCommand (2ms) [Parameters=[@__title_0='?' (Size = 4000)], CommandType='"Text"', CommandTimeout='30']
SELECT `s`.`Id`, `s`.`AlertId`, `s`.`Classification`, `s`.`Content`, `s`.`Lat`, `s`.`Lon`, `s`.`Priority`, `s`.`Source`, `s`.`Status`, `s`.`Timestamp`, `s`.`Title`
FROM `SouthAlerts` AS `s`
WHERE `s`.`Title` = @__title_0
LIMIT 1
2026-10-06 18:38:04 - INF - Executed DbCommand (2ms) [Parameters=[@__title_0='?' (Size = 4000)], CommandType='"Text"', CommandTimeout='30']
SELECT `n`.`Id`, `n`.`AlertId`, `n`.`Classification`, `n`.`Content`, `n`.`Lat`, `n`.`Lon`, `n`.`Priority`, `n`.`Source`, `n`.`Status`, `n`.`Timestamp`, `n`.`Title`
FROM `NorthAlerts` AS `n`
WHERE `n`.`Title` = @__title_0
LIMIT 1
2026-10-06 18:38:04 - INF - Executed DbCommand (3ms) [Parameters=[@__title_0='?' (Size = 4000)], CommandType='"Text"', CommandTimeout='30']
SELECT `o`.`Id`, `o`.`AlertId`, `o`.`Classification`, `o`.`Content`, `o`.`Lat`, `o`.`Lon`, `o`.`Priority`, `o`.`Source`, `o`.`Status`, `o`.`Timestamp`, `o`.`Title`
FROM `OverseasAlerts` AS `o`
WHERE `o`.`Title` = @__title_0
LIMIT 1
2026-10-06 18:38:06 - INF - Executed DbCommand (3ms) [Parameters=[@p0='?' (Size = 4000), @p1='?' (Size = 4000), @p2='?' (Size = 4000), @p3='?' (DbType = Double), @p4='?' (DbType = Double), @p5='?' (Size = 4000), @p6='?' (Size = 4000), @p7='?' (Size = 4000), @p8='?' (Size = 4000), @p9='?' (Size = 4000)], CommandType='"Text"', CommandTimeout='30']
INSERT INTO `CenterAlerts` (`AlertId`, `Classification`, `Content`, `Lat`, `Lon`, `Priority`, `Source`, `Status`, `Timestamp`, `Title`)
VALUES (@p0, @p1, @p2, @p3, @p4, @p5, @p6, @p7, @p8, @p9);
SELECT `Id`
FROM `CenterAlerts`
WHERE ROW_COUNT() = 1 AND `Id` = LAST_INSERT_ID();
2026-10-06 18:38:06 - INF - Executed DbCommand (3ms) [Parameters=[], CommandType='"Text"', CommandTimeout='30']
SELECT `s`.`Id`, `s`.`AlertId`, `s`.`Classification`, `s`.`Content`, `s`.`Lat`, `s`.`Lon`, `s`.`Priority`, `s`.`Source`, `s`.`Status`, `s`.`Timestamp`, `s`.`Title`
FROM `SouthAlerts` AS `s`
WHERE `s`.`Status` = 'WAITING'
LIMIT 1
2026-10-06 18:38:06 - INF - Executed DbCommand (3ms) [Parameters=[@__title_0='?' (Size = 4000)], CommandType='"Text"', CommandTimeout='30']
SELECT `c`.`Id`, `c`.`AlertId`, `c`.`Classification`, `c`.`Content`, `c`.`Lat`, `c`.`Lon`, `c`.`Priority`, `c`.`Source`, `c`.`Status`, `c`.`Timestamp`, `c`.`Title`
FROM `CenterAlerts` AS `c`
WHERE `c`.`Title` = @__title_0
LIMIT 1
2026-10-06 18:38:06 - INF - Executed DbCommand (2ms) [Parameters=[@__title_0='?' (Size = 4000)], CommandType='"Text"', CommandTimeout='30']
SELECT `n`.`Id`, `n`.`AlertId`, `n`.`Classification`, `n`.`Content`, `n`.`Lat`, `n`.`Lon`, `n`.`Priority`, `n`.`Source`, `n`.`Status`, `n`.`Timestamp`, `n`.`Title`
FROM `NorthAlerts` AS `n`
WHERE `n`.`Title` = @__title_0
LIMIT 1
2026-10-06 18:38:06 - INF - Executed DbCommand (3ms) [Parameters=[@__title_0='?' (Size = 4000)], CommandType='"Text"', CommandTimeout='30']
SELECT `o`.`Id`, `o`.`AlertId`, `o`.`Classification`, `o`.`Content`, `o`.`Lat`, `o`.`Lon`, `o`.`Priority`, `o`.`Source`, `o`.`Status`, `o`.`Timestamp`, `o`.`Title`
FROM `OverseasAlerts` AS `o`
WHERE `o`.`Title` = @__title_0
LIMIT 1
2026-10-06 18:38:17 - ERR - An error occurred using the connection to database 'CommandCenterDb' on server 'localhost'.
2026-10-06 18:38:17 - ERR - An exception occurred in the database while saving changes for context type 'TaskManager.Data.TaskManegerDbContext'.
System.InvalidOperationException: An exception has been raised that is likely due to a transient failure. Consider enabling transient error resiliency by adding 'EnableRetryOnFailure()' to the 'UseMySql' call.
 ---> MySqlConnector.MySqlException (0x80004005): Unable to connect to any of the specified MySQL hosts.
   at MySqlConnector.Core.ServerSession.OpenTcpSocketAsync(ConnectionSettings cs, ILoadBalancer loadBalancer, Activity activity, IOBehavior ioBehavior, CancellationToken cancellationToken) in /_/src/MySqlConnector/Core/ServerSession.cs:line 1063
   at MySqlConnector.Core.ServerSession.ConnectAsync(ConnectionSettings cs, MySqlConnection connection, Int64 startingTimestamp, ILoadBalancer loadBalancer, Activity activity, IOBehavior ioBehavior, CancellationToken cancellationToken) in /_/src/MySqlConnector/Core/ServerSession.cs:line 425
   at MySqlConnector.Core.ConnectionPool.ConnectSessionAsync(MySqlConnection connection, Action`4 logMessage, Int64 startingTimestamp, Activity activity, IOBehavior ioBehavior, CancellationToken cancellationToken) in /_/src/MySqlConnector/Core/ConnectionPool.cs:line 428
   at MySqlConnector.Core.ConnectionPool.ConnectSessionAsync(MySqlConnection connection, Action`4 logMessage, Int64 startingTimestamp, Activity activity, IOBehavior ioBehavior, CancellationToken cancellationToken) in /_/src/MySqlConnector/Core/ConnectionPool.cs:line 433
   at MySqlConnector.Core.ConnectionPool.GetSessionAsync(MySqlConnection connection, Int64 startingTimestamp, Int32 timeoutMilliseconds, Activity activity, IOBehavior ioBehavior, CancellationToken cancellationToken) in /_/src/MySqlConnector/Core/ConnectionPool.cs:line 111
   at MySqlConnector.Core.ConnectionPool.GetSessionAsync(MySqlConnection connection, Int64 startingTimestamp, Int32 timeoutMilliseconds, Activity activity, IOBehavior ioBehavior, CancellationToken cancellationToken) in /_/src/MySqlConnector/Core/ConnectionPool.cs:line 144
   at MySqlConnector.MySqlConnection.CreateSessionAsync(ConnectionPool pool, Int64 startingTimestamp, Activity activity, Nullable`1 ioBehavior, CancellationToken cancellationToken) in /_/src/MySqlConnector/MySqlConnection.cs:line 919
   at MySqlConnector.MySqlConnection.OpenAsync(Nullable`1 ioBehavior, CancellationToken cancellationToken) in /_/src/MySqlConnector/MySqlConnection.cs:line 419
   at Microsoft.EntityFrameworkCore.Storage.RelationalConnection.OpenInternalAsync(Boolean errorsExpected, CancellationToken cancellationToken)
   at Microsoft.EntityFrameworkCore.Storage.RelationalConnection.OpenInternalAsync(Boolean errorsExpected, CancellationToken cancellationToken)
   at Microsoft.EntityFrameworkCore.Storage.RelationalConnection.OpenAsync(CancellationToken cancellationToken, Boolean errorsExpected)
   at Pomelo.EntityFrameworkCore.MySql.Storage.Internal.MySqlRelationalConnection.OpenAsync(CancellationToken cancellationToken, Boolean errorsExpected)
   at Microsoft.EntityFrameworkCore.Storage.RelationalConnection.BeginTransactionAsync(IsolationLevel isolationLevel, CancellationToken cancellationToken)
   at Microsoft.EntityFrameworkCore.Storage.RelationalConnection.BeginTransactionAsync(CancellationToken cancellationToken)
   at Microsoft.EntityFrameworkCore.Update.Internal.BatchExecutor.ExecuteAsync(IEnumerable`1 commandBatches, IRelationalConnection connection, CancellationToken cancellationToken)
   at Microsoft.EntityFrameworkCore.Update.Internal.BatchExecutor.ExecuteAsync(IEnumerable`1 commandBatches, IRelationalConnection connection, CancellationToken cancellationToken)
   at Microsoft.EntityFrameworkCore.Update.Internal.BatchExecutor.ExecuteAsync(IEnumerable`1 commandBatches, IRelationalConnection connection, CancellationToken cancellationToken)
   at Microsoft.EntityFrameworkCore.ChangeTracking.Internal.StateManager.SaveChangesAsync(IList`1 entriesToSave, CancellationToken cancellationToken)
   at Microsoft.EntityFrameworkCore.ChangeTracking.Internal.StateManager.SaveChangesAsync(StateManager stateManager, Boolean acceptAllChangesOnSuccess, CancellationToken cancellationToken)
   at Pomelo.EntityFrameworkCore.MySql.Storage.Internal.MySqlExecutionStrategy.ExecuteAsync[TState,TResult](TState state, Func`4 operation, Func`4 verifySucceeded, CancellationToken cancellationToken)
   --- End of inner exception stack trace ---
   at Pomelo.EntityFrameworkCore.MySql.Storage.Internal.MySqlExecutionStrategy.ExecuteAsync[TState,TResult](TState state, Func`4 operation, Func`4 verifySucceeded, CancellationToken cancellationToken)
   at Microsoft.EntityFrameworkCore.DbContext.SaveChangesAsync(Boolean acceptAllChangesOnSuccess, CancellationToken cancellationToken)
System.InvalidOperationException: An exception has been raised that is likely due to a transient failure. Consider enabling transient error resiliency by adding 'EnableRetryOnFailure()' to the 'UseMySql' call.
 ---> MySqlConnector.MySqlException (0x80004005): Unable to connect to any of the specified MySQL hosts.
   at MySqlConnector.Core.ServerSession.OpenTcpSocketAsync(ConnectionSettings cs, ILoadBalancer loadBalancer, Activity activity, IOBehavior ioBehavior, CancellationToken cancellationToken) in /_/src/MySqlConnector/Core/ServerSession.cs:line 1063
   at MySqlConnector.Core.ServerSession.ConnectAsync(ConnectionSettings cs, MySqlConnection connection, Int64 startingTimestamp, ILoadBalancer loadBalancer, Activity activity, IOBehavior ioBehavior, CancellationToken cancellationToken) in /_/src/MySqlConnector/Core/ServerSession.cs:line 425
   at MySqlConnector.Core.ConnectionPool.ConnectSessionAsync(MySqlConnection connection, Action`4 logMessage, Int64 startingTimestamp, Activity activity, IOBehavior ioBehavior, CancellationToken cancellationToken) in /_/src/MySqlConnector/Core/ConnectionPool.cs:line 428
   at MySqlConnector.Core.ConnectionPool.ConnectSessionAsync(MySqlConnection connection, Action`4 logMessage, Int64 startingTimestamp, Activity activity, IOBehavior ioBehavior, CancellationToken cancellationToken) in /_/src/MySqlConnector/Core/ConnectionPool.cs:line 433
   at MySqlConnector.Core.ConnectionPool.GetSessionAsync(MySqlConnection connection, Int64 startingTimestamp, Int32 timeoutMilliseconds, Activity activity, IOBehavior ioBehavior, CancellationToken cancellationToken) in /_/src/MySqlConnector/Core/ConnectionPool.cs:line 111
   at MySqlConnector.Core.ConnectionPool.GetSessionAsync(MySqlConnection connection, Int64 startingTimestamp, Int32 timeoutMilliseconds, Activity activity, IOBehavior ioBehavior, CancellationToken cancellationToken) in /_/src/MySqlConnector/Core/ConnectionPool.cs:line 144
   at MySqlConnector.MySqlConnection.CreateSessionAsync(ConnectionPool pool, Int64 startingTimestamp, Activity activity, Nullable`1 ioBehavior, CancellationToken cancellationToken) in /_/src/MySqlConnector/MySqlConnection.cs:line 919
   at MySqlConnector.MySqlConnection.OpenAsync(Nullable`1 ioBehavior, CancellationToken cancellationToken) in /_/src/MySqlConnector/MySqlConnection.cs:line 419
   at Microsoft.EntityFrameworkCore.Storage.RelationalConnection.OpenInternalAsync(Boolean errorsExpected, CancellationToken cancellationToken)
   at Microsoft.EntityFrameworkCore.Storage.RelationalConnection.OpenInternalAsync(Boolean errorsExpected, CancellationToken cancellationToken)
   at Microsoft.EntityFrameworkCore.Storage.RelationalConnection.OpenAsync(CancellationToken cancellationToken, Boolean errorsExpected)
   at Pomelo.EntityFrameworkCore.MySql.Storage.Internal.MySqlRelationalConnection.OpenAsync(CancellationToken cancellationToken, Boolean errorsExpected)
   at Microsoft.EntityFrameworkCore.Storage.RelationalConnection.BeginTransactionAsync(IsolationLevel isolationLevel, CancellationToken cancellationToken)
   at Microsoft.EntityFrameworkCore.Storage.RelationalConnection.BeginTransactionAsync(CancellationToken cancellationToken)
   at Microsoft.EntityFrameworkCore.Update.Internal.BatchExecutor.ExecuteAsync(IEnumerable`1 commandBatches, IRelationalConnection connection, CancellationToken cancellationToken)
   at Microsoft.EntityFrameworkCore.Update.Internal.BatchExecutor.ExecuteAsync(IEnumerable`1 commandBatches, IRelationalConnection connection, CancellationToken cancellationToken)
   at Microsoft.EntityFrameworkCore.Update.Internal.BatchExecutor.ExecuteAsync(IEnumerable`1 commandBatches, IRelationalConnection connection, CancellationToken cancellationToken)
   at Microsoft.EntityFrameworkCore.ChangeTracking.Internal.StateManager.SaveChangesAsync(IList`1 entriesToSave, CancellationToken cancellationToken)
   at Microsoft.EntityFrameworkCore.ChangeTracking.Internal.StateManager.SaveChangesAsync(StateManager stateManager, Boolean acceptAllChangesOnSuccess, CancellationToken cancellationToken)
   at Pomelo.EntityFrameworkCore.MySql.Storage.Internal.MySqlExecutionStrategy.ExecuteAsync[TState,TResult](TState state, Func`4 operation, Func`4 verifySucceeded, CancellationToken cancellationToken)
   --- End of inner exception stack trace ---
   at Pomelo.EntityFrameworkCore.MySql.Storage.Internal.MySqlExecutionStrategy.ExecuteAsync[TState,TResult](TState state, Func`4 operation, Func`4 verifySucceeded, CancellationToken cancellationToken)
   at Microsoft.EntityFrameworkCore.DbContext.SaveChangesAsync(Boolean acceptAllChangesOnSuccess, CancellationToken cancellationToken)
2026-10-06 18:38:17 - ERR - Error while processing alerts: System.InvalidOperationException: An exception has been raised that is likely due to a transient failure. Consider enabling transient error resiliency by adding 'EnableRetryOnFailure()' to the 'UseMySql' call.
 ---> MySqlConnector.MySqlException (0x80004005): Unable to connect to any of the specified MySQL hosts.
   at MySqlConnector.Core.ServerSession.OpenTcpSocketAsync(ConnectionSettings cs, ILoadBalancer loadBalancer, Activity activity, IOBehavior ioBehavior, CancellationToken cancellationToken) in /_/src/MySqlConnector/Core/ServerSession.cs:line 1063
   at MySqlConnector.Core.ServerSession.ConnectAsync(ConnectionSettings cs, MySqlConnection connection, Int64 startingTimestamp, ILoadBalancer loadBalancer, Activity activity, IOBehavior ioBehavior, CancellationToken cancellationToken) in /_/src/MySqlConnector/Core/ServerSession.cs:line 425
   at MySqlConnector.Core.ConnectionPool.ConnectSessionAsync(MySqlConnection connection, Action`4 logMessage, Int64 startingTimestamp, Activity activity, IOBehavior ioBehavior, CancellationToken cancellationToken) in /_/src/MySqlConnector/Core/ConnectionPool.cs:line 428
   at MySqlConnector.Core.ConnectionPool.ConnectSessionAsync(MySqlConnection connection, Action`4 logMessage, Int64 startingTimestamp, Activity activity, IOBehavior ioBehavior, CancellationToken cancellationToken) in /_/src/MySqlConnector/Core/ConnectionPool.cs:line 433
   at MySqlConnector.Core.ConnectionPool.GetSessionAsync(MySqlConnection connection, Int64 startingTimestamp, Int32 timeoutMilliseconds, Activity activity, IOBehavior ioBehavior, CancellationToken cancellationToken) in /_/src/MySqlConnector/Core/ConnectionPool.cs:line 111
   at MySqlConnector.Core.ConnectionPool.GetSessionAsync(MySqlConnection connection, Int64 startingTimestamp, Int32 timeoutMilliseconds, Activity activity, IOBehavior ioBehavior, CancellationToken cancellationToken) in /_/src/MySqlConnector/Core/ConnectionPool.cs:line 144
   at MySqlConnector.MySqlConnection.CreateSessionAsync(ConnectionPool pool, Int64 startingTimestamp, Activity activity, Nullable`1 ioBehavior, CancellationToken cancellationToken) in /_/src/MySqlConnector/MySqlConnection.cs:line 919
   at MySqlConnector.MySqlConnection.OpenAsync(Nullable`1 ioBehavior, CancellationToken cancellationToken) in /_/src/MySqlConnector/MySqlConnection.cs:line 419
   at Microsoft.EntityFrameworkCore.Storage.RelationalConnection.OpenInternalAsync(Boolean errorsExpected, CancellationToken cancellationToken)
   at Microsoft.EntityFrameworkCore.Storage.RelationalConnection.OpenInternalAsync(Boolean errorsExpected, CancellationToken cancellationToken)
   at Microsoft.EntityFrameworkCore.Storage.RelationalConnection.OpenAsync(CancellationToken cancellationToken, Boolean errorsExpected)
   at Pomelo.EntityFrameworkCore.MySql.Storage.Internal.MySqlRelationalConnection.OpenAsync(CancellationToken cancellationToken, Boolean errorsExpected)
   at Microsoft.EntityFrameworkCore.Storage.RelationalConnection.BeginTransactionAsync(IsolationLevel isolationLevel, CancellationToken cancellationToken)
   at Microsoft.EntityFrameworkCore.Storage.RelationalConnection.BeginTransactionAsync(CancellationToken cancellationToken)
   at Microsoft.EntityFrameworkCore.Update.Internal.BatchExecutor.ExecuteAsync(IEnumerable`1 commandBatches, IRelationalConnection connection, CancellationToken cancellationToken)
   at Microsoft.EntityFrameworkCore.Update.Internal.BatchExecutor.ExecuteAsync(IEnumerable`1 commandBatches, IRelationalConnection connection, CancellationToken cancellationToken)
   at Microsoft.EntityFrameworkCore.Update.Internal.BatchExecutor.ExecuteAsync(IEnumerable`1 commandBatches, IRelationalConnection connection, CancellationToken cancellationToken)
   at Microsoft.EntityFrameworkCore.ChangeTracking.Internal.StateManager.SaveChangesAsync(IList`1 entriesToSave, CancellationToken cancellationToken)
   at Microsoft.EntityFrameworkCore.ChangeTracking.Internal.StateManager.SaveChangesAsync(StateManager stateManager, Boolean acceptAllChangesOnSuccess, CancellationToken cancellationToken)
   at Pomelo.EntityFrameworkCore.MySql.Storage.Internal.MySqlExecutionStrategy.ExecuteAsync[TState,TResult](TState state, Func`4 operation, Func`4 verifySucceeded, CancellationToken cancellationToken)
   --- End of inner exception stack trace ---
   at Pomelo.EntityFrameworkCore.MySql.Storage.Internal.MySqlExecutionStrategy.ExecuteAsync[TState,TResult](TState state, Func`4 operation, Func`4 verifySucceeded, CancellationToken cancellationToken)
   at Microsoft.EntityFrameworkCore.DbContext.SaveChangesAsync(Boolean acceptAllChangesOnSuccess, CancellationToken cancellationToken)
   at Microsoft.EntityFrameworkCore.DbContext.SaveChangesAsync(Boolean acceptAllChangesOnSuccess, CancellationToken cancellationToken)
   at CommandDb.Handlers.SqlHandler.Execute() in C:\Users\Yonil\source\repos\KolAman\TaskManager\Handlers\SqlHandler.cs:line 176
   at TaskManager.TaskManagerService.ManageTasksAsync.ExecuteAsync(CancellationToken stoppingToken) in C:\Users\Yonil\source\repos\KolAman\TaskManager\TaskManagerService\ManageTasksAsync.cs:line 42
